Workbook

Sheet padi sawah
A2: DATA LUAS TANAM PADI (SAWAH) PER BULAN
A3: KOTA CILEGON TAHUN 2016
O5: (Ha)
A6: No | B6: Kecamatan | C6: Bulan | O6: Jumlah
C7: Jan | D7: Feb | E7: Maret | F7: Apr | G7: Mei | H7: Juni | I7: Juli | J7: Agst | K7: Sept | L7: Okt | M7: Nov | N7: Des | S7: JAN-APR | T7: MEI-AGST
A8: 1 | B8: 2 | C8: 3 | D8: 4 | E8: 5 | F8: 6 | G8: 7 | H8: 8 | I8: 9 | J8: 10 | K8: 11 | L8: 12 | M8: 13 | N8: 14 | O8: 15 | Q8: ok-nop
A9: 1 | B9: CIWANDAN | C9: 7 | D9: 248 | E9: 0 | F9: 0 | G9: 3 | H9: 37 | I9: 27 | J9: 8 | K9: 0 | L9: 0 | M9: 2 | N9: 45 | O9: =SUM(C9:N9) -> 377 | Q9: =SUM(L9:M9) -> 2 | S9: =SUM(C9:F9) -> 255 | T9: =SUM(G9:J9) -> 75 | U9: =SUM(L9:N9) -> 47 | W9: =SUM(U9:V9) -> 47
A10: 2 | B10: CITANGKIL | C10: 49 | D10: 128 | E10: 4 | F10: 5 | G10: 13 | H10: 38 | I10: 37 | J10: 31 | K10: 11 | L10: 5 | M10: 27 | N10: 143 | O10: =SUM(C10:N10) -> 491 | P10: =SUM(L10:N10) -> 175 | Q10: =SUM(L10:M10) -> 32 | S10: =SUM(C10:F10) -> 186 | T10: =SUM(G10:J10) -> 119 | U10: =SUM(L10:N10) -> 175 | W10: =SUM(U10:V10) -> 175
A11: 3 | B11: PULOMERAK | C11: 10 | D11: 15 | E11: 0 | F11: 0 | G11: 10 | H11: 5 | I11: 0 | J11: 0 | K11: 5 | L11: 5 | M11: 5 | N11: 0 | O11: =SUM(C11:N11) -> 55 | Q11: =SUM(L11:M11) -> 10 | S11: =SUM(C11:F11) -> 25 | T11: =SUM(G11:J11) -> 15 | U11: =SUM(L11:N11) -> 10 | V11: 29 | W11: =SUM(U11:V11) -> 39
A12: 4 | B12: PURWAKARTA | C12: 182 | D12: 1 | E12: 1 | F12: 0 | G12: 21 | H12: 11 | I12: 2 | J12: 1 | K12: 5 | L12: 9 | M12: 1 | N12: 36 | O12: =SUM(C12:N12) -> 270 | Q12: =SUM(L12:M12) -> 10 | S12: =SUM(C12:F12) -> 184 | T12: =SUM(G12:J12) -> 35 | U12: =SUM(L12:N12) -> 46 | W12: =SUM(U12:V12) -> 46
A13: 5 | B13: GROGOL | C13: 45 | D13: 119 | E13: 0 | F13: 0 | G13: 20 | H13: 0 | I13: 0 | J13: 0 | K13: 10 | L13: 0 | M13: 0 | N13: 15 | O13: =SUM(C13:N13) -> 209 | Q13: =SUM(L13:M13) -> 0 | S13: =SUM(C13:F13) -> 164 | T13: =SUM(G13:J13) -> 20 | U13: =SUM(L13:N13) -> 15 | W13: =SUM(U13:V13) -> 15
A14: 6 | B14: CILEGON | C14: 29 | D14: 18 | E14: 0 | F14: 0 | G14: 10 | H14: 25 | I14: 6 | J14: 0 | K14: 0 | L14: 7 | M14: 43 | N14: 0 | O14: =SUM(C14:N14) -> 138 | Q14: =SUM(L14:M14) -> 50 | S14: =SUM(C14:F14) -> 47 | T14: =SUM(G14:J14) -> 41 | U14: =SUM(L14:N14) -> 50 | W14: =SUM(U14:V14) -> 50
A15: 7 | B15: JOMBANG | C15: 104 | D15: 59 | E15: 1 | F15: 1 | G15: 48 | H15: 189 | I15: 27 | J15: 3 | K15: 1 | L15: 15 | M15: 14 | N15: 136 | O15: =SUM(C15:N15) -> 598 | Q15: =SUM(L15:M15) -> 29 | S15: =SUM(C15:F15) -> 165 | T15: =SUM(G15:J15) -> 267 | U15: =SUM(L15:N15) -> 165 | W15: =SUM(U15:V15) -> 165
A16: 8 | B16: CIBEBER | C16: 64 | D16: 145 | E16: 6 | F16: 26 | G16: 66 | H16: 101 | I16: 0 | J16: 48 | K16: 27 | L16: 26 | M16: 125 | N16: 122 | O16: =SUM(C16:N16) -> 756 | Q16: =SUM(L16:M16) -> 151 | S16: =SUM(C16:F16) -> 241 | T16: =SUM(G16:J16) -> 215 | U16: =SUM(L16:N16) -> 273 | W16: =SUM(U16:V16) -> 273
A17: JUMLAH | C17: =SUM(C9:C16) -> 490 | D17: =SUM(D9:D16) -> 733 | E17: =SUM(E9:E16) -> 12 | F17: =SUM(F9:F16) -> 32 | G17: =SUM(G9:G16) -> 191 | H17: =SUM(H9:H16) -> 406 | I17: =SUM(I9:I16) -> 99 | J17: =SUM(J9:J16) -> 91 | ... O17: =SUM(O9:O16) -> 2894 | Q17: =SUM(L17:M17) -> 284 | U17: =SUM(U9:U16) -> 781 | V17: =SUM(V9:V16) -> 29 | W17: =SUM(W9:W16) -> 810
H19: =SUM(F16:H16) -> 193 | J19: =SUM(C17:J17) -> 2054 | K19: =SUM(F17:K17) -> 878 | N19: =SUM(L17:N17) -> 781
K20: =SUM(K17:M17) -> 343
A35: DATA LUAS PANEN PADI (SAWAH) PER BULAN
A36: KOTA CILEGON TAHUN 2016
O38: (Ha)
A39: No | B39: Kecamatan | C39: Bulan | O39: Jumlah
C40: Jan | D40: Feb | E40: Maret | F40: Apr | G40: Mei | H40: Juni | I40: Juli | J40: Agst | K40: Sept | L40: Okt | M40: Nov | N40: Des
A41: 1 | B41: 2 | C41: 3 | D41: 4 | E41: 5 | F41: 6 | G41: 7 | H41: 8 | I41: 9 | J41: 10 | K41: 11 | L41: 12 | M41: 13 | N41: 14 | O41: 15
A42: 1 | B42: CIWANDAN | C42: 0 | D42: 0 | E42: 0 | F42: 7 | G42: 248 | H42: 0 | I42: 1 | J42: 3 | K42: 62 | L42: 0 | M42: 9 | N42: 0 | O42: =SUM(C42:N42) -> 330 | Q42: =SUM(C42:E42) -> 0
A43: 2 | B43: CITANGKIL | C43: 0 | D43: 4 | E43: 14 | F43: 92 | G43: 101 | H43: 4 | I43: 13 | J43: 21 | K43: 27 | L43: 60 | M43: 1 | N43: 4 | O43: =SUM(C43:N43) -> 341 | Q43: =SUM(C43:E43) -> 18
A44: 3 | B44: PULOMERAK | C44: 0 | D44: 0 | E44: 0 | F44: 10 | G44: 15 | H44: 0 | I44: 5 | J44: 10 | K44: 0 | L44: 0 | M44: 0 | N44: 0 | O44: =SUM(C44:N44) -> 40 | Q44: =SUM(C44:E44) -> 0
A45: 4 | B45: PURWAKARTA | C45: 1 | D45: 2 | E45: 16 | F45: 182 | G45: 0 | H45: 1 | I45: 0 | J45: 21 | K45: 11 | L45: 0 | M45: 1 | N45: 5 | O45: =SUM(C45:N45) -> 240 | Q45: =SUM(C45:E45) -> 19
A46: 5 | B46: GROGOL | C46: 0 | D46: 0 | E46: 0 | F46: 45 | G46: 119 | H46: 0 | I46: 0 | J46: 20 | K46: 0 | L46: 0 | M46: 0 | N46: 10 | O46: =SUM(C46:N46) -> 194 | Q46: =SUM(C46:E46) -> 0
A47: 6 | B47: CILEGON | C47: 5 | D47: 0 | E47: 0 | F47: 36 | G47: 18 | H47: 0 | I47: 0 | J47: 14 | K47: 21 | L47: 6 | M47: 0 | N47: 0 | O47: =SUM(C47:N47) -> 100 | Q47: =SUM(C47:E47) -> 5
A48: 7 | B48: JOMBANG | C48: 1 | D48: 4 | E48: 245 | F48: 99 | G48: 1 | H48: 1 | I48: 0 | J48: 237 | K48: 27 | L48: 3 | M48: 0 | N48: 4 | O48: =SUM(C48:N48) -> 622 | Q48: =SUM(C48:E48) -> 250
A49: 8 | B49: CIBEBER | C49: 25 | D49: 1 | E49: 42 | F49: 64 | G49: 145 | H49: 6 | I49: 26 | J49: 66 | K49: 101 | L49: 0 | M49: 48 | N49: 27 | O49: =SUM(C49:N49) -> 551 | Q49: =SUM(C49:E49) -> 68
A50: JUMLAH | C50: =SUM(C42:C49) -> 32 | D50: =SUM(D42:D49) -> 11 | E50: =SUM(E42:E49) -> 317 | F50: =SUM(F42:F49) -> 535 | G50: =SUM(G42:G49) -> 647 | H50: =SUM(H42:H49) -> 12 | I50: =SUM(I42:I49) -> 45 | J50: =SUM(J42:J49) -> 392 | ... O50: =SUM(O42:O49) -> 2418
J52: =SUM(C50:J50) -> 1991
L56: =J50*5.8 -> 2273.6
A68: DATA PRODUKSI PADI (SAWAH) PER BULAN
A69: KOTA CILEGON TAHUN 2016
O71: (Ton)
A72: No | B72: Kecamatan | C72: Bulan | O72: Jumlah
C73: Jan | D73: Feb | E73: Maret | F73: Apr | G73: Mei | H73: Juni | I73: Juli | J73: Agst | K73: Sept | L73: Okt | M73: Nov | N73: Des
A74: 1 | B74: 2 | C74: 3 | D74: 4 | E74: 5 | F74: 6 | G74: 7 | H74: 8 | I74: 9 | J74: 10 | K74: 11 | L74: 12 | M74: 13 | N74: 14 | O74: 15
A75: 1 | B75: CIWANDAN | C75: 0 | D75: 0 | E75: 0 | F75: 35 | G75: 1237 | H75: 0 | I75: 5 | J75: 13 | K75: 337 | L75: 0 | M75: 67 | N75: 0 | O75: =SUM(C75:N75) -> 1694 | Q75: =SUM(C75:E75) -> 0
A76: 2 | B76: CITANGKIL | C76: 0 | D76: 37 | E76: 91 | F76: 751 | G76: 606 | H76: 24 | I76: 78 | J76: 171 | K76: 213 | L76: 450 | M76: 6 | N76: 24 | O76: =SUM(C76:N76) -> 2451 | Q76: =SUM(C76:E76) -> 128
A77: 3 | B77: PULOMERAK | C77: 0 | D77: 0 | E77: 0 | F77: 57 | G77: 86 | H77: 0 | I77: 28 | J77: 50 | K77: 0 | L77: 0 | M77: 0 | N77: 0 | O77: =SUM(C77:N77) -> 221 | Q77: =SUM(C77:E77) -> 0
A78: 4 | B78: PURWAKARTA | C78: 5 | D78: 11 | E78: 94 | F78: 1029 | G78: 0 | H78: 5 | I78: 0 | J78: 123 | K78: 90 | L78: 0 | M78: 7 | N78: 43 | O78: =SUM(C78:N78) -> 1407 | Q78: =SUM(C78:E78) -> 110
A79: 5 | B79: GROGOL | C79: 0 | D79: 0 | E79: 0 | F79: 262 | G79: 701 | H79: 0 | I79: 0 | J79: 116 | K79: 0 | L79: 0 | M79: 0 | N79: 68 | O79: =SUM(C79:N79) -> 1147 | Q79: =SUM(C79:E79) -> 0
A80: 6 | B80: CILEGON | C80: 29 | D80: 0 | E80: 0 | F80: 278 | G80: 105 | H80: 0 | I80: 0 | J80: 91 | K80: 134 | L80: 36 | M80: 0 | N80: 0 | O80: =SUM(C80:N80) -> 673 | Q80: =SUM(C80:E80) -> 29
A81: 7 | B81: JOMBANG | C81: 6 | D81: 23 | E81: 1559 | F81: 553 | G81: 6 | H81: 6 | I81: 0 | J81: 1325 | K81: 144 | L81: 17 | M81: 0 | N81: 21 | O81: =SUM(C81:N81) -> 3660 | Q81: =SUM(C81:E81) -> 1588
A82: 8 | B82: CIBEBER | C82: 112 | D82: 5 | E82: 318 | F82: 515 | G82: 948 | H82: 39 | I82: 145 | J82: 518 | K82: 760 | L82: 0 | M82: 306 | N82: 175 | O82: =SUM(C82:N82) -> 3841 | Q82: =SUM(C82:E82) -> 435
A83: JUMLAH | C83: =SUM(C75:C82) -> 152 | D83: =SUM(D75:D82) -> 76 | E83: =SUM(E75:E82) -> 2062 | F83: =SUM(F75:F82) -> 3480 | G83: =SUM(G75:G82) -> 3689 | H83: =SUM(H75:H82) -> 74 | I83: =SUM(I75:I82) -> 256 | J83: =SUM(J75:J82) -> 2407 | ... O83: =SUM(O75:O82) -> 15094
L86: Cilegon, Desember 2016
L87: Kepala Bidang Pertanian
L91: Ir. H. Mas Andang E.P., MM
L92: Pembina Tk. I
L93: NIP. 19640909 199302 1 002
A101: DATA PRODUKTIVITAS PADI (SAWAH) PER BULAN
A102: KOTA CILEGON TAHUN 2016
O104: (Ku/Ha)
A105: No | B105: Kecamatan | C105: Bulan | O105: Jumlah
C106: Jan | D106: Feb | E106: Maret | F106: Apr | G106: Mei | H106: Juni | I106: Juli | J106: Agst | K106: Sept | L106: Okt | M106: Nov | N106: Des
A107: 1 | B107: 2 | C107: 3 | D107: 4 | E107: 5 | F107: 6 | G107: 7 | H107: 8 | I107: 9 | J107: 10 | K107: 11 | L107: 12 | M107: 13 | N107: 14 | O107: 15
A108: 1 | B108: CIWANDAN | C108: 0 | D108: 0 | E108: 0 | F108: 49.88 | G108: 49.88 | H108: 0 | I108: 53 | J108: 44.72 | K108: 54.35 | L108: 0 | M108: 75 | N108: 0 | O108: =O75/O42*10 -> 51.333333
A109: 2 | B109: CITANGKIL | C109: 0 | D109: 92.16 | E109: 76 | F109: 81.7 | G109: 60 | H109: 60 | I109: 60.15 | J109: 81.57 | K109: 78.75 | L109: 76.51 | M109: 60 | N109: 61.25 | O109: =O76/O43*10 -> 71.876833
A110: 3 | B110: PULOMERAK | C110: 0 | D110: 0 | E110: 0 | F110: 57.62 | G110: 57.35 | H110: 0 | I110: 57 | J110: 50.74 | K110: 0 | L110: 0 | M110: 0 | N110: 0 | O110: =O77/O44*10 -> 55.25
A111: 4 | B111: PURWAKARTA | C111: 52.33 | D111: 53.22 | E111: 58.65 | F111: 56.55 | G111: 0 | H111: 52.46 | I111: 0 | J111: 63 | K111: 81.6 | L111: 0 | M111: 69.36 | N111: 85.68 | O111: =O78/O45*10 -> 58.625
A112: 5 | B112: GROGOL | C112: 0 | D112: 0 | E112: 0 | F112: 58.15 | G112: 58.93 | H112: 0 | I112: 0 | J112: 58 | K112: 0 | L112: 0 | M112: 0 | N112: 68 | O112: =O79/O46*10 -> 59.123711
A113: 6 | B113: CILEGON | C113: 58.08 | D113: 0 | E113: 0 | F113: 77.4 | G113: 58.48 | H113: 0 | I113: 0 | J113: 65.36 | K113: 63.75 | L113: 60.35 | M113: 0 | N113: 0 | O113: =O80/O47*10 -> 67.3
A114: 7 | B114: JOMBANG | C114: 55.9 | D114: 57.62 | E114: 63.64 | F114: 55.9 | G114: 60 | H114: 60 | I114: 0 | J114: 55.9 | K114: 53.55 | L114: 57.8 | M114: 0 | N114: 52.7 | O114: =O81/O48*10 -> 58.842444
A115: 8 | B115: CIBEBER | C115: 45.01 | D115: 50 | E115: 75.68 | F115: 80.51 | G115: 65.35 | H115: 65.35 | I115: 55.9 | J115: 78.43 | K115: 75.25 | L115: 0 | M115: 63.75 | N115: 65 | O115: =O82/O49*10 -> 69.709619
A116: JUMLAH | C116: =C83/C50*10 -> 47.5 | D116: =D83/D50*10 -> 69.090909 | E116: =E83/E50*10 -> 65.047319 | F116: =F83/F50*10 -> 65.046729 | G116: =G83/G50*10 -> 57.017002 | H116: =H83/H50*10 -> 61.666667 | I116: =I83/I50*10 -> 56.888889 | J116: =J83/J50*10 -> 61.403061 | ... O116: =O83/O50*10 -> 62.42349
K119: Kepala Dinas Pertanian dan Kelautan
K120: Kota Cilegon
K124: H. ANDI AFFANDI, S.Sos
K125: NIP. 19681006 198803 1 001

Sheet puso
A1: DATA LUAS PUSO PADI (SAWAH) PER BULAN
A2: KOTA CILEGON TAHUN 2016
O3: (Ha)
A4: No | B4: Kecamatan | C4: Bulan | O4: Jumlah
C5: Jan | D5: Feb | E5: Maret | F5: Apr | G5: Mei | H5: Juni | I5: Juli | J5: Agst | K5: Sept | L5: Okt | M5: Nov | N5: Des
A6: 1 | B6: 2 | C6: 3 | D6: 4 | E6: 5 | F6: 6 | G6: 7 | H6: 8 | I6: 9 | J6: 10 | K6: 11 | L6: 12 | M6: 13 | N6: 14 | O6: 15
A7: 1 | B7: CIWANDAN | C7: 0 | D7: 0 | E7: 0 | F7: 0 | G7: 0 | H7: 0 | I7: 0 | J7: 0 | K7: 0 | L7: 0 | M7: 0 | N7: 0 | O7: =SUM(C7:N7) -> 0
A8: 2 | B8: CITANGKIL | C8: 0 | D8: 0 | E8: 0 | F8: 0 | G8: 0 | H8: 0 | I8: 0 | J8: 0 | K8: 0 | L8: 0 | M8: 0 | N8: 0 | O8: =SUM(C8:N8) -> 0
A9: 3 | B9: PULOMERAK | C9: 0 | D9: 0 | E9: 0 | F9: 0 | G9: 0 | H9: 0 | I9: 0 | J9: 0 | K9: 0 | L9: 0 | M9: 0 | N9: 0 | O9: =SUM(C9:N9) -> 0
A10: 4 | B10: PURWAKARTA | C10: 0 | D10: 2 | E10: 0 | F10: 0 | G10: 0 | H10: 0 | I10: 0 | J10: 0 | K10: 0 | L10: 0 | M10: 0 | N10: 0 | O10: =SUM(C10:N10) -> 2
A11: 5 | B11: GROGOL | C11: 0 | D11: 0 | E11: 0 | F11: 0 | G11: 0 | H11: 0 | I11: 0 | J11: 0 | K11: 0 | L11: 0 | M11: 0 | N11: 0 | O11: =SUM(C11:N11) -> 0
A12: 6 | B12: CILEGON | C12: 0 | D12: 0 | E12: 0 | F12: 0 | G12: 0 | H12: 0 | I12: 0 | J12: 0 | K12: 0 | L12: 0 | M12: 0 | N12: 0 | O12: =SUM(C12:N12) -> 0
A13: 7 | B13: JOMBANG | C13: 0 | D13: 0 | E13: 0 | F13: 0 | G13: 0 | H13: 0 | I13: 0 | J13: 0 | K13: 0 | L13: 0 | M13: 0 | N13: 0 | O13: =SUM(C13:N13) -> 0
A14: 8 | B14: CIBEBER | C14: 0 | D14: 0 | E14: 0 | F14: 0 | G14: 0 | H14: 0 | I14: 0 | J14: 0 | K14: 0 | L14: 0 | M14: 0 | N14: 0 | O14: =SUM(C14:N14) -> 0
A15: JUMLAH | C15: =SUM(C7:C14) -> 0 | D15: =SUM(D7:D14) -> 2 | E15: =SUM(E7:E14) -> 0 | F15: =SUM(F7:F14) -> 0 | G15: =SUM(G7:G14) -> 0 | H15: =SUM(H7:H14) -> 0 | I15: =SUM(I7:I14) -> 0 | J15: =SUM(J7:J14) -> 0 | ... O15: =SUM(O7:O14) -> 2
A17: DATA LUAS PUSO KEDELAI PER BULAN
A18: KOTA CILEGON TAHUN 2016
O19: (Ha)
A20: No | B20: Kecamatan | C20: Bulan | O20: Jumlah
C21: Jan | D21: Feb | E21: Maret | F21: Apr | G21: Mei | H21: Juni | I21: Juli | J21: Agst | K21: Sept | L21: Okt | M21: Nov | N21: Des
A22: 1 | B22: 2 | C22: 3 | D22: 4 | E22: 5 | F22: 6 | G22: 7 | H22: 8 | I22: 9 | J22: 10 | K22: 11 | L22: 12 | M22: 13 | N22: 14 | O22: 15
A23: 1 | B23: CIWANDAN | C23: 0 | D23: 0 | E23: 0 | F23: 0 | G23: 0 | H23: 0 | I23: 0 | J23: 0 | K23: 0 | L23: 0 | M23: 0 | N23: 0 | O23: =SUM(C23:N23) -> 0
A24: 2 | B24: CITANGKIL | C24: 0 | D24: 0 | E24: 0 | F24: 0 | G24: 0 | H24: 0 | I24: 0 | J24: 0 | K24: 0 | L24: 0 | M24: 0 | N24: 0 | O24: =SUM(C24:N24) -> 0
A25: 3 | B25: PULOMERAK | C25: 0 | D25: 0 | E25: 0 | F25: 0 | G25: 0 | H25: 0 | I25: 0 | J25: 0 | K25: 0 | L25: 0 | M25: 0 | N25: 0 | O25: =SUM(C25:N25) -> 0
A26: 4 | B26: PURWAKARTA | C26: 0 | D26: 0 | E26: 0 | F26: 0 | G26: 0 | H26: 0 | I26: 0 | J26: 0 | K26: 0 | L26: 0 | M26: 0 | N26: 0 | O26: =SUM(C26:N26) -> 0
A27: 5 | B27: GROGOL | C27: 0 | D27: 0 | E27: 0 | F27: 0 | G27: 0 | H27: 0 | I27: 0 | J27: 0 | K27: 0 | L27: 0 | M27: 0 | N27: 0 | O27: =SUM(C27:N27) -> 0
A28: 6 | B28: CILEGON | C28: 0 | D28: 0 | E28: 0 | F28: 0 | G28: 0 | H28: 0 | I28: 0 | J28: 0 | K28: 0 | L28: 0 | M28: 0 | N28: 0 | O28: =SUM(C28:N28) -> 0
A29: 7 | B29: JOMBANG | C29: 0 | D29: 0 | E29: 0 | F29: 0 | G29: 0 | H29: 0 | I29: 0 | J29: 0 | K29: 0 | L29: 0 | M29: 0 | N29: 0 | O29: =SUM(C29:N29) -> 0
A30: 8 | B30: CIBEBER | C30: 0 | D30: 2 | E30: 0 | F30: 0 | G30: 0 | H30: 0 | I30: 0 | J30: 0 | K30: 0 | L30: 0 | M30: 0 | N30: 0 | O30: =SUM(C30:N30) -> 2
A31: JUMLAH | C31: =SUM(C23:C30) -> 0 | D31: =SUM(D23:D30) -> 2 | E31: =SUM(E23:E30) -> 0 | F31: =SUM(F23:F30) -> 0 | G31: =SUM(G23:G30) -> 0 | H31: =SUM(H23:H30) -> 0 | I31: =SUM(I23:I30) -> 0 | J31: =SUM(J23:J30) -> 0 | ... O31: =SUM(O23:O30) -> 2

Sheet padi ladang
A2: DATA LUAS TANAM PADI (DARAT) PER BULAN
A3: KOTA CILEGON TAHUN 2016
O5: (Ha)
A6: No | B6: Kecamatan | C6: Bulan | O6: Jumlah
C7: Jan | D7: Feb | E7: Maret | F7: Apr | G7: Mei | H7: Juni | I7: Juli | J7: Agst | K7: Sept | L7: Okt | M7: Nov | N7: Des
A8: 1 | B8: 2 | C8: 3 | D8: 4 | E8: 5 | F8: 6 | G8: 7 | H8: 8 | I8: 9 | J8: 10 | K8: 11 | L8: 12 | M8: 13 | N8: 14 | O8: 15
A9: 1 | B9: CIWANDAN | C9: 0 | D9: 0 | E9: 0 | F9: 0 | G9: 0 | H9: 0 | I9: 0 | J9: 0 | K9: 0 | L9: 0 | M9: 0 | N9: 0 | O9: =SUM(C9:N9) -> 0
A10: 2 | B10: CITANGKIL | C10: 0 | D10: 0 | E10: 0 | F10: 0 | G10: 0 | H10: 0 | I10: 0 | J10: 0 | K10: 0 | L10: 0 | M10: 0 | N10: 0 | O10: =SUM(C10:N10) -> 0
A11: 3 | B11: PULOMERAK | C11: 10 | D11: 0 | E11: 0 | F11: 0 | G11: 0 | H11: 0 | I11: 0 | J11: 0 | K11: 35 | L11: 0 | M11: 4 | N11: 25 | O11: =SUM(C11:N11) -> 74
A12: 4 | B12: PURWAKARTA | C12: 0 | D12: 0 | E12: 0 | F12: 0 | G12: 0 | H12: 0 | I12: 0 | J12: 0 | K12: 0 | L12: 0 | M12: 0 | N12: 0 | O12: =SUM(C12:N12) -> 0
A13: 5 | B13: GROGOL | C13: 0 | D13: 0 | E13: 0 | F13: 0 | G13: 0 | H13: 0 | I13: 0 | J13: 0 | K13: 0 | L13: 0 | M13: 0 | N13: 0 | O13: =SUM(C13:N13) -> 0
A14: 6 | B14: CILEGON | C14: 0 | D14: 0 | E14: 0 | F14: 0 | G14: 0 | H14: 0 | I14: 0 | J14: 0 | K14: 0 | L14: 0 | M14: 0 | N14: 0 | O14: =SUM(C14:N14) -> 0
A15: 7 | B15: JOMBANG | C15: 0 | D15: 0 | E15: 0 | F15: 0 | G15: 0 | H15: 0 | I15: 0 | J15: 0 | K15: 0 | L15: 0 | M15: 0 | N15: 0 | O15: =SUM(C15:N15) -> 0
A16: 8 | B16: CIBEBER | C16: 0 | D16: 0 | E16: 0 | F16: 0 | G16: 0 | H16: 0 | I16: 0 | J16: 0 | K16: 0 | L16: 0 | M16: 0 | N16: 0 | O16: =SUM(C16:N16) -> 0
A17: JUMLAH | C17: =SUM(C9:C16) -> 10 | D17: =SUM(D9:D16) -> 0 | E17: =SUM(E9:E16) -> 0 | F17: =SUM(F9:F16) -> 0 | G17: =SUM(G9:G16) -> 0 | H17: =SUM(H9:H16) -> 0 | I17: =SUM(I9:I16) -> 0 | J17: =SUM(J9:J16) -> 0 | ... O17: =SUM(O9:O16) -> 74
A35: DATA LUAS PANEN PADI (DARAT) PER BULAN
A36: KOTA CILEGON TAHUN 2016
O38: (Ha)
A39: No | B39: Kecamatan | C39: Bulan | O39: Jumlah
C40: Jan | D40: Feb | E40: Maret | F40: Apr | G40: Mei | H40: Juni | I40: Juli | J40: Agst | K40: Sept | L40: Okt | M40: Nov | N40: Des
A41: 1 | B41: 2 | C41: 3 | D41: 4 | E41: 5 | F41: 6 | G41: 7 | H41: 8 | I41: 9 | J41: 10 | K41: 11 | L41: 12 | M41: 13 | N41: 14 | O41: 15
A42: 1 | B42: CIWANDAN | C42: 0 | D42: 0 | E42: 0 | F42: 0 | G42: 0 | H42: 0 | I42: 0 | J42: 0 | K42: 0 | L42: 0 | M42: 0 | N42: 0 | O42: =SUM(C42:N42) -> 0
A43: 2 | B43: CITANGKIL | C43: 0 | D43: 0 | E43: 0 | F43: 0 | G43: 0 | H43: 0 | I43: 0 | J43: 0 | K43: 0 | L43: 0 | M43: 0 | N43: 0 | O43: =SUM(C43:N43) -> 0
A44: 3 | B44: PULOMERAK | C44: 0 | D44: 0 | E44: 0 | F44: 15 | G44: 0 | H44: 0 | I44: 0 | J44: 0 | K44: 0 | L44: 0 | M44: 0 | N44: 0 | O44: =SUM(C44:N44) -> 15
A45: 4 | B45: PURWAKARTA | C45: 0 | D45: 0 | E45: 0 | F45: 0 | G45: 0 | H45: 0 | I45: 0 | J45: 0 | K45: 0 | L45: 0 | M45: 0 | N45: 0 | O45: =SUM(C45:N45) -> 0
A46: 5 | B46: GROGOL | C46: 0 | D46: 0 | E46: 0 | F46: 0 | G46: 0 | H46: 0 | I46: 0 | J46: 0 | K46: 0 | L46: 0 | M46: 0 | N46: 0 | O46: =SUM(C46:N46) -> 0
A47: 6 | B47: CILEGON | C47: 0 | D47: 0 | E47: 0 | F47: 0 | G47: 0 | H47: 0 | I47: 0 | J47: 0 | K47: 0 | L47: 0 | M47: 0 | N47: 0 | O47: =SUM(C47:N47) -> 0
A48: 7 | B48: JOMBANG | C48: 0 | D48: 0 | E48: 0 | F48: 0 | G48: 0 | H48: 0 | I48: 0 | J48: 0 | K48: 0 | L48: 0 | M48: 0 | N48: 0 | O48: =SUM(C48:N48) -> 0
A49: 8 | B49: CIBEBER | C49: 0 | D49: 0 | E49: 0 | F49: 0 | G49: 0 | H49: 0 | I49: 0 | J49: 0 | K49: 0 | L49: 0 | M49: 0 | N49: 0 | O49: =SUM(C49:N49) -> 0
A50: JUMLAH | C50: =SUM(C42:C49) -> 0 | D50: =SUM(D42:D49) -> 0 | E50: =SUM(E42:E49) -> 0 | F50: =SUM(F42:F49) -> 15 | G50: =SUM(G42:G49) -> 0 | H50: =SUM(H42:H49) -> 0 | I50: =SUM(I42:I49) -> 0 | J50: =SUM(J42:J49) -> 0 | ... O50: =SUM(O42:O49) -> 15
A68: DATA PRODUKSI PADI (DARAT) PER BULAN
A69: KOTA CILEGON TAHUN 2016
O71: (Ton)
A72: No | B72: Kecamatan | C72: Bulan | O72: Jumlah
C73: Jan | D73: Feb | E73: Maret | F73: Apr | G73: Mei | H73: Juni | I73: Juli | J73: Agst | K73: Sept | L73: Okt | M73: Nov | N73: Des
A74: 1 | B74: 2 | C74: 3 | D74: 4 | E74: 5 | F74: 6 | G74: 7 | H74: 8 | I74: 9 | J74: 10 | K74: 11 | L74: 12 | M74: 13 | N74: 14 | O74: 15
A75: 1 | B75: CIWANDAN | C75: 0 | D75: 0 | E75: 0 | F75: 0 | G75: 0 | H75: 0 | I75: 0 | J75: 0 | K75: 0 | L75: 0 | M75: 0 | N75: 0 | O75: =SUM(C75:N75) -> 0
A76: 2 | B76: CITANGKIL | C76: 0 | D76: 0 | E76: 0 | F76: 0 | G76: 0 | H76: 0 | I76: 0 | J76: 0 | K76: 0 | L76: 0 | M76: 0 | N76: 0 | O76: =SUM(C76:N76) -> 0
A77: 3 | B77: PULOMERAK | C77: 0 | D77: 0 | E77: 0 | F77: 59 | G77: 0 | H77: 0 | I77: 0 | J77: 0 | K77: 0 | L77: 0 | M77: 0 | N77: 0 | O77: =SUM(C77:N77) -> 59
A78: 4 | B78: PURWAKARTA | C78: 0 | D78: 0 | E78: 0 | F78: 0 | G78: 0 | H78: 0 | I78: 0 | J78: 0 | K78: 0 | L78: 0 | M78: 0 | N78: 0 | O78: =SUM(C78:N78) -> 0
A79: 5 | B79: GROGOL | C79: 0 | D79: 0 | E79: 0 | F79: 0 | G79: 0 | H79: 0 | I79: 0 | J79: 0 | K79: 0 | L79: 0 | M79: 0 | N79: 0 | O79: =SUM(C79:N79) -> 0
A80: 6 | B80: CILEGON | C80: 0 | D80: 0 | E80: 0 | F80: 0 | G80: 0 | H80: 0 | I80: 0 | J80: 0 | K80: 0 | L80: 0 | M80: 0 | N80: 0 | O80: =SUM(C80:N80) -> 0
A81: 7 | B81: JOMBANG | C81: 0 | D81: 0 | E81: 0 | F81: 0 | G81: 0 | H81: 0 | I81: 0 | J81: 0 | K81: 0 | L81: 0 | M81: 0 | N81: 0 | O81: =SUM(C81:N81) -> 0
A82: 8 | B82: CIBEBER | C82: 0 | D82: 0 | E82: 0 | F82: 0 | G82: 0 | H82: 0 | I82: 0 | J82: 0 | K82: 0 | L82: 0 | M82: 0 | N82: 0 | O82: =SUM(C82:N82) -> 0
A83: JUMLAH | C83: =SUM(C75:C82) -> 0 | D83: =SUM(D75:D82) -> 0 | E83: =SUM(E75:E82) -> 0 | F83: =SUM(F75:F82) -> 59 | G83: =SUM(G75:G82) -> 0 | H83: =SUM(H75:H82) -> 0 | I83: =SUM(I75:I82) -> 0 | J83: =SUM(J75:J82) -> 0 | ... O83: =SUM(O75:O82) -> 59
L85: Cilegon, Desember 2016
L86: Kepala Bidang Pertanian
L90: Ir. H. Mas Andang E.P., MM
L91: Pembina Tk. I
L92: NIP. 19640909 199302 1 002
A101: DATA PRODUKTIVITAS PADI (DARAT) PER BULAN
A102: KOTA CILEGON TAHUN 2016
O104: (Ku/Ha)
A105: No | B105: Kecamatan | C105: Bulan | O105: Jumlah
C106: Jan | D106: Feb | E106: Maret | F106: Apr | G106: Mei | H106: Juni | I106: Juli | J106: Agst | K106: Sept | L106: Okt | M106: Nov | N106: Des
A107: 1 | B107: 2 | C107: 3 | D107: 4 | E107: 5 | F107: 6 | G107: 7 | H107: 8 | I107: 9 | J107: 10 | K107: 11 | L107: 12 | M107: 13 | N107: 14 | O107: 15
A108: 1 | B108: CIWANDAN | C108: 0 | D108: 0 | E108: 0 | F108: 0 | G108: 0 | H108: 0 | I108: 0 | J108: 0 | K108: 0 | L108: 0 | M108: 0 | N108: 0 | O108: =SUM(C108:N108) -> 0
A109: 2 | B109: CITANGKIL | C109: 0 | D109: 0 | E109: 0 | F109: 0 | G109: 0 | H109: 0 | I109: 0 | J109: 0 | K109: 0 | L109: 0 | M109: 0 | N109: 0 | O109: =SUM(C109:N109) -> 0
A110: 3 | B110: PULOMERAK | C110: 0 | D110: 0 | E110: 0 | F110: 39.56 | G110: 0 | H110: 0 | I110: 0 | J110: 0 | K110: 0 | L110: 0 | M110: 0 | N110: 0 | O110: =O77/O44*10 -> 39.333333
A111: 4 | B111: PURWAKARTA | C111: 0 | D111: 0 | E111: 0 | F111: 0 | G111: 0 | H111: 0 | I111: 0 | J111: 0 | K111: 0 | L111: 0 | M111: 0 | N111: 0 | O111: =SUM(C111:N111) -> 0
A112: 5 | B112: GROGOL | C112: 0 | D112: 0 | E112: 0 | F112: 0 | G112: 0 | H112: 0 | I112: 0 | J112: 0 | K112: 0 | L112: 0 | M112: 0 | N112: 0 | O112: =SUM(C112:N112) -> 0
A113: 6 | B113: CILEGON | C113: 0 | D113: 0 | E113: 0 | F113: 0 | G113: 0 | H113: 0 | I113: 0 | J113: 0 | K113: 0 | L113: 0 | M113: 0 | N113: 0 | O113: =SUM(C113:N113) -> 0
A114: 7 | B114: JOMBANG | C114: 0 | D114: 0 | E114: 0 | F114: 0 | G114: 0 | H114: 0 | I114: 0 | J114: 0 | K114: 0 | L114: 0 | M114: 0 | N114: 0 | O114: =SUM(C114:N114) -> 0
A115: 8 | B115: CIBEBER | C115: 0 | D115: 0 | E115: 0 | F115: 0 | G115: 0 | H115: 0 | I115: 0 | J115: 0 | K115: 0 | L115: 0 | M115: 0 | N115: 0 | O115: =SUM(C115:N115) -> 0
A116: JUMLAH | C116: =SUM(C108:C115) -> 0 | D116: =SUM(D108:D115) -> 0 | E116: =SUM(E108:E115) -> 0 | F116: =SUM(F108:F115) -> 39.56 | G116: =SUM(G108:G115) -> 0 | H116: =SUM(H108:H115) -> 0 | I116: =SUM(I108:I115) -> 0 | J116: =SUM(J108:J115) -> 0 | ... O116: =SUM(O108:O115) -> 39.333333
K119: Kepala Dinas Pertanian dan Kelautan
K120: Kota Cilegon
K124: H. ANDI AFFANDI, S.Sos
K125: NIP. 19681006 198803 1 001

Sheet jagung
A2: DATA LUAS TANAM JAGUNG PER BULAN
A3: KOTA CILEGON TAHUN 2016
O5: (Ha)
A6: No | B6: Kecamatan | C6: Bulan | O6: Jumlah
C7: Jan | D7: Feb | E7: Maret | F7: Apr | G7: Mei | H7: Juni | I7: Juli | J7: Agst | K7: Sept | L7: Okt | M7: Nov | N7: Des
A8: 1 | B8: 2 | C8: 3 | D8: 4 | E8: 5 | F8: 6 | G8: 7 | H8: 8 | I8: 9 | J8: 10 | K8: 11 | L8: 12 | M8: 13 | N8: 14 | O8: 15 | Q8: ok-nop
A9: 1 | B9: CIWANDAN | C9: 2 | D9: 5 | E9: 0 | F9: 1 | G9: 0 | H9: 0 | I9: 0 | J9: 0 | K9: 1 | L9: 1 | M9: 0 | N9: 0 | O9: =SUM(C9:N9) -> 10 | Q9: =SUM(L9:M9) -> 1
A10: 2 | B10: CITANGKIL | C10: 0 | D10: 0 | E10: 0 | F10: 0 | G10: 1 | H10: 0 | I10: 1 | J10: 0 | K10: 0 | L10: 1 | M10: 0 | N10: 0 | O10: =SUM(C10:N10) -> 3 | Q10: =SUM(L10:M10) -> 1
A11: 3 | B11: PULOMERAK | C11: 1 | D11: 0 | E11: 0 | F11: 0 | G11: 3 | H11: 4 | I11: 0 | J11: 0 | K11: 1 | L11: 0 | M11: 35 | N11: 15 | O11: =SUM(C11:N11) -> 59 | Q11: =SUM(L11:M11) -> 35
A12: 4 | B12: PURWAKARTA | C12: 1 | D12: 0 | E12: 0 | F12: 1 | G12: 1 | H12: 0 | I12: 1 | J12: 0 | K12: 1 | L12: 0 | M12: 0 | N12: 1 | O12: =SUM(C12:N12) -> 6 | Q12: =SUM(L12:M12) -> 0
A13: 5 | B13: GROGOL | C13: 0 | D13: 0 | E13: 1 | F13: 0 | G13: 0 | H13: 0 | I13: 3 | J13: 0 | K13: 1 | L13: 0 | M13: 0 | N13: 0 | O13: =SUM(C13:N13) -> 5 | Q13: =SUM(L13:M13) -> 0
A14: 6 | B14: CILEGON | C14: 0 | D14: 0 | E14: 0 | F14: 1 | G14: 0 | H14: 0 | I14: 0 | J14: 0 | K14: 2 | L14: 0 | M14: 0 | N14: 0 | O14: =SUM(C14:N14) -> 3 | Q14: =SUM(L14:M14) -> 0
A15: 7 | B15: JOMBANG | C15: 0 | D15: 0 | E15: 0 | F15: 0.2 | G15: 0 | H15: 0 | I15: 0 | J15: 0.5 | K15: 0 | L15: 0 | M15: 0 | N15: 0 | O15: =SUM(C15:N15) -> 0.7 | Q15: =SUM(L15:M15) -> 0
A16: 8 | B16: CIBEBER | C16: 0 | D16: 1 | E16: 0 | F16: 0 | G16: 1 | I16: 0 | J16: 1 | K16: 0 | L16: 1 | M16: 1 | N16: 0 | O16: =SUM(C16:N16) -> 5 | Q16: =SUM(L16:M16) -> 2
A17: JUMLAH | C17: =SUM(C9:C16) -> 4 | D17: =SUM(D9:D16) -> 6 | E17: =SUM(E9:E16) -> 1 | F17: =SUM(F9:F16) -> 3.2 | G17: =SUM(G9:G16) -> 6 | H17: =SUM(H9:H16) -> 4 | I17: =SUM(I9:I16) -> 5 | J17: =SUM(J9:J16) -> 1.5 | ... O17: =SUM(O9:O16) -> 91.7
N19: =SUM(L17:N17) -> 55
A35: DATA LUAS PANEN JAGUNG PER BULAN
A36: KOTA CILEGON TAHUN 2016
O38: (Ha)
A39: No | B39: Kecamatan | C39: Bulan | O39: Jumlah
C40: Jan | D40: Feb | E40: Maret | F40: Apr | G40: Mei | H40: Juni | I40: Juli | J40: Agst | K40: Sept | L40: Okt | M40: Nov | N40: Des
A41: 1 | B41: 2 | C41: 3 | D41: 4 | E41: 5 | F41: 6 | G41: 7 | H41: 8 | I41: 9 | J41: 10 | K41: 11 | L41: 12 | M41: 13 | N41: 14 | O41: 15
A42: 1 | B42: CIWANDAN | C42: 0 | D42: 2* | E42: 5* | F42: 0 | G42: 0 | H42: 1* | I42: 0 | J42: 0 | K42: 0 | L42: 0 | M42: 1* | N42: 0 | O42: 9* | Q42: 8
A43: 2 | B43: CITANGKIL | C43: 0 | D43: 0 | E43: 0 | F43: 0 | G43: 1 | H43: 0 | I43: 1* | J43: 0 | K43: 0 | L43: 1 | M43: 0 | N43: 0 | O43: =SUM(C43:N43) -> 2 | Q43: 1
A44: 3 | B44: PULOMERAK | C44: 0 | D44: 0 | E44: 0 | F44: 1 | G44: 0 | H44: 0 | I44: 0 | J44: 5 | K44: 6 | L44: 0 | M44: 0 | N44: 0 | O44: =SUM(C44:N44) -> 12 | Q44: =SUM(C44:N44) -> 12
A45: 4 | B45: PURWAKARTA | C45: 0 | D45: 0 | E45: 0 | F45: 1 | G45: 0 | H45: 1* | I45: 1* | J45: 0 | K45: 0 | L45: 1* | M45: 1 | N45: 0 | O45: 5 | Q45: 2
A46: 5 | B46: GROGOL | C46: 0 | D46: 0 | E46: 0 | F46: 0 | G46: 1 | H46: 0 | I46: 0 | J46: 0 | K46: 3 | L46: 0 | M46: 1 | N46: 0 | O46: =SUM(C46:N46) -> 5 | Q46: =SUM(C46:N46) -> 5
A47: 6 | B47: CILEGON | C47: 0 | D47: 0 | E47: 0 | F47: 0 | G47: 0 | H47: 0 | I47: 1* | J47: 0 | K47: 0 | L47: 0 | M47: 2 | N47: 0 | O47: 3 | Q47: =SUM(C47:N47) -> 2
A48: 7 | B48: JOMBANG | C48: 0 | D48: 0 | E48: 0 | F48: 0 | G48: 0 | H48: 0 | I48: 0.2 | J48: 0 | K48: 0 | L48: 0 | M48: 0.5 | N48: 0 | O48: =SUM(C48:N48) -> 0.7 | Q48: =SUM(C48:N48) -> 0.7
A49: 8 | B49: CIBEBER | C49: 0 | D49: 0 | E49: 3* | F49: 0 | G49: 1* | I49: 0 | J49: 1 | K49: 0 | L49: 0 | M49: 1 | N49: 1 | O49: 7 | Q49: 4
A50: JUMLAH | C50: =SUM(C42:C49) -> 0 | D50: 2 | E50: 8 | F50: =SUM(F42:F49) -> 2 | G50: 3 | H50: =SUM(H42:H49) -> 0 | I50: 3.2 | J50: =SUM(J42:J49) -> 6 | K50: =SUM(K42:K49) -> 9 | L50: 2 | M50: 6.5 | N50: =SUM(N42:N49) -> 1 | O50: 43.7 | Q50: =SUM(Q42:Q49) -> 34.7
A52: Ket : * : Panen Muda
A68: DATA PRODUKSI JAGUNG PER BULAN
A69: KOTA CILEGON TAHUN 2016
O71: (Ton)
A72: No | B72: Kecamatan | C72: Bulan | O72: Jumlah
C73: Jan | D73: Feb | E73: Maret | F73: Apr | G73: Mei | H73: Juni | I73: Juli | J73: Agst | K73: Sept | L73: Okt | M73: Nov | N73: Des
A74: 1 | B74: 2 | C74: 3 | D74: 4 | E74: 5 | F74: 6 | G74: 7 | H74: 8 | I74: 9 | J74: 10 | K74: 11 | L74: 12 | M74: 13 | N74: 14 | O74: 15
A75: 1 | B75: CIWANDAN | C75: 0 | D75: 0 | E75: 0 | F75: 0 | G75: 0 | H75: 0 | I75: 0 | J75: 0 | K75: 0 | L75: 0 | M75: 0 | N75: 0 | O75: =SUM(C75:N75) -> 0
A76: 2 | B76: CITANGKIL | C76: 0 | D76: 0 | E76: 0 | F76: 0 | G76: 2 | H76: 0 | I76: 0 | J76: 0 | K76: 0 | L76: 3 | M76: 0 | N76: 0 | O76: =SUM(C76:N76) -> 5
A77: 3 | B77: PULOMERAK | C77: 0 | D77: 0 | E77: 0 | F77: 2 | G77: 0 | H77: 0 | I77: 0 | J77: 12 | K77: 17 | L77: 0 | M77: 0 | N77: 0 | O77: =SUM(C77:N77) -> 31
A78: 4 | B78: PURWAKARTA | C78: 0 | D78: 0 | E78: 0 | F78: 2 | G78: 0 | H78: 0 | I78: 0 | J78: 0 | K78: 0 | L78: 0 | M78: 4 | N78: 0 | O78: =SUM(C78:N78) -> 6
A79: 5 | B79: GROGOL | C79: 0 | D79: 0 | E79: 0 | F79: 0 | G79: 2 | H79: 0 | I79: 0 | J79: 0 | K79: 9 | L79: 0 | M79: 3 | N79: 0 | O79: =SUM(C79:N79) -> 14
A80: 6 | B80: CILEGON | C80: 0 | D80: 0 | E80: 0 | F80: 0 | G80: 0 | H80: 0 | I80: 0 | J80: 0 | K80: 0 | L80: 0 | M80: 8 | N80: 0 | O80: =SUM(C80:N80) -> 8
A81: 7 | B81: JOMBANG | C81: 0 | D81: 0 | E81: 0 | F81: 0 | G81: 0 | H81: 0 | I81: 0.4 | J81: 0 | K81: 0 | L81: 0 | M81: 2 | N81: 0 | O81: =SUM(C81:N81) -> 2.4
A82: 8 | B82: CIBEBER | C82: 0 | D82: 0 | E82: 0 | F82: 0 | G82: 0 | H82: 0 | I82: 0 | J82: 2 | K82: 0 | L82: 0 | M82: 3 | N82: 3 | O82: =SUM(C82:N82) -> 8
A83: JUMLAH | C83: =SUM(C75:C82) -> 0 | D83: =SUM(D75:D82) -> 0 | E83: =SUM(E75:E82) -> 0 | F83: =SUM(F75:F82) -> 4 | G83: =SUM(G75:G82) -> 4 | H83: =SUM(H75:H82) -> 0 | I83: =SUM(I75:I82) -> 0.4 | J83: =SUM(J75:J82) -> 14 | ... O83: =SUM(O75:O82) -> 74.4
L85: Cilegon, Desember 2016
L86: Kepala Bidang Pertanian
L90: Ir. H. Mas Andang E.P., MM
L91: Pembina Tk. I
L92: NIP. 19640909 199302 1 002
A101: DATA PRODUKTIVITAS JAGUNG PER BULAN
A102: KOTA CILEGON TAHUN 2016
O104: (Ku/Ha)
A105: No | B105: Kecamatan | C105: Bulan | O105: Jumlah
C106: Jan | D106: Feb | E106: Maret | F106: Apr | G106: Mei | H106: Juni | I106: Juli | J106: Agst | K106: Sept | L106: Okt | M106: Nov | N106: Des
A107: 1 | B107: 2 | C107: 3 | D107: 4 | E107: 5 | F107: 6 | G107: 7 | H107: 8 | I107: 9 | J107: 10 | K107: 11 | L107: 12 | M107: 13 | N107: 14 | O107: 15
A108: 1 | B108: CIWANDAN | C108: 0 | D108: 0 | E108: 0 | F108: 0 | G108: 0 | H108: 0 | I108: 0 | J108: 0 | K108: 0 | L108: 0 | M108: 0 | N108: 0 | O108: 0
A109: 2 | B109: CITANGKIL | C109: 0 | D109: 0 | E109: 0 | F109: 0 | G109: 0 | H109: 0 | I109: 0 | J109: 0 | K109: 0 | L109: 29.13 | M109: 0 | N109: 0 | O109: =SUM(C109:N109) -> 29.13
A110: 3 | B110: PULOMERAK | C110: 0 | D110: 0 | E110: 0 | F110: 25.23 | G110: 25.23 | H110: 0 | I110: 0 | J110: 25.01 | K110: 29 | L110: 0 | M110: 0 | N110: 0 | O110: =SUM(C110:N110)/4 -> 26.1175
A111: 4 | B111: PURWAKARTA | C111: 0 | D111: 0 | E111: 0 | F111: 24.31 | G111: 0 | H111: 0 | I111: 0 | J111: 0 | K111: 0 | L111: 0 | M111: 46.8 | N111: 0 | O111: =SUM(C111:N111)/2 -> 35.555 | P111: =6/2*10 -> 30
A112: 5 | B112: GROGOL | C112: 0 | D112: 0 | E112: 0 | F112: 0 | G112: 0 | H112: 0 | I112: 0 | J112: 0 | K112: 31.4 | L112: 0 | M112: 30.15 | N112: 0 | O112: =SUM(C112:N112)/2 -> 30.775
A113: 6 | B113: CILEGON | C113: 0 | D113: 0 | E113: 0 | F113: 0 | G113: 0 | H113: 0 | I113: 0 | J113: 0 | K113: 0 | L113: 0 | M113: 40 | N113: 0 | O113: =SUM(C113:N113) -> 40
A114: 7 | B114: JOMBANG | C114: 0 | D114: 0 | E114: 0 | F114: 0 | G114: 0 | H114: 0 | I114: 20 | J114: 0 | K114: 0 | L114: 0 | M114: 35 | N114: 0 | O114: =SUM(C114:N114)/2 -> 27.5
A115: 8 | B115: CIBEBER | C115: 0 | D115: 0 | E115: 0 | F115: 0 | G115: 0 | H115: 0 | I115: 0 | J115: 20.15 | K115: 0 | L115: 0 | M115: 29 | N115: 30 | O115: =SUM(C115:N115)/2 -> 39.575 | P115: =5/2*10 -> 25
A116: JUMLAH | C116: 0 | D116: 0 | E116: =SUM(E108:E115) -> 0 | F116: =SUM(F108:F115)/2 -> 24.77 | G116: =SUM(G108:G115) -> 25.23 | H116: =SUM(H108:H115) -> 0 | I116: =SUM(I108:I115) -> 20 | J116: =SUM(J108:J115)/2 -> 22.58 | K116: =SUM(K108:K115)/2 -> 30.2 | L116: =SUM(L108:L115) -> 29.13 | M116: =SUM(M108:M115)/5 -> 36.19 | N116: =SUM(N108:N115) -> 30 | O116: =SUM(O108:O115)/7 -> 32.664643
K119: Kepala Dinas Pertanian dan Kelautan
K120: Kota Cilegon
K124: H. ANDI AFFANDI, S.Sos
K125: NIP. 19681006 198803 1 001

Sheet kedelai
A2: DATA LUAS TANAM KEDELAI PER BULAN
A3: KOTA CILEGON TAHUN 2016
O5: (Ha)
A6: No | B6: Kecamatan | C6: Bulan | O6: Jumlah
C7: Jan | D7: Feb | E7: Maret | F7: Apr | G7: Mei | H7: Juni | I7: Juli | J7: Agst | K7: Sept | L7: Okt | M7: Nov | N7: Des
A8: 1 | B8: 2 | C8: 3 | D8: 4 | E8: 5 | F8: 6 | G8: 7 | H8: 8 | I8: 9 | J8: 10 | K8: 11 | L8: 12 | M8: 13 | N8: 14 | O8: 15 | Q8: ok-nop
A9: 1 | B9: CIWANDAN | C9: 0 | D9: 0 | E9: 0 | F9: 0 | G9: 0 | H9: 0 | I9: 0 | J9: 0 | K9: 0 | L9: 0 | M9: 0 | N9: 0 | O9: =SUM(C9:N9) -> 0 | Q9: =SUM(L9:M9) -> 0
A10: 2 | B10: CITANGKIL | C10: 5 | D10: 9 | E10: 6 | F10: 0 | G10: 0 | H10: 0 | I10: 0 | J10: 0 | K10: 0 | L10: 0 | M10: 0 | N10: 0 | O10: =SUM(C10:N10) -> 20 | Q10: =SUM(L10:M10) -> 0
A11: 3 | B11: PULOMERAK | C11: 15 | D11: 0 | E11: 0 | F11: 0 | G11: 0 | H11: 0 | I11: 0 | J11: 0 | K11: 0 | L11: 0 | M11: 0 | N11: 0 | O11: =SUM(C11:N11) -> 15 | Q11: =SUM(L11:M11) -> 0
A12: 4 | B12: PURWAKARTA | C12: 0 | D12: 0 | E12: 0 | F12: 0 | G12: 0 | H12: 0 | I12: 0 | J12: 0 | K12: 0 | L12: 0 | M12: 0 | N12: 0 | O12: =SUM(C12:N12) -> 0 | Q12: =SUM(L12:M12) -> 0
A13: 5 | B13: GROGOL | C13: 0 | D13: 10 | E13: 25 | F13: 0 | G13: 0 | H13: 0 | I13: 0 | J13: 0 | K13: 0 | L13: 0 | M13: 0 | N13: 0 | O13: =SUM(C13:N13) -> 35 | Q13: =SUM(L13:M13) -> 0
A14: 6 | B14: CILEGON | C14: 0 | D14: 0 | E14: 0 | F14: 0 | G14: 0 | H14: 0 | I14: 0 | J14: 0 | K14: 0 | L14: 0 | M14: 0 | N14: 0 | O14: =SUM(C14:N14) -> 0 | Q14: =SUM(L14:M14) -> 0
A15: 7 | B15: JOMBANG | C15: 0 | D15: 0 | E15: 0 | F15: 0 | G15: 0 | H15: 0 | I15: 0 | J15: 0 | K15: 0 | L15: 0 | M15: 0 | N15: 0 | O15: =SUM(C15:N15) -> 0 | Q15: =SUM(L15:M15) -> 0
A16: 8 | B16: CIBEBER | C16: 0 | D16: 0 | E16: 28 | F16: 0 | G16: 0 | H16: 0 | I16: 0 | J16: 0 | K16: 0 | L16: 0 | M16: 0 | N16: 0 | O16: =SUM(C16:N16) -> 28 | Q16: =SUM(L16:M16) -> 0
A17: JUMLAH | C17: =SUM(C9:C16) -> 20 | D17: =SUM(D9:D16) -> 19 | E17: =SUM(E9:E16) -> 59 | F17: =SUM(F9:F16) -> 0 | G17: =SUM(G9:G16) -> 0 | H17: =SUM(H9:H16) -> 0 | I17: =SUM(I9:I16) -> 0 | J17: =SUM(J9:J16) -> 0 | ... O17: =SUM(O9:O16) -> 98
A35: DATA LUAS PANEN KEDELAI PER BULAN
A36: KOTA CILEGON TAHUN 2016
O38: (Ha)
A39: No | B39: Kecamatan | C39: Bulan | O39: Jumlah
C40: Jan | D40: Feb | E40: Maret | F40: Apr | G40: Mei | H40: Juni | I40: Juli | J40: Agst | K40: Sept | L40: Okt | M40: Nov | N40: Des
A41: 1 | B41: 2 | C41: 3 | D41: 4 | E41: 5 | F41: 6 | G41: 7 | H41: 8 | I41: 9 | J41: 10 | K41: 11 | L41: 12 | M41: 13 | N41: 14 | O41: 15
A42: 1 | B42: CIWANDAN | C42: 0 | D42: 0 | E42: 0 | F42: 0 | G42: 0 | H42: 0 | I42: 0 | J42: 0 | K42: 0 | L42: 0 | M42: 0 | N42: 0 | O42: =SUM(C42:N42) -> 0 | Q42: =SUM(C42:E42) -> 0
A43: 2 | B43: CITANGKIL | C43: 1 | D43: 2 | E43: 19 | F43: 3 | G43: 6 | H43: 0 | I43: 0 | J43: 0 | K43: 0 | L43: 0 | M43: 0 | N43: 0 | O43: =SUM(C43:N43) -> 31 | Q43: =SUM(C43:E43) -> 22
A44: 3 | B44: PULOMERAK | C44: 0 | D44: 0 | E44: 40* | F44: 0 | G44: 0 | H44: 0 | I44: 0 | J44: 0 | K44: 0 | L44: 0 | M44: 0 | N44: 0 | O44: =SUM(C44:N44) -> 0 | Q44: =SUM(C44:E44) -> 0
A45: 4 | B45: PURWAKARTA | C45: 0 | D45: 0 | E45: 0 | F45: 0 | G45: 0 | H45: 0 | I45: 0 | J45: 0 | K45: 0 | L45: 0 | M45: 0 | N45: 0 | O45: =SUM(C45:N45) -> 0 | Q45: =SUM(C45:E45) -> 0
A46: 5 | B46: GROGOL | C46: 0 | D46: 4 | E46: 0 | F46: 0 | G46: 10 | H46: 25 | I46: 0 | J46: 0 | K46: 0 | L46: 0 | M46: 0 | N46: 0 | O46: =SUM(C46:N46) -> 39 | Q46: =SUM(C46:E46) -> 4
A47: 6 | B47: CILEGON | C47: 0 | D47: 0 | E47: 0 | F47: 0 | G47: 0 | H47: 0 | I47: 0 | J47: 0 | K47: 0 | L47: 0 | M47: 0 | N47: 0 | O47: =SUM(C47:N47) -> 0 | Q47: =SUM(C47:E47) -> 0
A48: 7 | B48: JOMBANG | C48: 0 | D48: 0 | E48: 0 | F48: 0 | G48: 0 | H48: 0 | I48: 0 | J48: 0 | K48: 0 | L48: 0 | M48: 0 | N48: 0 | O48: =SUM(C48:N48) -> 0 | Q48: =SUM(C48:E48) -> 0
A49: 8 | B49: CIBEBER | C49: 0 | D49: 0 | E49: 0 | F49: 0 | G49: 0 | H49: 28 | I49: 0 | J49: 0 | K49: 0 | L49: 0 | M49: 0 | N49: 0 | O49: =SUM(C49:N49) -> 28 | P49: 15 | Q49: =SUM(C49:E49) -> 0
A50: JUMLAH | C50: =SUM(C42:C49) -> 1 | D50: =SUM(D42:D49) -> 6 | E50: 59 | F50: =SUM(F42:F49) -> 3 | G50: =SUM(G42:G49) -> 16 | H50: =SUM(H42:H49) -> 53 | I50: =SUM(I42:I49) -> 0 | J50: =SUM(J42:J49) -> 0 | K50: =SUM(K42:K49) -> 0 | L50: =SUM(L42:L49) -> 0 | M50: =SUM(M42:M49) -> 0 | ... P50: =SUM(P42:P49) -> 15
A51: Catatan : Cibeber panen muda 5 Ha
A68: DATA PRODUKSI KEDELAI PER BULAN
A69: KOTA CILEGON TAHUN 2016
O71: (Ton)
A72: No | B72: Kecamatan | C72: Bulan | O72: Jumlah
C73: Jan | D73: Feb | E73: Maret | F73: Apr | G73: Mei | H73: Juni | I73: Juli | J73: Agst | K73: Sept | L73: Okt | M73: Nov | N73: Des
A74: 1 | B74: 2 | C74: 3 | D74: 4 | E74: 5 | F74: 6 | G74: 7 | H74: 8 | I74: 9 | J74: 10 | K74: 11 | L74: 12 | M74: 13 | N74: 14 | O74: 15
A75: 1 | B75: CIWANDAN | C75: 0 | D75: 0 | E75: 0 | F75: 0 | G75: 0 | H75: 0 | I75: 0 | J75: 0 | K75: 0 | L75: 0 | M75: 0 | N75: 0 | O75: =SUM(C75:N75) -> 0 | Q75: =SUM(C75:E75) -> 0
A76: 2 | B76: CITANGKIL | C76: 1 | D76: 2 | E76: 15 | F76: 3 | G76: 5 | H76: 0 | I76: 0 | J76: 0 | K76: 0 | L76: 0 | M76: 0 | N76: 0 | O76: =SUM(C76:N76) -> 26 | Q76: =SUM(C76:E76) -> 18
A77: 3 | B77: PULOMERAK | C77: 0 | D77: 0 | E77: 0 | F77: 0 | G77: 9 | H77: 0 | I77: 0 | J77: 0 | K77: 0 | L77: 0 | M77: 0 | N77: 0 | O77: =SUM(C77:N77) -> 9 | Q77: =SUM(C77:E77) -> 0
A78: 4 | B78: PURWAKARTA | C78: 0 | D78: 0 | E78: 0 | F78: 0 | G78: 0 | H78: 0 | I78: 0 | J78: 0 | K78: 0 | L78: 0 | M78: 0 | N78: 0 | O78: =SUM(C78:N78) -> 0 | Q78: =SUM(C78:E78) -> 0
A79: 5 | B79: GROGOL | C79: 0 | D79: 4 | E79: 0 | F79: 0 | G79: 9 | H79: 24 | I79: 0 | J79: 0 | K79: 0 | L79: 0 | M79: 0 | N79: 0 | O79: =SUM(C79:N79) -> 37 | Q79: =SUM(C79:E79) -> 4
A80: 6 | B80: CILEGON | C80: 0 | D80: 0 | E80: 0 | F80: 0 | G80: 0 | H80: 0 | I80: 0 | J80: 0 | K80: 0 | L80: 0 | M80: 0 | N80: 0 | O80: =SUM(C80:N80) -> 0 | Q80: =SUM(C80:E80) -> 0
A81: 7 | B81: JOMBANG | C81: 0 | D81: 0 | E81: 0 | F81: 0 | G81: 0 | H81: 0 | I81: 0 | J81: 0 | K81: 0 | L81: 0 | M81: 0 | N81: 0 | O81: =SUM(C81:N81) -> 0 | Q81: =SUM(C81:E81) -> 0
A82: 8 | B82: CIBEBER | C82: 0 | D82: 0 | E82: 0 | F82: 0 | G82: 0 | H82: 25 | I82: 0 | J82: 0 | K82: 0 | L82: 0 | M82: 0 | N82: 0 | O82: =SUM(C82:N82) -> 25 | Q82: =SUM(C82:E82) -> 0
A83: JUMLAH | C83: =SUM(C75:C82) -> 1 | D83: =SUM(D75:D82) -> 6 | E83: =SUM(E75:E82) -> 15 | F83: =SUM(F75:F82) -> 3 | G83: =SUM(G75:G82) -> 23 | H83: =SUM(H75:H82) -> 49 | I83: =SUM(I75:I82) -> 0 | J83: =SUM(J75:J82) -> 0 | ... O83: =SUM(O75:O82) -> 97
L85: Cilegon, Desember 2016
L86: Kepala Bidang Pertanian
L90: Ir. H. Mas Andang E.P., MM
L91: Pembina Tk. I
L92: NIP. 19640909 199302 1 002
A101: DATA PRODUKTIVITAS KEDELAI PER BULAN
A102: KOTA CILEGON TAHUN 2016
O104: (Ku/Ha)
A105: No | B105: Kecamatan | C105: Bulan | O105: Jumlah
C106: Jan | D106: Feb | E106: Maret | F106: Apr | G106: Mei | H106: Juni | I106: Juli | J106: Agst | K106: Sept | L106: Okt | M106: Nov | N106: Des
A107: 1 | B107: 2 | C107: 3 | D107: 4 | E107: 5 | F107: 6 | G107: 7 | H107: 8 | I107: 9 | J107: 10 | K107: 11 | L107: 12 | M107: 13 | N107: 14 | O107: 15
A108: 1 | B108: CIWANDAN | C108: 0 | D108: 0 | E108: 0 | F108: 0 | G108: 0 | H108: 0 | I108: 0 | J108: 0 | K108: 0 | L108: 0 | M108: 0 | N108: 0 | O108: 0
A109: 2 | B109: CITANGKIL | C109: 10 | D109: 11.12 | E109: 8.19 | F109: 10 | G109: 9.45 | H109: 0 | I109: 0 | J109: 0 | K109: 0 | L109: 0 | M109: 0 | N109: 0 | O109: =O76/O43*10 -> 8.3870968
A110: 3 | B110: PULOMERAK | C110: 0 | D110: 0 | E110: 0 | F110: 0 | G110: 0 | H110: 0 | I110: 0 | J110: 0 | K110: 0 | L110: 0 | M110: 0 | N110: 0 | O110: 0
A111: 4 | B111: PURWAKARTA | C111: 0 | D111: 0 | E111: 0 | F111: 0 | G111: 0 | H111: 0 | I111: 0 | J111: 0 | K111: 0 | L111: 0 | M111: 0 | N111: 0 | O111: 0
A112: 5 | B112: GROGOL | C112: 0 | D112: 10 | E112: 0 | F112: 0 | G112: 9.21 | H112: 9.45 | I112: 0 | J112: 0 | K112: 0 | L112: 0 | M112: 0 | N112: 0 | O112: =O79/O46*10 -> 9.4871795
A113: 6 | B113: CILEGON | C113: 0 | D113: 0 | E113: 0 | F113: 0 | G113: 0 | H113: 0 | I113: 0 | J113: 0 | K113: 0 | L113: 0 | M113: 0 | N113: 0 | O113: 0
A114: 7 | B114: JOMBANG | C114: 0 | D114: 0 | E114: 0 | F114: 0 | G114: 0 | H114: 0 | I114: 0 | J114: 0 | K114: 0 | L114: 0 | M114: 0 | N114: 0 | O114: 0
A115: 8 | B115: CIBEBER | C115: 0 | D115: 0 | E115: 0 | F115: 0 | G115: 0 | H115: 9 | I115: 0 | J115: 0 | K115: 0 | L115: 0 | M115: 0 | N115: 0 | O115: =O82/O49*10 -> 8.9285714
A116: JUMLAH | C116: 10 | D116: =D83/D50*10 -> 10 | E116: 8.19 | F116: 10 | G116: =SUM(G108:G115)/2 -> 9.33 | H116: =SUM(H108:H115)/2 -> 9.225 | I116: 0 | J116: 0 | K116: 0 | L116: 0 | M116: 0 | N116: 0 | O116: =O83/O50*10 -> 9.8979592
K119: Kepala Dinas Pertanian dan Kelautan
K120: Kota Cilegon
K124: H. ANDI AFFANDI, S.Sos
K125: NIP. 19681006 198803 1 001

Sheet kc tanah
A2: DATA LUAS TANAM KACANG TANAH PER BULAN
A3: KOTA CILEGON TAHUN 2016
O5: (Ha)
A6: No | B6: Kecamatan | C6: Bulan | O6: Jumlah
C7: Jan | D7: Feb | E7: Maret | F7: Apr | G7: Mei | H7: Juni | I7: Juli | J7: Agst | K7: Sept | L7: Okt | M7: Nov | N7: Des
A8: 1 | B8: 2 | C8: 3 | D8: 4 | E8: 5 | F8: 6 | G8: 7 | H8: 8 | I8: 9 | J8: 10 | K8: 11 | L8: 12 | M8: 13 | N8: 14 | O8: 15
A9: 1 | B9: CIWANDAN | C9: 31 | D9: 0 | E9: 0 | F9: 25 | G9: 105 | H9: 0 | I9: 0 | J9: 0 | K9: 0 | L9: 77 | M9: 49 | N9: 35 | O9: =SUM(C9:N9) -> 322 | Q9: =SUM(F9:K9) -> 130
A10: 2 | B10: CITANGKIL | C10: 125 | D10: 0 | E10: 0 | F10: 0 | G10: 0 | H10: 0 | I10: 0 | J10: 0 | K10: 0 | L10: 122 | M10: 64 | N10: 0 | O10: =SUM(C10:N10) -> 311 | Q10: =SUM(F10:K10) -> 0
A11: 3 | B11: PULOMERAK | C11: 20 | D11: 0 | E11: 0 | F11: 280 | G11: 0 | H11: 0 | I11: 0 | J11: 0 | K11: 0 | L11: 125 | M11: 180 | N11: 0 | O11: =SUM(C11:N11) -> 605 | Q11: =SUM(F11:K11) -> 280
A12: 4 | B12: PURWAKARTA | C12: 22 | D12: 0 | E12: 18 | F12: 0 | G12: 15 | H12: 3 | I12: 17 | J12: 0 | K12: 0 | L12: 11 | M12: 8 | N12: 2 | O12: =SUM(C12:N12) -> 96 | Q12: =SUM(F12:K12) -> 35
A13: 5 | B13: GROGOL | C13: 96 | D13: 0 | E13: 0 | F13: 115 | G13: 0 | H13: 0 | I13: 0 | J13: 0 | K13: 0 | L13: 0 | M13: 230 | N13: 48 | O13: =SUM(C13:N13) -> 489 | Q13: =SUM(F13:K13) -> 115
A14: 6 | B14: CILEGON | C14: 15 | D14: 0 | E14: 20 | F14: 30 | G14: 0 | H14: 0 | I14: 15 | J14: 5 | K14: 0 | L14: 0 | M14: 15 | N14: 0 | O14: =SUM(C14:N14) -> 100 | Q14: =SUM(F14:K14) -> 50
A15: 7 | B15: JOMBANG | C15: 1 | D15: 0 | E15: 1 | F15: 0 | G15: 0 | H15: 0 | I15: 0 | J15: 0 | K15: 0 | L15: 0 | M15: 0 | N15: 0 | O15: =SUM(C15:N15) -> 2 | Q15: =SUM(F15:K15) -> 0
A16: 8 | B16: CIBEBER | C16: 0 | D16: 2 | E16: 75 | F16: 248 | G16: 0 | I16: 225 | J16: 25 | K16: 35 | L16: 175 | M16: 0 | N16: 50 | O16: =SUM(C16:N16) -> 835 | Q16: =SUM(F16:K16) -> 533
A17: JUMLAH | C17: =SUM(C9:C16) -> 310 | D17: =SUM(D9:D16) -> 2 | E17: =SUM(E9:E16) -> 114 | F17: =SUM(F9:F16) -> 698 | G17: =SUM(G9:G16) -> 120 | H17: =SUM(H9:H16) -> 3 | I17: =SUM(I9:I16) -> 257 | J17: =SUM(J9:J16) -> 30 | ... O17: =SUM(O9:O16) -> 2760 | Q17: =SUM(F17:K17) -> 1143
J19: =SUM(C17:J17) -> 1534
A35: DATA LUAS PANEN KACANG TANAH PER BULAN
A36: KOTA CILEGON TAHUN 2016
O38: (Ha)
A39: No | B39: Kecamatan | C39: Bulan | O39: Jumlah
C40: Jan | D40: Feb | E40: Maret | F40: Apr | G40: Mei | H40: Juni | I40: Juli | J40: Agst | K40: Sept | L40: Okt | M40: Nov | N40: Des
A41: 1 | B41: 2 | C41: 3 | D41: 4 | E41: 5 | F41: 6 | G41: 7 | H41: 8 | I41: 9 | J41: 10 | K41: 11 | L41: 12 | M41: 13 | N41: 14 | O41: 15
A42: 1 | B42: CIWANDAN | C42: 0 | D42: 0 | E42: 185 | F42: 31 | G42: 0 | H42: 25 | I42: 105 | J42: 0 | K42: 0 | L42: 0 | M42: 0 | N42: 0 | O42: =SUM(C42:N42) -> 346 | Q42: =SUM(F42:K42) -> 161
A43: 2 | B43: CITANGKIL | C43: 0 | D43: 0 | E43: 0 | F43: 0 | G43: 123 | H43: 63 | I43: 0 | J43: 0 | K43: 0 | L43: 0 | M43: 0 | N43: 0 | O43: =SUM(C43:N43) -> 186 | Q43: =SUM(F43:K43) -> 186
A44: 3 | B44: PULOMERAK | C44: 0 | D44: 0 | E44: 275 | F44: 20 | G44: 0 | H44: 0 | I44: 280 | J44: 0 | K44: 0 | L44: 0 | M44: 0 | N44: 0 | O44: =SUM(C44:N44) -> 575 | Q44: =SUM(F44:K44) -> 300
A45: 4 | B45: PURWAKARTA | C45: 0 | D45: 5 | E45: 141 | F45: 5 | G45: 0 | H45: 18 | I45: 0 | J45: 15 | K45: 20 | L45: 17 | M45: 0 | N45: 0 | O45: =SUM(C45:N45) -> 221 | Q45: =SUM(F45:K45) -> 58
A46: 5 | B46: GROGOL | C46: 0 | D46: 0 | E46: 102 | F46: 96 | G46: 0 | H46: 0 | I46: 115 | J46: 0 | K46: 0 | L46: 0 | M46: 0 | N46: 0 | O46: =SUM(C46:N46) -> 313 | Q46: =SUM(F46:K46) -> 211
A47: 6 | B47: CILEGON | C47: 0 | D47: 15 | E47: 65 | F47: 0 | G47: 0 | H47: 50 | I47: 0 | J47: 0 | K47: 0 | L47: 15 | M47: 5 | N47: 0 | O47: =SUM(C47:N47) -> 150 | Q47: =SUM(F47:K47) -> 50
A48: 7 | B48: JOMBANG | C48: 0 | D48: 0 | E48: 1 | F48: 0 | G48: 0 | H48: 1 | I48: 0 | J48: 0 | K48: 0 | L48: 0 | M48: 0 | N48: 0 | O48: =SUM(C48:N48) -> 2 | Q48: =SUM(F48:K48) -> 1
A49: 8 | B49: CIBEBER | C49: 0 | D49: 0 | E49: 332 | F49: 0 | G49: 2 | I49: 248 | J49: 0 | K49: 30 | L49: 225 | M49: 25 | N49: 175 | O49: =SUM(C49:N49) -> 1037 | Q49: =SUM(F49:K49) -> 280
A50: JUMLAH | C50: =SUM(C42:C49) -> 0 | D50: =SUM(D42:D49) -> 20 | E50: =SUM(E42:E49) -> 1101 | F50: =SUM(F42:F49) -> 152 | G50: =SUM(G42:G49) -> 125 | H50: =SUM(H42:H49) -> 157 | I50: =SUM(I42:I49) -> 748 | J50: =SUM(J42:J49) -> 15 | ... O50: =SUM(O42:O49) -> 2830 | Q50: =SUM(F50:K50) -> 1247
A68: DATA PRODUKSI KACANG TANAH PER BULAN
A69: KOTA CILEGON TAHUN 2016
O71: (Ton)
A72: No | B72: Kecamatan | C72: Bulan | O72: Jumlah
C73: Jan | D73: Feb | E73: Maret | F73: Apr | G73: Mei | H73: Juni | I73: Juli | J73: Agst | K73: Sept | L73: Okt | M73: Nov | N73: Des
A74: 1 | B74: 2 | C74: 3 | D74: 4 | E74: 5 | F74: 6 | G74: 7 | H74: 8 | I74: 9 | J74: 10 | K74: 11 | L74: 12 | M74: 13 | N74: 14 | O74: 15
A75: 1 | B75: CIWANDAN | C75: 0 | D75: 0 | E75: 155 | F75: 24 | G75: 0 | H75: 18 | I75: 69 | J75: 0 | K75: 0 | L75: 0 | M75: 0 | N75: 0 | O75: =SUM(C75:N75) -> 266 | Q75: =SUM(F75:K75) -> 111
A76: 2 | B76: CITANGKIL | C76: 0 | D76: 0 | E76: 0 | F76: 0 | G76: 123 | H76: 47 | I76: 0 | J76: 0 | K76: 0 | L76: 0 | M76: 0 | N76: 0 | O76: =SUM(C76:N76) -> 170 | Q76: =SUM(F76:K76) -> 170
A77: 3 | B77: PULOMERAK | C77: 0 | D77: 0 | E77: 247 | F77: 18 | G77: 0 | H77: 0 | I77: 206 | J77: 0 | K77: 0 | L77: 0 | M77: 0 | N77: 0 | O77: =SUM(C77:N77) -> 471 | Q77: =SUM(F77:K77) -> 224
A78: 4 | B78: PURWAKARTA | C78: 4 | D78: 5 | E78: 147 | F78: 5 | G78: 0 | H78: 17 | I78: 0 | J78: 22 | K78: 16 | L78: 19 | M78: 0 | N78: 0 | O78: =SUM(C78:N78) -> 235 | Q78: =SUM(F78:K78) -> 60
A79: 5 | B79: GROGOL | C79: 0 | D79: 0 | E79: 209 | F79: 147 | G79: 0 | H79: 0 | I79: 93 | J79: 0 | K79: 0 | L79: 0 | M79: 0 | N79: 0 | O79: =SUM(C79:N79) -> 449 | Q79: =SUM(F79:K79) -> 240
A80: 6 | B80: CILEGON | C80: 0 | D80: 15 | E80: 66 | F80: 0 | G80: 0 | H80: 58 | I80: 0 | J80: 0 | K80: 0 | L80: 16 | M80: 7 | N80: 0 | O80: =SUM(C80:N80) -> 162 | Q80: =SUM(F80:K80) -> 58
A81: 7 | B81: JOMBANG | C81: 0 | D81: 0 | E81: 1 | F81: 0 | G81: 0 | H81: 1 | I81: 0 | J81: 0 | K81: 0 | L81: 0 | M81: 0 | N81: 0 | O81: =SUM(C81:N81) -> 2 | Q81: =SUM(F81:K81) -> 1
A82: 8 | B82: CIBEBER | C82: 0 | D82: 0 | E82: 680 | F82: 0 | G82: 2 | H82: 59 | I82: 214 | J82: 0 | K82: 26 | L82: 255 | M82: 28 | N82: 151 | O82: =SUM(C82:N82) -> 1415 | Q82: =SUM(F82:K82) -> 301
A83: JUMLAH | C83: =SUM(C75:C82) -> 4 | D83: =SUM(D75:D82) -> 20 | E83: =SUM(E75:E82) -> 1505 | F83: =SUM(F75:F82) -> 194 | G83: =SUM(G75:G82) -> 125 | H83: =SUM(H75:H82) -> 200 | I83: =SUM(I75:I82) -> 582 | J83: =SUM(J75:J82) -> 22 | ... O83: =SUM(O75:O82) -> 3170 | Q83: =SUM(F83:K83) -> 1165 | R83: =O83/0.32 -> 9906.25
L85: Cilegon, Desember 2016 | R85: =R83/O50 -> 3.5004417
L86: Kepala Bidang Pertanian
L90: Ir. H. Mas Andang E.P., MM
L91: Pembina Tk. I
L92: NIP. 19640909 199302 1 002
A101: DATA PRODUKTIVITAS KACANG TANAH PER BULAN
A102: KOTA CILEGON TAHUN 2016
O104: (Ku/Ha)
A105: No | B105: Kecamatan | C105: Bulan | O105: Jumlah
C106: Jan | D106: Feb | E106: Maret | F106: Apr | G106: Mei | H106: Juni | I106: Juli | J106: Agst | K106: Sept | L106: Okt | M106: Nov | N106: Des
A107: 1 | B107: 2 | C107: 3 | D107: 4 | E107: 5 | F107: 6 | G107: 7 | H107: 8 | I107: 9 | J107: 10 | K107: 11 | L107: 12 | M107: 13 | N107: 14 | O107: 15
A108: 1 | B108: CIWANDAN | C108: 0 | D108: 0 | E108: 8.36 | F108: 7.68 | G108: 0 | H108: 7.11 | I108: 6.56 | J108: 0 | K108: 0 | L108: 0 | M108: 0 | N108: 0 | O108: =O75/O42*10 -> 7.6878613 | Q108: =O108/0.32 -> 24.024566
A109: 2 | B109: CITANGKIL | C109: 0 | D109: 0 | E109: 0 | F109: 0 | G109: 10.01 | H109: 7.51 | I109: 0 | J109: 0 | K109: 0 | L109: 0 | M109: 0 | N109: 0 | O109: =O76/O43*10 -> 9.1397849 | Q109: =O109/0.32 -> 28.561828
A110: 3 | B110: PULOMERAK | C110: 0 | D110: 0 | E110: 9 | F110: 9 | G110: 0 | H110: 0 | I110: 7.36 | J110: 0 | K110: 0 | L110: 0 | M110: 0 | N110: 0 | O110: =O77/O44*10 -> 8.1913043 | Q110: =O110/0.32 -> 25.597826
A111: 4 | B111: PURWAKARTA | C111: 12 | D111: 10.03 | E111: 10.45 | F111: 9.15 | G111: 0 | H111: 9.28 | I111: 0 | J111: 14.4 | K111: 8.19 | L111: 11.25 | M111: 0 | N111: 0 | O111: =O78/O45*10 -> 10.633484 | Q111: =O111/0.32 -> 33.229638
A112: 5 | B112: GROGOL | C112: 0 | D112: 0 | E112: 20.48 | F112: 15.36 | G112: 0 | H112: 0 | I112: 8.11 | J112: 0 | K112: 0 | L112: 0 | M112: 0 | N112: 0 | O112: =O79/O46*10 -> 14.345048 | Q112: =O112/0.32 -> 44.828275
A113: 6 | B113: CILEGON | C113: 0 | D113: 10.25 | E113: 10.11 | F113: 0 | G113: 0 | H113: 11.52 | I113: 0 | J113: 0 | K113: 0 | L113: 10.88 | M113: 13.76 | N113: 0 | O113: =O80/O47*10 -> 10.8 | Q113: =O113/0.32 -> 33.75 | S113: =5804/2337*10 -> 24.835259
A114: 7 | B114: JOMBANG | C114: 0 | D114: 0 | E114: 10 | F114: 0 | G114: 0 | H114: 7 | I114: 0 | J114: 0 | K114: 0 | L114: 0 | M114: 0 | N114: 0 | O114: =O81/O48*10 -> 10 | Q114: =O114/0.32 -> 31.25
A115: 8 | B115: CIBEBER | C115: 0 | D115: 0 | E115: 20.45 | F115: 0 | G115: 8 | H115: 7.81 | I115: 8.64 | J115: 0 | K115: 8.64 | L115: 11.32 | M115: 11.2 | N115: 8.63 | O115: =O82/O49*10 -> 13.64513 | Q115: =O115/0.32 -> 42.641032
A116: JUMLAH | C116: 12 | D116: =D83/D50*10 -> 10 | E116: =E83/E50*10 -> 13.669391 | F116: =F83/F50*10 -> 12.763158 | G116: =G83/G50*10 -> 10 | H116: =H83/H50*10 -> 12.738854 | I116: =I83/I50*10 -> 7.7807487 | J116: 14.4 | K116: =K83/K50*10 -> 8.4 | L116: =L83/L50*10 -> 11.284047 | M116: =M83/M50*10 -> 11.666667 | N116: =N83/N50*10 -> 8.6285714 | O116: =O83/O50*10 -> 11.201413 | Q116: =11.94/0.32 -> 37.3125
K119: Kepala Dinas Pertanian dan Kelautan
K120: Kota Cilegon
K124: H. ANDI AFFANDI, S.Sos
K125: NIP. 19681006 198803 1 001

Sheet ubi kayu
A2: DATA LUAS TANAM UBI KAYU PER BULAN
A3: KOTA CILEGON TAHUN 2016
O5: (Ha)
A6: No | B6: Kecamatan | C6: Bulan | O6: Jumlah
C7: Jan | D7: Feb | E7: Maret | F7: Apr | G7: Mei | H7: Juni | I7: Juli | J7: Agst | K7: Sept | L7: Okt | M7: Nov | N7: Des
A8: 1 | B8: 2 | C8: 3 | D8: 4 | E8: 5 | F8: 6 | G8: 7 | H8: 8 | I8: 9 | J8: 10 | K8: 11 | L8: 12 | M8: 13 | N8: 14 | O8: 15 | Q8: APR-SEP
A9: 1 | B9: CIWANDAN | C9: 2 | D9: 10 | E9: 0 | F9: 0 | G9: 0 | H9: 0 | I9: 0 | J9: 0 | K9: 0 | L9: 1 | M9: 5 | N9: 0 | O9: =SUM(C9:N9) -> 18 | Q9: =SUM(F9:K9) -> 0
A10: 2 | B10: CITANGKIL | C10: 1 | D10: 0 | E10: 0 | F10: 0 | G10: 1 | H10: 1 | I10: 1 | J10: 0 | K10: 0 | L10: 0 | M10: 0 | N10: 1 | O10: =SUM(C10:N10) -> 5 | Q10: =SUM(F10:K10) -> 3
A11: 3 | B11: PULOMERAK | C11: 0 | D11: 0 | E11: 0 | F11: 0 | G11: 0 | H11: 0 | I11: 0 | J11: 0 | K11: 0 | L11: 4 | M11: 3 | N11: 2 | O11: =SUM(C11:N11) -> 9 | Q11: =SUM(F11:K11) -> 0
A12: 4 | B12: PURWAKARTA | C12: 0 | D12: 0 | E12: 0 | F12: 0 | G12: 2 | H12: 0 | I12: 0 | J12: 0 | K12: 2 | L12: 0 | M12: 2 | N12: 1 | O12: =SUM(C12:N12) -> 7 | Q12: =SUM(F12:K12) -> 4
A13: 5 | B13: GROGOL | C13: 0 | D13: 0 | E13: 0 | F13: 0 | G13: 0 | H13: 0 | I13: 0 | J13: 0 | K13: 0 | L13: 0 | M13: 1 | N13: 0 | O13: =SUM(C13:N13) -> 1 | Q13: =SUM(F13:K13) -> 0
A14: 6 | B14: CILEGON | C14: 0 | D14: 0 | E14: 5 | F14: 0 | G14: 0 | H14: 0 | I14: 3 | J14: 0 | K14: 0 | L14: 0 | M14: 0 | N14: 3 | O14: =SUM(C14:N14) -> 11 | Q14: =SUM(F14:K14) -> 3
A15: 7 | B15: JOMBANG | C15: 0 | D15: 0 | E15: 0 | F15: 0 | G15: 0 | H15: 0 | I15: 0 | J15: 0 | K15: 0 | L15: 0 | M15: 0 | N15: 0 | O15: =SUM(C15:N15) -> 0 | Q15: =SUM(F15:K15) -> 0
A16: 8 | B16: CIBEBER | C16: 0 | D16: 2 | E16: 2 | F16: 2 | G16: 0 | I16: 2 | J16: 0 | K16: 3 | L16: 5 | M16: 0 | N16: 0 | O16: =SUM(C16:N16) -> 16 | Q16: =SUM(F16:K16) -> 7
A17: JUMLAH | C17: =SUM(C9:C16) -> 3 | D17: =SUM(D9:D16) -> 12 | E17: =SUM(E9:E16) -> 7 | F17: =SUM(F9:F16) -> 2 | G17: =SUM(G9:G16) -> 3 | H17: =SUM(H9:H16) -> 1 | I17: =SUM(I9:I16) -> 6 | J17: =SUM(J9:J16) -> 0 | ... O17: =SUM(O9:O16) -> 67 | Q17: =SUM(F17:K17) -> 17
A34: DATA LUAS PANEN UBI KAYU PER BULAN
A35: KOTA CILEGON TAHUN 2016
O37: (Ha)
A38: No | B38: Kecamatan | C38: Bulan | O38: Jumlah
C39: Jan | D39: Feb | E39: Maret | F39: Apr | G39: Mei | H39: Juni | I39: Juli | J39: Agst | K39: Sept | L39: Okt | M39: Nov | N39: Des
A40: 1 | B40: 2 | C40: 3 | D40: 4 | E40: 5 | F40: 6 | G40: 7 | H40: 8 | I40: 9 | J40: 10 | K40: 11 | L40: 12 | M40: 13 | N40: 14 | O40: 15
A41: 1 | B41: CIWANDAN | C41: 0 | D41: 0 | E41: 0 | F41: 0 | G41: 0 | H41: 0 | I41: 9 | J41: 2 | K41: 0 | L41: 2 | M41: 0 | N41: 0 | O41: =SUM(C41:N41) -> 13 | Q41: =SUM(F41:K41) -> 11
A42: 2 | B42: CITANGKIL | C42: 0 | D42: 0 | E42: 0 | F42: 0 | G42: 1 | H42: 0 | I42: 0 | J42: 0 | K42: 1 | L42: 0 | M42: 0 | N42: 0 | O42: =SUM(C42:N42) -> 2 | Q42: =SUM(F42:K42) -> 2
A43: 3 | B43: PULOMERAK | C43: 0 | D43: 0 | E43: 0 | F43: 4 | G43: 0 | H43: 0 | I43: 0 | J43: 2 | K43: 0 | L43: 2 | M43: 0 | N43: 0 | O43: =SUM(C43:N43) -> 8 | Q43: =SUM(F43:K43) -> 6
A44: 4 | B44: PURWAKARTA | C44: 0 | D44: 0 | E44: 0 | F44: 1 | G44: 0 | H44: 2 | I44: 0 | J44: 0 | K44: 0 | L44: 0 | M44: 1 | N44: 2 | O44: =SUM(C44:N44) -> 6 | Q44: =SUM(F44:K44) -> 3
A45: 5 | B45: GROGOL | C45: 0 | D45: 0 | E45: 0 | F45: 0 | G45: 0 | H45: 1 | I45: 0 | J45: 0 | K45: 0 | L45: 0 | M45: 0 | N45: 0 | O45: =SUM(C45:N45) -> 1 | Q45: =SUM(F45:K45) -> 1
A46: 6 | B46: CILEGON | C46: 0 | D46: 0 | E46: 0 | F46: 0 | G46: 0 | H46: 0 | I46: 2 | J46: 2 | K46: 0 | L46: 0 | M46: 4 | N46: 0 | O46: =SUM(C46:N46) -> 8 | Q46: =SUM(F46:K46) -> 4
A47: 7 | B47: JOMBANG | C47: 0 | D47: 0 | E47: 0 | F47: 0 | G47: 0 | H47: 0 | I47: 0 | J47: 0 | K47: 0 | L47: 0 | M47: 0 | N47: 0 | O47: =SUM(C47:N47) -> 0 | Q47: =SUM(F47:K47) -> 0
A48: 8 | B48: CIBEBER | C48: 4 | D48: 0 | E48: 4 | F48: 0 | G48: 0 | I48: 0 | J48: 0 | K48: 8 | L48: 0 | M48: 0 | N48: 2 | O48: =SUM(C48:N48) -> 18 | Q48: =SUM(F48:K48) -> 8
A49: JUMLAH | C49: =SUM(C41:C48) -> 4 | D49: =SUM(D41:D48) -> 0 | E49: =SUM(E41:E48) -> 4 | F49: =SUM(F41:F48) -> 5 | G49: =SUM(G41:G48) -> 1 | H49: =SUM(H41:H48) -> 3 | I49: =SUM(I41:I48) -> 11 | J49: =SUM(J41:J48) -> 6 | ... O49: =SUM(O41:O48) -> 56 | Q49: =SUM(F49:K49) -> 35
A68: DATA PRODUKSI UBI KAYU PER BULAN
A69: KOTA CILEGON TAHUN 2016
O71: (Ton)
A72: No | B72: Kecamatan | C72: Bulan | O72: Jumlah
C73: Jan | D73: Feb | E73: Maret | F73: Apr | G73: Mei | H73: Juni | I73: Juli | J73: Agst | K73: Sept | L73: Okt | M73: Nov | N73: Des
A74: 1 | B74: 2 | C74: 3 | D74: 4 | E74: 5 | F74: 6 | G74: 7 | H74: 8 | I74: 9 | J74: 10 | K74: 11 | L74: 12 | M74: 13 | N74: 14 | O74: 15
A75: 1 | B75: CIWANDAN | C75: 0 | D75: 0 | E75: 0 | F75: 0 | G75: 0 | H75: 0 | I75: 89 | J75: 18 | K75: 0 | L75: 19 | M75: 0 | N75: 0 | O75: =SUM(C75:N75) -> 126 | Q75: =SUM(F75:K75) -> 107
A76: 2 | B76: CITANGKIL | C76: 0 | D76: 0 | E76: 0 | F76: 0 | G76: 12 | H76: 0 | I76: 0 | J76: 0 | K76: 10 | L76: 0 | M76: 0 | N76: 0 | O76: =SUM(C76:N76) -> 22 | Q76: =SUM(F76:K76) -> 22
A77: 3 | B77: PULOMERAK | C77: 0 | D77: 0 | E77: 0 | F77: 68 | G77: 0 | H77: 0 | I77: 0 | J77: 34 | K77: 0 | L77: 26 | M77: 0 | N77: 0 | O77: =SUM(C77:N77) -> 128 | Q77: =SUM(F77:K77) -> 102
A78: 4 | B78: PURWAKARTA | C78: 0 | D78: 0 | E78: 0 | F78: 12 | G78: 0 | H78: 30 | I78: 0 | J78: 0 | K78: 0 | L78: 0 | M78: 15 | N78: 37 | O78: =SUM(C78:N78) -> 94 | Q78: =SUM(F78:K78) -> 42
A79: 5 | B79: GROGOL | C79: 0 | D79: 0 | E79: 0 | F79: 0 | G79: 0 | H79: 11 | I79: 0 | J79: 0 | K79: 0 | L79: 0 | M79: 0 | N79: 0 | O79: =SUM(C79:N79) -> 11 | Q79: =SUM(F79:K79) -> 11
A80: 6 | B80: CILEGON | C80: 0 | D80: 0 | E80: 0 | F80: 0 | G80: 0 | H80: 0 | I80: 34 | J80: 40 | K80: 0 | L80: 0 | M80: 60 | N80: 0 | O80: =SUM(C80:N80) -> 134 | Q80: =SUM(F80:K80) -> 74
A81: 7 | B81: JOMBANG | C81: 0 | D81: 0 | E81: 0 | F81: 0 | G81: 0 | H81: 0 | I81: 0 | J81: 0 | K81: 0 | L81: 0 | M81: 0 | N81: 0 | O81: =SUM(C81:N81) -> 0 | Q81: =SUM(F81:K81) -> 0
A82: 8 | B82: CIBEBER | C82: 33 | D82: 0 | E82: 60 | F82: 0 | G82: 0 | I82: 0 | J82: 0 | K82: 64 | L82: 0 | M82: 0 | N82: 31 | O82: =SUM(C82:N82) -> 188 | Q82: =SUM(F82:K82) -> 64
A83: JUMLAH | C83: =SUM(C75:C82) -> 33 | D83: =SUM(D75:D82) -> 0 | E83: =SUM(E75:E82) -> 60 | F83: =SUM(F75:F82) -> 80 | G83: =SUM(G75:G82) -> 12 | H83: =SUM(H75:H82) -> 41 | I83: =SUM(I75:I82) -> 123 | J83: =SUM(J75:J82) -> 92 | ... O83: =SUM(O75:O82) -> 703 | Q83: =SUM(F83:K83) -> 422
L85: Cilegon, Desember 2016
L86: Kepala Bidang Pertanian
L90: Ir. H. Mas Andang E.P., MM
L91: Pembina Tk. I
L92: NIP. 19640909 199302 1 002
A96: DATA PRODUKTIVITAS UBI KAYU PER BULAN
A97: KOTA CILEGON TAHUN 2016
O99: (Ku/Ha)
A100: No | B100: Kecamatan | C100: Bulan | O100: Jumlah
C101: Jan | D101: Feb | E101: Maret | F101: Apr | G101: Mei | H101: Juni | I101: Juli | J101: Agst | K101: Sept | L101: Okt | M101: Nov | N101: Des
A102: 1 | B102: 2 | C102: 3 | D102: 4 | E102: 5 | F102: 6 | G102: 7 | H102: 8 | I102: 9 | J102: 10 | K102: 11 | L102: 12 | M102: 13 | N102: 14 | O102: 15
A103: 1 | B103: CIWANDAN | C103: 0 | D103: 0 | E103: 0 | F103: 0 | G103: 0 | H103: 0 | I103: 99.2 | J103: 89.2 | K103: 0 | L103: 95.21 | M103: 0 | N103: 0 | O103: =O75/O41*10 -> 96.923077
A104: 2 | B104: CITANGKIL | C104: 0 | D104: 0 | E104: 0 | F104: 0 | G104: 120 | H104: 0 | I104: 0 | J104: 0 | K104: 100.15 | L104: 0 | M104: 0 | N104: 0 | O104: 0
A105: 3 | B105: PULOMERAK | C105: 0 | D105: 0 | E105: 0 | F105: 170.08 | G105: 0 | H105: 0 | I105: 0 | J105: 170.11 | K105: 0 | L105: 131.5 | M105: 0 | N105: 0 | O105: 0
A106: 4 | B106: PURWAKARTA | C106: 0 | D106: 0 | E106: 0 | F106: 125.66 | G106: 0 | H106: 150.05 | I106: 0 | J106: 0 | K106: 0 | L106: 0 | M106: 150.25 | N106: 187 | O106: =(O78/O44)*10 -> 156.66667
A107: 5 | B107: GROGOL | C107: 0 | D107: 0 | E107: 0 | F107: 0 | G107: 0 | H107: 110.85 | I107: 0 | J107: 0 | K107: 0 | L107: 0 | M107: 0 | N107: 0 | O107: =(O79/O45)*10 -> 110
A108: 6 | B108: CILEGON | C108: 0 | D108: 0 | E108: 0 | F108: 0 | G108: 0 | H108: 0 | I108: 170 | J108: 200.05 | K108: 0 | L108: 0 | M108: 150.01 | N108: 0 | O108: =(O80/O46)*10 -> 167.5
A109: 7 | B109: JOMBANG | C109: 0 | D109: 0 | E109: 0 | F109: 0 | G109: 0 | H109: 0 | I109: 0 | J109: 0 | K109: 0 | L109: 0 | M109: 0 | N109: 0 | O109: 0
A110: 8 | B110: CIBEBER | C110: 83.05 | D110: 0 | E110: 150.01 | F110: 0 | G110: 0 | H110: 0 | I110: 0 | J110: 0 | K110: 80.5 | L110: 0 | M110: 0 | N110: 157.5 | O110: 0
A111: JUMLAH | C111: 83.05 | D111: 0 | E111: 150.01 | F111: =F83/F49*10 -> 160 | G111: =G83/G49*10 -> 120 | H111: =H83/H49*10 -> 136.66667 | I111: =I83/I49*10 -> 111.81818 | J111: =J83/J49*10 -> 153.33333 | K111: =K83/K49*10 -> 82.222222 | L111: =L83/L49*10 -> 112.5 | M111: =M83/M49*10 -> 150 | ... O111: =O83/O49*10 -> 125.53571
K114: Kepala Dinas Pertanian dan Kelautan
K115: Kota Cilegon
K119: H. ANDI AFFANDI, S.Sos
K120: NIP. 19681006 198803 1 001

Sheet ubi jalar
A2: DATA LUAS TANAM UBI JALAR PER BULAN
A3: KOTA CILEGON TAHUN 2016
O5: (Ha)
A6: No | B6: Kecamatan | C6: Bulan | O6: Jumlah
C7: Jan | D7: Feb | E7: Maret | F7: Apr | G7: Mei | H7: Juni | I7: Juli | J7: Agst | K7: Sept | L7: Okt | M7: Nov | N7: Des
A8: 1 | B8: 2 | C8: 3 | D8: 4 | E8: 5 | F8: 6 | G8: 7 | H8: 8 | I8: 9 | J8: 10 | K8: 11 | L8: 12 | M8: 13 | N8: 14 | O8: 15 | Q8: APR-SEP
A9: 1 | B9: CIWANDAN | C9: 1 | D9: 4 | E9: 0 | F9: 2 | G9: 0 | H9: 0 | I9: 0 | J9: 0 | K9: 0 | L9: 1 | M9: 2 | N9: 2 | O9: =SUM(C9:N9) -> 12 | Q9: =SUM(F9:K9) -> 2
A10: 2 | B10: CITANGKIL | C10: 2 | D10: 0 | E10: 0 | F10: 0 | G10: 0 | H10: 1 | I10: 1 | J10: 0 | K10: 1 | L10: 1 | M10: 0 | N10: 0 | O10: =SUM(C10:N10) -> 6 | Q10: =SUM(F10:K10) -> 3
A11: 3 | B11: PULOMERAK | C11: 0 | D11: 0 | E11: 0 | F11: 0 | G11: 0 | H11: 0 | I11: 0 | J11: 0 | K11: 0 | L11: 0 | M11: 0 | N11: 0 | O11: =SUM(C11:N11) -> 0 | Q11: =SUM(F11:K11) -> 0
A12: 4 | B12: PURWAKARTA | C12: 0 | D12: 0 | E12: 0 | F12: 1 | G12: 1 | H12: 0 | I12: 0 | J12: 0 | K12: 1 | L12: 1 | M12: 1 | N12: 2 | O12: =SUM(C12:N12) -> 7 | Q12: =SUM(F12:K12) -> 3
A13: 5 | B13: GROGOL | C13: 0 | D13: 0 | E13: 2 | F13: 0 | G13: 1 | H13: 0 | I13: 0 | J13: 0 | K13: 0 | L13: 0 | M13: 0 | N13: 0 | O13: =SUM(C13:N13) -> 3 | Q13: =SUM(F13:K13) -> 1
A14: 6 | B14: CILEGON | C14: 0 | D14: 0 | E14: 0 | F14: 0 | G14: 0 | H14: 0 | I14: 0 | J14: 0 | K14: 0 | L14: 0 | M14: 0 | N14: 0 | O14: =SUM(C14:N14) -> 0 | Q14: =SUM(F14:K14) -> 0
A15: 7 | B15: JOMBANG | C15: 0 | D15: 0 | E15: 0 | F15: 0 | G15: 0 | H15: 0 | I15: 0 | J15: 0 | K15: 0 | L15: 0 | M15: 0 | N15: 0 | O15: =SUM(C15:N15) -> 0 | Q15: =SUM(F15:K15) -> 0
A16: 8 | B16: CIBEBER | C16: 0 | D16: 0 | E16: 1 | F16: 0 | G16: 0 | I16: 0 | J16: 1 | K16: 1 | L16: 1 | M16: 0 | N16: 0 | O16: =SUM(C16:N16) -> 4 | Q16: =SUM(F16:K16) -> 2
A17: JUMLAH | C17: =SUM(C9:C16) -> 3 | D17: =SUM(D9:D16) -> 4 | E17: =SUM(E9:E16) -> 3 | F17: =SUM(F9:F16) -> 3 | G17: =SUM(G9:G16) -> 2 | H17: =SUM(H9:H16) -> 1 | I17: =SUM(I9:I16) -> 1 | J17: =SUM(J9:J16) -> 1 | ... O17: =SUM(O9:O16) -> 32 | Q17: =SUM(F17:K17) -> 11
A35: DATA LUAS PANEN UBI JALAR PER BULAN
A36: KOTA CILEGON TAHUN 2016
O38: (Ha)
A39: No | B39: Kecamatan | C39: Bulan | O39: Jumlah
C40: Jan | D40: Feb | E40: Maret | F40: Apr | G40: Mei | H40: Juni | I40: Juli | J40: Agst | K40: Sept | L40: Okt | M40: Nov | N40: Des
A41: 1 | B41: 2 | C41: 3 | D41: 4 | E41: 5 | F41: 6 | G41: 7 | H41: 8 | I41: 9 | J41: 10 | K41: 11 | L41: 12 | M41: 13 | N41: 14 | O41: 15
A42: 1 | B42: CIWANDAN | C42: 0 | D42: 0 | E42: 3 | F42: 4 | G42: 0 | H42: 0 | I42: 0 | J42: 2 | K42: 0 | L42: 0 | M42: 0 | N42: 0 | O42: =SUM(C42:N42) -> 9 | Q42: =SUM(F42:K42) -> 6
A43: 2 | B43: CITANGKIL | C43: 0 | D43: 0 | E43: 0 | F43: 0 | G43: 3 | H43: 0 | I43: 0 | J43: 0 | K43: 0 | L43: 1 | M43: 0 | N43: 0 | O43: =SUM(C43:N43) -> 4 | Q43: =SUM(F43:K43) -> 3
A44: 3 | B44: PULOMERAK | C44: 0 | D44: 0 | E44: 0 | F44: 0 | G44: 0 | H44: 0 | I44: 0 | J44: 0 | K44: 0 | L44: 0 | M44: 0 | N44: 0 | O44: =SUM(C44:N44) -> 0 | Q44: =SUM(F44:K44) -> 0
A45: 4 | B45: PURWAKARTA | C45: 0 | D45: 0 | E45: 1 | F45: 1 | G45: 0 | H45: 0 | I45: 0 | J45: 0 | K45: 0 | L45: 2 | M45: 0 | N45: 2 | O45: =SUM(C45:N45) -> 6 | Q45: =SUM(F45:K45) -> 1
A46: 5 | B46: GROGOL | C46: 0 | D46: 0 | E46: 1 | F46: 0 | G46: 0 | H46: 0 | I46: 1 | J46: 0 | K46: 0 | L46: 1 | M46: 0 | N46: 0 | O46: =SUM(C46:N46) -> 3 | Q46: =SUM(F46:K46) -> 1
A47: 6 | B47: CILEGON | C47: 0 | D47: 0 | E47: 0 | F47: 0 | G47: 0 | H47: 0 | I47: 0 | J47: 0 | K47: 0 | L47: 0 | M47: 0 | N47: 0 | O47: =SUM(C47:N47) -> 0 | Q47: =SUM(F47:K47) -> 0
A48: 7 | B48: JOMBANG | C48: 0 | D48: 0 | E48: 0 | F48: 0 | G48: 0 | H48: 0 | I48: 0 | J48: 0 | K48: 0 | L48: 0 | M48: 0 | N48: 0 | O48: =SUM(C48:N48) -> 0 | Q48: =SUM(F48:K48) -> 0
A49: 8 | B49: CIBEBER | C49: 1 | D49: 0 | E49: 1 | F49: 0 | G49: 0 | H49: 0 | I49: 0 | J49: 0 | K49: 2 | L49: 1 | M49: 0 | N49: 0 | O49: =SUM(C49:N49) -> 5 | Q49: =SUM(F49:K49) -> 2
A50: JUMLAH | C50: =SUM(C42:C49) -> 1 | D50: =SUM(D42:D49) -> 0 | E50: =SUM(E42:E49) -> 6 | F50: =SUM(F42:F49) -> 5 | G50: =SUM(G42:G49) -> 3 | H50: =SUM(H42:H49) -> 0 | I50: =SUM(I42:I49) -> 1 | J50: =SUM(J42:J49) -> 2 | ... O50: =SUM(O42:O49) -> 27 | Q50: =SUM(F50:K50) -> 13
A68: DATA PRODUKSI UBI JALAR PER BULAN
A69: KOTA CILEGON TAHUN 2016
O71: (Ton)
A72: No | B72: Kecamatan | C72: Bulan | O72: Jumlah
C73: Jan | D73: Feb | E73: Maret | F73: Apr | G73: Mei | H73: Juni | I73: Juli | J73: Agst | K73: Sept | L73: Okt | M73: Nov | N73: Des
A74: 1 | B74: 2 | C74: 3 | D74: 4 | E74: 5 | F74: 6 | G74: 7 | H74: 8 | I74: 9 | J74: 10 | K74: 11 | L74: 12 | M74: 13 | N74: 14 | O74: 15
A75: 1 | B75: CIWANDAN | C75: 0 | D75: 0 | E75: 33 | F75: 38 | G75: 0 | H75: 0 | I75: 0 | J75: 17 | K75: 0 | L75: 0 | M75: 0 | N75: 0 | O75: =SUM(C75:N75) -> 88 | Q75: =SUM(F75:K75) -> 55
A76: 2 | B76: CITANGKIL | C76: 0 | D76: 0 | E76: 0 | F76: 0 | G76: 30 | H76: 0 | I76: 0 | J76: 0 | K76: 0 | L76: 9 | M76: 0 | N76: 0 | O76: =SUM(C76:N76) -> 39 | Q76: =SUM(F76:K76) -> 30
A77: 3 | B77: PULOMERAK | C77: 0 | D77: 0 | E77: 0 | F77: 0 | G77: 0 | H77: 0 | I77: 0 | J77: 0 | K77: 0 | L77: 0 | M77: 0 | N77: 0 | O77: =SUM(C77:N77) -> 0 | Q77: =SUM(F77:K77) -> 0
A78: 4 | B78: PURWAKARTA | C78: 0 | D78: 0 | E78: 11 | F78: 11 | G78: 0 | H78: 0 | I78: 0 | J78: 0 | K78: 0 | L78: 30 | M78: 0 | N78: 25 | O78: =SUM(C78:N78) -> 77 | Q78: =SUM(F78:K78) -> 11
A79: 5 | B79: GROGOL | C79: 0 | D79: 0 | E79: 12 | F79: 0 | G79: 0 | H79: 0 | I79: 11 | J79: 0 | K79: 0 | L79: 10 | M79: 0 | N79: 0 | O79: =SUM(C79:N79) -> 33 | Q79: =SUM(F79:K79) -> 11
A80: 6 | B80: CILEGON | C80: 0 | D80: 0 | E80: 0 | F80: 0 | G80: 0 | H80: 0 | I80: 0 | J80: 0 | K80: 0 | L80: 0 | M80: 0 | N80: 0 | O80: =SUM(C80:N80) -> 0 | Q80: =SUM(F80:K80) -> 0
A81: 7 | B81: JOMBANG | C81: 0 | D81: 0 | E81: 0 | F81: 0 | G81: 0 | H81: 0 | I81: 0 | J81: 0 | K81: 0 | L81: 0 | M81: 0 | N81: 0 | O81: =SUM(C81:N81) -> 0 | Q81: =SUM(F81:K81) -> 0
A82: 8 | B82: CIBEBER | D82: 0 | E82: 12 | F82: 0 | G82: 0 | H82: 0 | I82: 0 | J82: 0 | K82: 15 | L82: 8 | M82: 0 | N82: 0 | O82: =SUM(C82:N82) -> 35 | Q82: =SUM(F82:K82) -> 15
A83: JUMLAH | C83: =SUM(C75:C82) -> 0 | D83: =SUM(D75:D82) -> 0 | E83: =SUM(E75:E82) -> 68 | F83: =SUM(F75:F82) -> 49 | G83: =SUM(G75:G82) -> 30 | H83: =SUM(H75:H82) -> 0 | I83: =SUM(I75:I82) -> 11 | J83: =SUM(J75:J82) -> 17 | ... O83: =SUM(O75:O82) -> 272 | Q83: =SUM(F83:K83) -> 122
L85: Cilegon, Desember 2016
L86: Kepala Bidang Pertanian
L90: Ir. H. Mas Andang E.P., MM
L91: Pembina Tk. I
L92: NIP. 19640909 199302 1 002
A101: DATA PRODUKTIVITAS UBI JALAR PER BULAN
A102: KOTA CILEGON TAHUN 2016
O104: (Ku/Ha)
A105: No | B105: Kecamatan | C105: Bulan | O105: Jumlah
C106: Jan | D106: Feb | E106: Maret | F106: Apr | G106: Mei | H106: Juni | I106: Juli | J106: Agst | K106: Sept | L106: Okt | M106: Nov | N106: Des
A107: 1 | B107: 2 | C107: 3 | D107: 4 | E107: 5 | F107: 6 | G107: 7 | H107: 8 | I107: 9 | J107: 10 | K107: 11 | L107: 12 | M107: 13 | N107: 14 | O107: 15
A108: 1 | B108: CIWANDAN | C108: 0 | D108: 0 | E108: 110.03 | F108: 96.35 | G108: 0 | H108: 0 | I108: 0 | J108: 85.28 | K108: 0 | L108: 0 | M108: 0 | N108: 0 | O108: =O75/O42*10 -> 97.777778
A109: 2 | B109: CITANGKIL | C109: 150.35 | D109: 0 | E109: 0 | F109: 0 | G109: 100.31 | H109: 0 | I109: 0 | J109: 0 | K109: 0 | L109: 90.31 | M109: 0 | N109: 0 | O109: 0
A110: 3 | B110: PULOMERAK | C110: 0 | D110: 0 | E110: 0 | F110: 0 | G110: 0 | H110: 0 | I110: 0 | J110: 0 | K110: 0 | L110: 0 | M110: 0 | N110: 0 | O110: 0
A111: 4 | B111: PURWAKARTA | C111: 0 | D111: 0 | E111: 111.65 | F111: 116.4 | G111: 0 | H111: 0 | I111: 0 | J111: 0 | K111: 0 | L111: 150 | M111: 0 | N111: 125.25 | O111: =O78/O45*10 -> 128.33333
A112: 5 | B112: GROGOL | C112: 0 | D112: 0 | E112: 119.03 | F112: 0 | G112: 0 | H112: 0 | I112: 110.15 | J112: 0 | K112: 0 | L112: 101.26 | M112: 0 | N112: 0 | O112: =O79/O46*10 -> 110
A113: 6 | B113: CILEGON | C113: 0 | D113: 0 | E113: 0 | F113: 0 | G113: 0 | H113: 0 | I113: 0 | J113: 0 | K113: 0 | L113: 0 | M113: 0 | N113: 0 | O113: 0
A114: 7 | B114: JOMBANG | C114: 0 | D114: 0 | E114: 0 | F114: 0 | G114: 0 | H114: 0 | I114: 0 | J114: 0 | K114: 0 | L114: 0 | M114: 0 | N114: 0 | O114: 0
A115: 8 | B115: CIBEBER | C115: 0 | D115: 0 | E115: 125 | F115: 0 | G115: 0 | H115: 0 | I115: 0 | J115: 0 | K115: 75.31 | L115: 80.12 | M115: 0 | N115: 0 | O115: =O82/O49*10 -> 70
A116: JUMLAH | C116: 150.35 | D116: 0 | E116: =E83/E50*10 -> 113.33333 | F116: 85.02 | G116: =SUM(G108:G115) -> 100.31 | H116: 0 | I116: 110.15 | J116: 85.28 | K116: 75.31 | L116: =L83/L50*10 -> 114 | M116: 0 | N116: =SUM(N108:N115) -> 125.25 | O116: =O83/O50*10 -> 100.74074
K119: Kepala Dinas Pertanian dan Kelautan
K120: Kota Cilegon
K124: H. ANDI AFFANDI, S.Sos
K125: NIP. 19681006 198803 1 001

Sheet kc ijo
A2: DATA LUAS TANAM KACANG HIJAU PER BULAN
A3: KOTA CILEGON TAHUN 2016
O5: (Ha)
A6: No | B6: Kecamatan | C6: Bulan | O6: Jumlah
C7: Jan | D7: Feb | E7: Maret | F7: Apr | G7: Mei | H7: Juni | I7: Juli | J7: Agst | K7: Sept | L7: Okt | M7: Nov | N7: Des
A8: 1 | B8: 2 | C8: 3 | D8: 4 | E8: 5 | F8: 6 | G8: 7 | H8: 8 | I8: 9 | J8: 10 | K8: 11 | L8: 12 | M8: 13 | N8: 14 | O8: 15 | Q8: APR-SEP
A9: 1 | B9: CIWANDAN | C9: 1 | D9: 2 | E9: 0 | F9: 0 | G9: 0 | H9: 0 | I9: 0 | J9: 0 | K9: 0 | L9: 0 | M9: 0 | N9: 2 | O9: =SUM(C9:N9) -> 5 | Q9: =SUM(F9:K9) -> 0
A10: 2 | B10: CITANGKIL | C10: 1 | D10: 0 | E10: 0 | F10: 0 | G10: 0 | H10: 1 | I10: 0 | J10: 0 | K10: 0 | L10: 0 | M10: 0 | N10: 0 | O10: =SUM(C10:N10) -> 2 | Q10: =SUM(F10:K10) -> 1
A11: 3 | B11: PULOMERAK | C11: 0 | D11: 0 | E11: 0 | F11: 0 | G11: 1 | H11: 2 | I11: 0 | J11: 0 | K11: 0 | L11: 0 | M11: 0 | N11: 0 | O11: =SUM(C11:N11) -> 3 | Q11: =SUM(F11:K11) -> 3
A12: 4 | B12: PURWAKARTA | C12: 0 | D12: 0 | E12: 0 | F12: 0 | G12: 0 | H12: 11 | I12: 1 | J12: 0 | K12: 0 | L12: 1 | M12: 0 | N12: 2 | O12: =SUM(C12:N12) -> 15 | Q12: =SUM(F12:K12) -> 12
A13: 5 | B13: GROGOL | C13: 0 | D13: 0 | E13: 0 | F13: 0 | G13: 1 | H13: 0 | I13: 0 | J13: 0 | K13: 0 | L13: 0 | M13: 0 | N13: 0 | O13: =SUM(C13:N13) -> 1 | Q13: =SUM(F13:K13) -> 1
A14: 6 | B14: CILEGON | C14: 0 | D14: 0 | E14: 0 | F14: 0 | G14: 0 | H14: 0 | I14: 0 | J14: 0 | K14: 0 | L14: 0 | M14: 0 | N14: 0 | O14: =SUM(C14:N14) -> 0 | Q14: =SUM(F14:K14) -> 0
A15: 7 | B15: JOMBANG | C15: 0 | D15: 0 | E15: 0 | F15: 0 | G15: 0 | H15: 0 | I15: 0 | J15: 0 | K15: 0 | L15: 0 | M15: 0 | N15: 0 | O15: =SUM(C15:N15) -> 0 | Q15: =SUM(F15:K15) -> 0
A16: 8 | B16: CIBEBER | C16: 0 | D16: 0 | E16: 0 | F16: 0 | G16: 0 | I16: 0 | J16: 1 | K16: 0 | L16: 0 | M16: 0 | N16: 0 | O16: =SUM(C16:N16) -> 1 | Q16: =SUM(F16:K16) -> 1
A17: JUMLAH | C17: =SUM(C9:C16) -> 2 | D17: =SUM(D9:D16) -> 2 | E17: =SUM(E9:E16) -> 0 | F17: =SUM(F9:F16) -> 0 | G17: =SUM(G9:G16) -> 2 | H17: =SUM(H9:H16) -> 14 | I17: =SUM(I9:I16) -> 1 | J17: =SUM(J9:J16) -> 1 | ... O17: =SUM(O9:O16) -> 27 | Q17: =SUM(F17:K17) -> 18
A35: DATA LUAS PANEN KACANG HIJAU PER BULAN
A36: KOTA CILEGON TAHUN 2016
O38: (Ha)
A39: No | B39: Kecamatan | C39: Bulan | O39: Jumlah
C40: Jan | D40: Feb | E40: Maret | F40: Apr | G40: Mei | H40: Juni | I40: Juli | J40: Agst | K40: Sept | L40: Okt | M40: Nov | N40: Des
A41: 1 | B41: 2 | C41: 3 | D41: 4 | E41: 5 | F41: 6 | G41: 7 | H41: 8 | I41: 9 | J41: 10 | K41: 11 | L41: 12 | M41: 13 | N41: 14 | O41: 15
A42: 1 | B42: CIWANDAN | C42: 0 | D42: 0 | E42: 3 | F42: 0 | G42: 0 | H42: 0 | I42: 0 | J42: 0 | K42: 0 | L42: 0 | M42: 0 | O42: =SUM(C42:N42) -> 3 | Q42: =SUM(F42:K42) -> 0
A43: 2 | B43: CITANGKIL | C43: 0 | D43: 0 | E43: 0 | F43: 0 | G43: 1 | H43: 0 | I43: 0 | J43: 0 | K43: 0 | L43: 0 | M43: 0 | N43: 0 | O43: =SUM(C43:N43) -> 1 | Q43: =SUM(F43:K43) -> 1
A44: 3 | B44: PULOMERAK | C44: 0 | D44: 0 | E44: 0 | F44: 0 | G44: 0 | H44: 0 | I44: 0 | J44: 3 | K44: 0 | L44: 0 | M44: 0 | N44: 0 | O44: =SUM(C44:N44) -> 3 | Q44: =SUM(F44:K44) -> 3
A45: 4 | B45: PURWAKARTA | C45: 0 | D45: 0 | E45: 0 | F45: 0 | G45: 0 | H45: 0 | I45: 0 | J45: 11 | K45: 1 | L45: 0 | M45: 0 | N45: 1 | O45: =SUM(C45:N45) -> 13 | Q45: =SUM(F45:K45) -> 12
A46: 5 | B46: GROGOL | C46: 0 | D46: 0 | E46: 0 | F46: 0 | G46: 0 | H46: 0 | I46: 1 | J46: 0 | K46: 0 | L46: 0 | M46: 0 | N46: 0 | O46: =SUM(C46:N46) -> 1 | Q46: =SUM(F46:K46) -> 1
A47: 6 | B47: CILEGON | C47: 0 | D47: 0 | E47: 0 | F47: 0 | G47: 0 | H47: 0 | I47: 0 | J47: 0 | K47: 0 | L47: 0 | M47: 0 | N47: 0 | O47: =SUM(C47:N47) -> 0 | Q47: =SUM(F47:K47) -> 0
A48: 7 | B48: JOMBANG | C48: 0 | D48: 0 | E48: 0 | F48: 0 | G48: 0 | H48: 0 | I48: 0 | J48: 0 | K48: 0 | L48: 0 | M48: 0 | N48: 0 | O48: =SUM(C48:N48) -> 0 | Q48: =SUM(F48:K48) -> 0
A49: 8 | B49: CIBEBER | C49: 0 | D49: 0 | E49: 0 | F49: 0 | G49: 0 | H49: 0 | I49: 0 | J49: 0 | K49: 0 | L49: 1 | M49: 0 | N49: 0 | O49: =SUM(C49:N49) -> 1 | Q49: =SUM(F49:K49) -> 0
A50: JUMLAH | C50: =SUM(C42:C49) -> 0 | D50: =SUM(D42:D49) -> 0 | E50: =SUM(E42:E49) -> 3 | F50: =SUM(F42:F49) -> 0 | G50: =SUM(G42:G49) -> 1 | H50: =SUM(H42:H49) -> 0 | I50: =SUM(I42:I49) -> 1 | J50: =SUM(J42:J49) -> 14 | ... O50: =SUM(O42:O49) -> 22 | Q50: =SUM(F50:K50) -> 17
A68: DATA PRODUKSI KACANG HIJAU PER BULAN
A69: KOTA CILEGON TAHUN 2016
O71: (Ton)
A72: No | B72: Kecamatan | C72: Bulan | O72: Jumlah
C73: Jan | D73: Feb | E73: Maret | F73: Apr | G73: Mei | H73: Juni | I73: Juli | J73: Agst | K73: Sept | L73: Okt | M73: Nov | N73: Des
A74: 1 | B74: 2 | C74: 3 | D74: 4 | E74: 5 | F74: 6 | G74: 7 | H74: 8 | I74: 9 | J74: 10 | K74: 11 | L74: 12 | M74: 13 | N74: 14 | O74: 15
A75: 1 | B75: CIWANDAN | C75: 0 | D75: 0 | E75: 2 | F75: 0 | G75: 0 | H75: 0 | I75: 0 | J75: 0 | K75: 0 | L75: 0 | M75: 0 | O75: =SUM(C75:N75) -> 2 | Q75: =SUM(F75:K75) -> 0
A76: 2 | B76: CITANGKIL | C76: 0 | D76: 0 | E76: 0 | F76: 0 | G76: 1 | H76: 0 | I76: 0 | J76: 0 | K76: 0 | L76: 0 | M76: 0 | N76: 0 | O76: =SUM(C76:N76) -> 1 | Q76: =SUM(F76:K76) -> 1
A77: 3 | B77: PULOMERAK | C77: 0 | D77: 0 | E77: 0 | F77: 0 | G77: 0 | H77: 0 | I77: 0 | J77: 2.4 | K77: 0 | L77: 0 | M77: 0 | N77: 0 | O77: =SUM(C77:N77) -> 2.4 | Q77: =SUM(F77:K77) -> 2.4
A78: 4 | B78: PURWAKARTA | C78: 0 | D78: 0 | E78: 0 | F78: 0 | G78: 0 | H78: 0 | I78: 0 | J78: 8.8 | K78: 0.6 | L78: 0 | M78: 0 | N78: 0.6 | O78: =SUM(C78:N78) -> 10 | Q78: =SUM(F78:K78) -> 9.4
A79: 5 | B79: GROGOL | C79: 0 | D79: 0 | E79: 0 | F79: 0 | G79: 0 | H79: 0 | I79: 1 | J79: 0 | K79: 0 | L79: 0 | M79: 0 | N79: 0 | O79: =SUM(C79:N79) -> 1 | Q79: =SUM(F79:K79) -> 1
A80: 6 | B80: CILEGON | C80: 0 | D80: 0 | E80: 0 | F80: 0 | G80: 0 | H80: 0 | I80: 0 | J80: 0 | K80: 0 | L80: 0 | M80: 0 | N80: 0 | O80: =SUM(C80:N80) -> 0 | Q80: =SUM(F80:K80) -> 0
A81: 7 | B81: JOMBANG | C81: 0 | D81: 0 | E81: 0 | F81: 0 | G81: 0 | H81: 0 | I81: 0 | J81: 0 | K81: 0 | L81: 0 | M81: 0 | N81: 0 | O81: =SUM(C81:N81) -> 0 | Q81: =SUM(F81:K81) -> 0
A82: 8 | B82: CIBEBER | C82: 0 | D82: 0 | E82: 0 | F82: 0 | G82: 0 | H82: 0 | I82: 0 | J82: 0 | K82: 0 | L82: 0.3 | M82: 0 | N82: 0 | O82: =SUM(C82:N82) -> 0.3 | Q82: =SUM(F82:K82) -> 0
A83: JUMLAH | C83: =SUM(C75:C82) -> 0 | D83: =SUM(D75:D82) -> 0 | E83: =SUM(E75:E82) -> 2 | F83: =SUM(F75:F82) -> 0 | G83: =SUM(G75:G82) -> 1 | H83: =SUM(H75:H82) -> 0 | I83: =SUM(I75:I82) -> 1 | J83: =SUM(J75:J82) -> 11.2 | ... O83: =SUM(O75:O82) -> 16.7 | Q83: =SUM(F83:K83) -> 13.8
L85: Cilegon, Desember 2016
L86: Kepala Bidang Pertanian
L90: Ir. H. Mas Andang E.P., MM
L91: Pembina Tk. I
L92: NIP. 19640909 199302 1 002
A101: DATA PRODUKTIVITAS KACANG HIJAU PER BULAN
A102: KOTA CILEGON TAHUN 2016
O104: (Ku/Ha)
A105: No | B105: Kecamatan | C105: Bulan | O105: Jumlah
C106: Jan | D106: Feb | E106: Maret | F106: Apr | G106: Mei | H106: Juni | I106: Juli | J106: Agst | K106: Sept | L106: Okt | M106: Nov | N106: Des
A107: 1 | B107: 2 | C107: 3 | D107: 4 | E107: 5 | F107: 6 | G107: 7 | H107: 8 | I107: 9 | J107: 10 | K107: 11 | L107: 12 | M107: 13 | N107: 14 | O107: 15
A108: 1 | B108: CIWANDAN | C108: 0 | D108: 0 | E108: 6.51 | F108: 0 | G108: 0 | H108: 0 | I108: 0 | J108: 0 | K108: 0 | L108: 0 | M108: 0 | N108: 0 | O108: =O75/O42*10 -> 6.6666667
A109: 2 | B109: CITANGKIL | C109: 0 | D109: 0 | E109: 0 | F109: 0 | G109: 11.01 | H109: 0 | I109: 0 | J109: 0 | K109: 0 | L109: 0 | M109: 0 | N109: 0 | O109: 0
A110: 3 | B110: PULOMERAK | C110: 0 | D110: 0 | E110: 0 | F110: 0 | G110: 0 | H110: 0 | I110: 0 | J110: 8.03 | K110: 0 | L110: 0 | M110: 0 | N110: 0 | O110: =O77/O44*10 -> 8
A111: 4 | B111: PURWAKARTA | C111: 0 | D111: 0 | E111: 0 | F111: 0 | G111: 0 | H111: 0 | I111: 0 | J111: 8 | K111: 6 | L111: 0 | M111: 0 | N111: 6 | O111: =O78/O45*10 -> 7.6923077
A112: 5 | B112: GROGOL | C112: 0 | D112: 0 | E112: 0 | F112: 0 | G112: 0 | H112: 0 | I112: 7.1 | J112: 0 | K112: 0 | L112: 0 | M112: 0 | N112: 0 | O112: =O79/O46*10 -> 10
A113: 6 | B113: CILEGON | C113: 0 | D113: 0 | E113: 0 | F113: 0 | G113: 0 | H113: 0 | I113: 0 | J113: 0 | K113: 0 | L113: 0 | M113: 0 | N113: 0 | O113: 0
A114: 7 | B114: JOMBANG | C114: 0 | D114: 0 | E114: 0 | F114: 0 | G114: 0 | H114: 0 | I114: 0 | J114: 0 | K114: 0 | L114: 0 | M114: 0 | N114: 0 | O114: 0
A115: 8 | B115: CIBEBER | C115: 0 | D115: 0 | E115: 0 | F115: 0 | G115: 0 | H115: 0 | I115: 0 | J115: 0 | K115: 0 | L115: 3.11 | M115: 0 | N115: 0 | O115: =O82/O49*10 -> 3
A116: JUMLAH | C116: 0 | D116: =SUM(D108:D115) -> 0 | E116: =SUM(E108:E115) -> 6.51 | F116: =SUM(F108:F115) -> 0 | G116: =SUM(G108:G115) -> 11.01 | H116: 0 | I116: 7.1 | J116: =J83/J50*10 -> 8 | K116: 6 | L116: 3.11 | M116: 0 | N116: =SUM(N108:N115) -> 6 | O116: =O83/O50*10 -> 7.5909091
K119: Kepala Dinas Pertanian dan Kelautan
K120: Kota Cilegon
K124: H. ANDI AFFANDI, S.Sos
K125: NIP. 19681006 198803 1 001

Sheet rekap
A1: REALISASI TANAM, PANEN, PRODUKSI DAN PRODUKTIVITAS PADI DAN PALAWIJA
A2: KOTA CILEGON 2016
A4: 1. PADI SAWAH
A5: No | B5: Kecamatan | C5: TANAM | D5: PANEN | E5: PRODUKSI | F5: PRODUKTIVITAS
C6: (Ha) | D6: (Ha) | E6: (Ton) | F6: (Ku/Ha)
A7: 1 | B7: 2 | C7: 3 | D7: 4 | E7: 5 | F7: 6
A8: 1 | B8: CIWANDAN | C8: ='padi sawah'!O9 -> 377 | D8: ='padi sawah'!O42 -> 330 | E8: ='padi sawah'!O75 -> 1694 | F8: ='padi sawah'!O108 -> 51.333333
A9: 2 | B9: CITANGKIL | C9: ='padi sawah'!O10 -> 491 | D9: ='padi sawah'!O43 -> 341 | E9: ='padi sawah'!O76 -> 2451 | F9: ='padi sawah'!O109 -> 71.876833
A10: 3 | B10: PULOMERAK | C10: ='padi sawah'!O11 -> 55 | D10: ='padi sawah'!O44 -> 40 | E10: ='padi sawah'!O77 -> 221 | F10: ='padi sawah'!O110 -> 55.25
A11: 4 | B11: PURWAKARTA | C11: ='padi sawah'!O12 -> 270 | D11: ='padi sawah'!O45 -> 240 | E11: ='padi sawah'!O78 -> 1407 | F11: ='padi sawah'!O111 -> 58.625
A12: 5 | B12: GROGOL | C12: ='padi sawah'!O13 -> 209 | D12: ='padi sawah'!O46 -> 194 | E12: ='padi sawah'!O79 -> 1147 | F12: ='padi sawah'!O112 -> 59.123711
A13: 6 | B13: CILEGON | C13: ='padi sawah'!O14 -> 138 | D13: ='padi sawah'!O47 -> 100 | E13: ='padi sawah'!O80 -> 673 | F13: ='padi sawah'!O113 -> 67.3
A14: 7 | B14: JOMBANG | C14: ='padi sawah'!O15 -> 598 | D14: ='padi sawah'!O48 -> 622 | E14: ='padi sawah'!O81 -> 3660 | F14: ='padi sawah'!O114 -> 58.842444
A15: 8 | B15: CIBEBER | C15: ='padi sawah'!O16 -> 756 | D15: ='padi sawah'!O49 -> 551 | E15: ='padi sawah'!O82 -> 3841 | F15: ='padi sawah'!O115 -> 69.709619
A16: JUMLAH | C16: =SUM(C8:C15) -> 2894 | D16: =SUM(D8:D15) -> 2418 | E16: =SUM(E8:E15) -> 15094 | F16: =E16/D16*10 -> 62.42349
A18: 2. PADI LADANG
A19: No | B19: Kecamatan | C19: TANAM | D19: PANEN | E19: PRODUKSI | F19: PRODUKTIVITAS
C20: (Ha) | D20: (Ha) | E20: (Ton) | F20: (Ku/Ha)
A21: 1 | B21: 2 | C21: 3 | D21: 4 | E21: 5 | F21: 6
A22: 1 | B22: CIWANDAN | C22: ='padi ladang'!O9 -> 0 | D22: ='padi ladang'!O42 -> 0 | E22: ='padi ladang'!O75 -> 0 | F22: ='padi ladang'!O108 -> 0
A23: 2 | B23: CITANGKIL | C23: ='padi ladang'!O10 -> 0 | D23: ='padi ladang'!O43 -> 0 | E23: ='padi ladang'!O76 -> 0 | F23: ='padi ladang'!O109 -> 0
A24: 3 | B24: PULOMERAK | C24: ='padi ladang'!O11 -> 74 | D24: ='padi ladang'!O44 -> 15 | E24: ='padi ladang'!O77 -> 59 | F24: ='padi ladang'!O110 -> 39.333333
A25: 4 | B25: PURWAKARTA | C25: ='padi ladang'!O12 -> 0 | D25: ='padi ladang'!O45 -> 0 | E25: ='padi ladang'!O78 -> 0 | F25: ='padi ladang'!O111 -> 0
A26: 5 | B26: GROGOL | C26: ='padi ladang'!O13 -> 0 | D26: ='padi ladang'!O46 -> 0 | E26: ='padi ladang'!O79 -> 0 | F26: ='padi ladang'!O112 -> 0
A27: 6 | B27: CILEGON | C27: ='padi ladang'!O14 -> 0 | D27: ='padi ladang'!O47 -> 0 | E27: ='padi ladang'!O80 -> 0 | F27: ='padi ladang'!O113 -> 0
A28: 7 | B28: JOMBANG | C28: ='padi ladang'!O15 -> 0 | D28: ='padi ladang'!O48 -> 0 | E28: ='padi ladang'!O81 -> 0 | F28: ='padi ladang'!O114 -> 0
A29: 8 | B29: CIBEBER | C29: ='padi ladang'!O16 -> 0 | D29: ='padi ladang'!O49 -> 0 | E29: ='padi ladang'!O82 -> 0 | F29: ='padi ladang'!O115 -> 0
A30: JUMLAH | C30: =SUM(C22:C29) -> 74 | D30: =SUM(D22:D29) -> 15 | E30: =SUM(E22:E29) -> 59 | F30: =E30/D30*10 -> 39.333333
A32: 3. JAGUNG
A33: No | B33: Kecamatan | C33: TANAM | D33: PANEN | E33: PRODUKSI | F33: PRODUKTIVITAS
C34: (Ha) | D34: (Ha) | E34: (Ton) | F34: (Ku/Ha)
A35: 1 | B35: 2 | C35: 3 | D35: 4 | E35: 5 | F35: 6
A36: 1 | B36: CIWANDAN | C36: =jagung!O9 -> 10 | D36: =jagung!Q42 -> 8 | E36: =jagung!O75 -> 0 | F36: =jagung!O108 -> 0
A37: 2 | B37: CITANGKIL | C37: =jagung!O10 -> 3 | D37: =jagung!Q43 -> 1 | E37: =jagung!O76 -> 5 | F37: =jagung!O109 -> 29.13
A38: 3 | B38: PULOMERAK | C38: =jagung!O11 -> 59 | D38: =jagung!Q44 -> 12 | E38: =jagung!O77 -> 31 | F38: =jagung!O110 -> 26.1175
A39: 4 | B39: PURWAKARTA | C39: =jagung!O12 -> 6 | D39: =jagung!Q45 -> 2 | E39: =jagung!O78 -> 6 | F39: =jagung!O111 -> 35.555
A40: 5 | B40: GROGOL | C40: =jagung!O13 -> 5 | D40: =jagung!Q46 -> 5 | E40: =jagung!O79 -> 14 | F40: =jagung!O112 -> 30.775
A41: 6 | B41: CILEGON | C41: =jagung!O14 -> 3 | D41: =jagung!Q47 -> 2 | E41: =jagung!O80 -> 8 | F41: =jagung!O113 -> 40
A42: 7 | B42: JOMBANG | C42: =jagung!O15 -> 0.7 | D42: =jagung!Q48 -> 0.7 | E42: =jagung!O81 -> 2.4 | F42: =jagung!O114 -> 27.5
A43: 8 | B43: CIBEBER | C43: =jagung!O16 -> 5 | D43: =jagung!Q49 -> 4 | E43: =jagung!O82 -> 8 | F43: =jagung!O115 -> 39.575
A44: JUMLAH | C44: =SUM(C36:C43) -> 91.7 | D44: =SUM(D36:D43) -> 34.7 | E44: =SUM(E36:E43) -> 74.4 | F44: =jagung!O116 -> 32.664643
A45: Ket : * panen muda
A53: 4. KEDELAI
A54: No | B54: Kecamatan | C54: TANAM | D54: PANEN | E54: PRODUKSI | F54: PRODUKTIVITAS
C55: (Ha) | D55: (Ha) | E55: (Ton) | F55: (Ku/Ha)
A56: 1 | B56: 2 | C56: 3 | D56: 4 | E56: 5 | F56: 6
A57: 1 | B57: CIWANDAN | C57: =kedelai!O9 -> 0 | D57: =kedelai!O42 -> 0 | E57: =kedelai!O75 -> 0 | F57: =kedelai!O108 -> 0
A58: 2 | B58: CITANGKIL | C58: =kedelai!O10 -> 20 | D58: =kedelai!O43 -> 31 | E58: =kedelai!O76 -> 26 | F58: =kedelai!O109 -> 8.3870968
A59: 3 | B59: PULOMERAK | C59: =kedelai!O11 -> 15 | D59: =kedelai!O44 -> 0 | E59: =kedelai!O77 -> 9 | F59: =kedelai!O110 -> 0
A60: 4 | B60: PURWAKARTA | C60: =kedelai!O12 -> 0 | D60: =kedelai!O45 -> 0 | E60: =kedelai!O78 -> 0 | F60: =kedelai!O111 -> 0
A61: 5 | B61: GROGOL | C61: =kedelai!O13 -> 35 | D61: =kedelai!O46 -> 39 | E61: =kedelai!O79 -> 37 | F61: =kedelai!O112 -> 9.4871795
A62: 6 | B62: CILEGON | C62: =kedelai!O14 -> 0 | D62: =kedelai!O47 -> 0 | E62: =kedelai!O80 -> 0 | F62: =kedelai!O113 -> 0
A63: 7 | B63: JOMBANG | C63: =kedelai!O15 -> 0 | D63: =kedelai!O48 -> 0 | E63: =kedelai!O81 -> 0 | F63: =kedelai!O114 -> 0
A64: 8 | B64: CIBEBER | C64: =kedelai!O16 -> 28 | D64: =kedelai!O49 -> 28 | E64: =kedelai!O82 -> 25 | F64: =kedelai!O115 -> 8.9285714
A65: JUMLAH | C65: =SUM(C57:C64) -> 98 | D65: =SUM(D57:D64) -> 98 | E65: =SUM(E57:E64) -> 97 | F65: =kedelai!O116 -> 9.8979592
A67: 5. KACANG TANAH
A68: No | B68: Kecamatan | C68: TANAM | D68: PANEN | E68: PRODUKSI | F68: PRODUKTIVITAS
C69: (Ha) | D69: (Ha) | E69: (Ton) | F69: (Ku/Ha)
A70: 1 | B70: 2 | C70: 3 | D70: 4 | E70: 5 | F70: 6
A71: 1 | B71: CIWANDAN | C71: ='kc tanah'!O9 -> 322 | D71: ='kc tanah'!O42 -> 346 | E71: ='kc tanah'!O75 -> 266 | F71: ='kc tanah'!O108 -> 7.6878613
A72: 2 | B72: CITANGKIL | C72: ='kc tanah'!O10 -> 311 | D72: ='kc tanah'!O43 -> 186 | E72: ='kc tanah'!O76 -> 170 | F72: ='kc tanah'!O109 -> 9.1397849
A73: 3 | B73: PULOMERAK | C73: ='kc tanah'!O11 -> 605 | D73: ='kc tanah'!O44 -> 575 | E73: ='kc tanah'!O77 -> 471 | F73: ='kc tanah'!O110 -> 8.1913043
A74: 4 | B74: PURWAKARTA | C74: ='kc tanah'!O12 -> 96 | D74: ='kc tanah'!O45 -> 221 | E74: ='kc tanah'!O78 -> 235 | F74: ='kc tanah'!O111 -> 10.633484
A75: 5 | B75: GROGOL | C75: ='kc tanah'!O13 -> 489 | D75: ='kc tanah'!O46 -> 313 | E75: ='kc tanah'!O79 -> 449 | F75: ='kc tanah'!O112 -> 14.345048
A76: 6 | B76: CILEGON | C76: ='kc tanah'!O14 -> 100 | D76: ='kc tanah'!O47 -> 150 | E76: ='kc tanah'!O80 -> 162 | F76: ='kc tanah'!O113 -> 10.8
A77: 7 | B77: JOMBANG | C77: ='kc tanah'!O15 -> 2 | D77: ='kc tanah'!O48 -> 2 | E77: ='kc tanah'!O81 -> 2 | F77: ='kc tanah'!O114 -> 10
A78: 8 | B78: CIBEBER | C78: ='kc tanah'!O16 -> 835 | D78: ='kc tanah'!O49 -> 1037 | E78: ='kc tanah'!O82 -> 1415 | F78: ='kc tanah'!O115 -> 13.64513
A79: JUMLAH | C79: =SUM(C71:C78) -> 2760 | D79: =SUM(D71:D78) -> 2830 | E79: =SUM(E71:E78) -> 3170 | F79: =E79/D79*10 -> 11.201413
A81: 6. UBI KAYU
A82: No | B82: Kecamatan | C82: TANAM | D82: PANEN | E82: PRODUKSI | F82: PRODUKTIVITAS
C83: (Ha) | D83: (Ha) | E83: (Ton) | F83: (Ku/Ha)
A84: 1 | B84: 2 | C84: 3 | D84: 4 | E84: 5 | F84: 6
A85: 1 | B85: CIWANDAN | C85: ='ubi kayu'!O9 -> 18 | D85: ='ubi kayu'!O41 -> 13 | E85: ='ubi kayu'!O75 -> 126 | F85: ='ubi kayu'!O103 -> 96.923077
A86: 2 | B86: CITANGKIL | C86: ='ubi kayu'!O10 -> 5 | D86: ='ubi kayu'!O42 -> 2 | E86: ='ubi kayu'!O76 -> 22 | F86: ='ubi kayu'!O104 -> 0
A87: 3 | B87: PULOMERAK | C87: ='ubi kayu'!O11 -> 9 | D87: ='ubi kayu'!O43 -> 8 | E87: ='ubi kayu'!O77 -> 128 | F87: ='ubi kayu'!O105 -> 0
A88: 4 | B88: PURWAKARTA | C88: ='ubi kayu'!O12 -> 7 | D88: ='ubi kayu'!O44 -> 6 | E88: ='ubi kayu'!O78 -> 94 | F88: ='ubi kayu'!O106 -> 156.66667
A89: 5 | B89: GROGOL | C89: ='ubi kayu'!O13 -> 1 | D89: ='ubi kayu'!O45 -> 1 | E89: ='ubi kayu'!O79 -> 11 | F89: ='ubi kayu'!O107 -> 110
A90: 6 | B90: CILEGON | C90: ='ubi kayu'!O14 -> 11 | D90: ='ubi kayu'!O46 -> 8 | E90: ='ubi kayu'!O80 -> 134 | F90: ='ubi kayu'!O108 -> 167.5
A91: 7 | B91: JOMBANG | C91: ='ubi kayu'!O15 -> 0 | D91: ='ubi kayu'!O47 -> 0 | E91: ='ubi kayu'!O81 -> 0 | F91: ='ubi kayu'!O109 -> 0
A92: 8 | B92: CIBEBER | C92: ='ubi kayu'!O16 -> 16 | D92: ='ubi kayu'!O48 -> 18 | E92: ='ubi kayu'!O82 -> 188 | F92: ='ubi kayu'!O110 -> 0
A93: JUMLAH | C93: =SUM(C85:C92) -> 67 | D93: =SUM(D85:D92) -> 56 | E93: =SUM(E85:E92) -> 703 | F93: =E93/D93*10 -> 125.53571
A104: 7. UBI JALAR
A105: No | B105: Kecamatan | C105: TANAM | D105: PANEN | E105: PRODUKSI | F105: PRODUKTIVITAS
C106: (Ha) | D106: (Ha) | E106: (Ton) | F106: (Ku/Ha)
A107: 1 | B107: 2 | C107: 3 | D107: 4 | E107: 5 | F107: 6
A108: 1 | B108: CIWANDAN | C108: ='ubi jalar'!O9 -> 12 | D108: ='ubi jalar'!O42 -> 9 | E108: ='ubi jalar'!O75 -> 88 | F108: ='ubi jalar'!O108 -> 97.777778
A109: 2 | B109: CITANGKIL | C109: ='ubi jalar'!O10 -> 6 | D109: ='ubi jalar'!O43 -> 4 | E109: ='ubi jalar'!O76 -> 39 | F109: ='ubi jalar'!O109 -> 0
A110: 3 | B110: PULOMERAK | C110: ='ubi jalar'!O11 -> 0 | D110: ='ubi jalar'!O44 -> 0 | E110: ='ubi jalar'!O77 -> 0 | F110: ='ubi jalar'!O110 -> 0
A111: 4 | B111: PURWAKARTA | C111: ='ubi jalar'!O12 -> 7 | D111: ='ubi jalar'!O45 -> 6 | E111: ='ubi jalar'!O78 -> 77 | F111: ='ubi jalar'!O111 -> 128.33333
A112: 5 | B112: GROGOL | C112: ='ubi jalar'!O13 -> 3 | D112: ='ubi jalar'!O46 -> 3 | E112: ='ubi jalar'!O79 -> 33 | F112: ='ubi jalar'!O112 -> 110
A113: 6 | B113: CILEGON | C113: ='ubi jalar'!O14 -> 0 | D113: ='ubi jalar'!O47 -> 0 | E113: ='ubi jalar'!O80 -> 0 | F113: ='ubi jalar'!O113 -> 0
A114: 7 | B114: JOMBANG | C114: ='ubi jalar'!O15 -> 0 | D114: ='ubi jalar'!O48 -> 0 | E114: ='ubi jalar'!O81 -> 0 | F114: ='ubi jalar'!O114 -> 0
A115: 8 | B115: CIBEBER | C115: ='ubi jalar'!O16 -> 4 | D115: ='ubi jalar'!O49 -> 5 | E115: ='ubi jalar'!O82 -> 35 | F115: ='ubi jalar'!O115 -> 70
A116: JUMLAH | C116: =SUM(C108:C115) -> 32 | D116: =SUM(D108:D115) -> 27 | E116: =SUM(E108:E115) -> 272 | F116: =E116/D116*10 -> 100.74074
A118: 8. KACANG HIJAU
A119: No | B119: Kecamatan | C119: TANAM | D119: PANEN | E119: PRODUKSI | F119: PRODUKTIVITAS
C120: (Ha) | D120: (Ha) | E120: (Ton) | F120: (Ku/Ha)
A121: 1 | B121: 2 | C121: 3 | D121: 4 | E121: 5 | F121: 6
A122: 1 | B122: CIWANDAN | C122: ='kc ijo'!O9 -> 5 | D122: ='kc ijo'!O42 -> 3 | E122: ='kc ijo'!O75 -> 2 | F122: ='kc ijo'!O108 -> 6.6666667
A123: 2 | B123: CITANGKIL | C123: ='kc ijo'!O10 -> 2 | D123: ='kc ijo'!O43 -> 1 | E123: ='kc ijo'!O76 -> 1 | F123: ='kc ijo'!O109 -> 0
...

Sheet okt-mar
A2: REALISASI TANAM PADI SAWAH OKTOBER 2015 S/D MARET 2016 DAN APRIL S/D SEPTEMBER 2016
A3: KOTA CILEGON
Q4: (Ha)
A5: No | B5: Kecamatan | C5: 2015 S/D 2016 | I5: Okt-Mar | J5: 2016 | P5: Apr-Sep | Q5: Jumlah
C6: Okt | D6: Nov | E6: Des | F6: Jan | G6: Peb | H6: Mar | J6: April | K6: Mei | L6: Juni | M6: Juli | N6: Agust | O6: Sep
A7: 1 | B7: 2 | C7: 3 | D7: 4 | E7: 5 | F7: 6 | G7: 7 | H7: 8 | I7: 9 | J7: 10 | K7: 11 | L7: 12 | M7: 13 | N7: 14 | O7: 15 | P7: 16 | Q7: 17
A8: 1 | B8: CIWANDAN | C8: 0 | D8: 0 | E8: 0 | F8: ='padi sawah'!C9 -> 7 | G8: ='padi sawah'!D9 -> 248 | H8: ='padi sawah'!E9 -> 0 | I8: =SUM(C8:H8) -> 255 | J8: ='padi sawah'!F9 -> 0 | K8: ='padi sawah'!G9 -> 3 | L8: ='padi sawah'!H9 -> 37 | M8: ='padi sawah'!I9 -> 27 | N8: ='padi sawah'!J9 -> 8 | O8: ='padi sawah'!K9 -> 0 | P8: =SUM(J8:O8) -> 75 | Q8: =SUM(I8,P8) -> 330 | S8: 0 | T8: =I8+S8 -> 255
A9: 2 | B9: CITANGKIL | C9: 4 | D9: 2 | E9: 29 | F9: ='padi sawah'!C10 -> 49 | G9: ='padi sawah'!D10 -> 128 | H9: ='padi sawah'!E10 -> 4 | I9: =SUM(C9:H9) -> 216 | J9: ='padi sawah'!F10 -> 5 | K9: ='padi sawah'!G10 -> 13 | L9: ='padi sawah'!H10 -> 38 | M9: ='padi sawah'!I10 -> 37 | N9: ='padi sawah'!J10 -> 31 | O9: ='padi sawah'!K10 -> 11 | P9: =SUM(J9:O9) -> 135 | Q9: =SUM(I9,P9) -> 351 | S9: 4 | T9: =I9+S9 -> 220
A10: 3 | B10: PULOMERAK | C10: 0 | D10: 0 | E10: 0 | F10: ='padi sawah'!C11 -> 10 | G10: ='padi sawah'!D11 -> 15 | H10: ='padi sawah'!E11 -> 0 | I10: =SUM(C10:H10) -> 25 | J10: ='padi sawah'!F11 -> 0 | K10: ='padi sawah'!G11 -> 10 | L10: ='padi sawah'!H11 -> 5 | M10: ='padi sawah'!I11 -> 0 | N10: ='padi sawah'!J11 -> 0 | O10: ='padi sawah'!K11 -> 5 | P10: =SUM(J10:O10) -> 20 | Q10: =SUM(I10,P10) -> 45 | S10: 0 | T10: =I10+S10 -> 25
A11: 4 | B11: PURWAKARTA | C11: 1 | D11: 2 | E11: 16 | F11: ='padi sawah'!C12 -> 182 | G11: ='padi sawah'!D12 -> 1 | H11: ='padi sawah'!E12 -> 1 | I11: =SUM(C11:H11) -> 203 | J11: ='padi sawah'!F12 -> 0 | K11: ='padi sawah'!G12 -> 21 | L11: ='padi sawah'!H12 -> 11 | M11: ='padi sawah'!I12 -> 2 | N11: ='padi sawah'!J12 -> 1 | O11: ='padi sawah'!K12 -> 5 | P11: =SUM(J11:O11) -> 40 | Q11: =SUM(I11,P11) -> 243 | S11: 1 | T11: =I11+S11 -> 204
A12: 5 | B12: GROGOL | C12: 0 | D12: 0 | E12: 0 | F12: ='padi sawah'!C13 -> 45 | G12: ='padi sawah'!D13 -> 119 | H12: ='padi sawah'!E13 -> 0 | I12: =SUM(C12:H12) -> 164 | J12: ='padi sawah'!F13 -> 0 | K12: ='padi sawah'!G13 -> 20 | L12: ='padi sawah'!H13 -> 0 | M12: ='padi sawah'!I13 -> 0 | N12: ='padi sawah'!J13 -> 0 | O12: ='padi sawah'!K13 -> 10 | P12: =SUM(J12:O12) -> 30 | Q12: =SUM(I12,P12) -> 194 | S12: 0 | T12: =I12+S12 -> 164
A13: 6 | B13: CILEGON | C13: 0 | D13: 5 | E13: 7 | F13: ='padi sawah'!C14 -> 29 | G13: ='padi sawah'!D14 -> 18 | H13: ='padi sawah'!E14 -> 0 | I13: =SUM(C13:H13) -> 59 | J13: ='padi sawah'!F14 -> 0 | K13: ='padi sawah'!G14 -> 10 | L13: ='padi sawah'!H14 -> 25 | M13: ='padi sawah'!I14 -> 6 | N13: ='padi sawah'!J14 -> 0 | O13: ='padi sawah'!K14 -> 0 | P13: =SUM(J13:O13) -> 41 | Q13: =SUM(I13,P13) -> 100 | S13: 0 | T13: =I13+S13 -> 59
A14: 7 | B14: JOMBANG | C14: 0 | D14: 5 | E14: 179 | F14: ='padi sawah'!C15 -> 104 | G14: ='padi sawah'!D15 -> 59 | H14: ='padi sawah'!E15 -> 1 | I14: =SUM(C14:H14) -> 348 | J14: ='padi sawah'!F15 -> 1 | K14: ='padi sawah'!G15 -> 48 | L14: ='padi sawah'!H15 -> 189 | M14: ='padi sawah'!I15 -> 27 | N14: ='padi sawah'!J15 -> 3 | O14: ='padi sawah'!K15 -> 1 | P14: =SUM(J14:O14) -> 269 | Q14: =SUM(I14,P14) -> 617 | S14: 1.3 | T14: =I14+S14 -> 349.3
A15: 8 | B15: CIBEBER | C15: 1 | D15: 1 | E15: 42 | F15: ='padi sawah'!C16 -> 64 | G15: ='padi sawah'!D16 -> 145 | H15: ='padi sawah'!E16 -> 6 | I15: =SUM(C15:H15) -> 259 | J15: ='padi sawah'!F16 -> 26 | K15: ='padi sawah'!G16 -> 66 | L15: ='padi sawah'!H16 -> 101 | M15: ='padi sawah'!I16 -> 0 | N15: ='padi sawah'!J16 -> 48 | O15: ='padi sawah'!K16 -> 27 | P15: =SUM(J15:O15) -> 268 | Q15: =SUM(I15,P15) -> 527 | S15: 6 | T15: =I15+S15 -> 265 | V15: 737.7
A16: JUMLAH | C16: =SUM(C8:C15) -> 6 | D16: =SUM(D8:D15) -> 15 | E16: =SUM(E8:E15) -> 273 | F16: =SUM(F8:F15) -> 490 | G16: =SUM(G8:G15) -> 733 | H16: =SUM(H8:H15) -> 12 | I16: =SUM(I8:I15) -> 1529 | J16: =SUM(J8:J15) -> 32 | ... Q16: =SUM(Q8:Q15) -> 2407 | S16: =SUM(S8:S15) -> 12.3 | T16: =SUM(T8:T15) -> 1541.3 | U16: 1695 | V16: =U16-T16 -> 153.7 | W16: =SUM(F16:H16,J16:O16) -> 2113
V17: =V15+V16 -> 891.4
A18: REALISASI TANAM PADI LADANG OKTOBER 2015 S/D MARET 2016 DAN APRIL S/D SEPTEMBER 2016
A19: KOTA CILEGON
Q20: (Ha)
A21: No | B21: Kecamatan | C21: 2015 S/D 2016 | I21: Okt-Mar | J21: 2016 | P21: Apr-Sep | Q21: Jumlah
C22: Okt | D22: Nov | E22: Des | F22: Jan | G22: Peb | H22: Mar | J22: April | K22: Mei | L22: Juni | M22: Juli | N22: Agust | O22: Sep
A23: 1 | B23: 2 | C23: 3 | D23: 4 | E23: 5 | F23: 6 | G23: 7 | H23: 8 | I23: 9 | J23: 10 | K23: 11 | L23: 12 | M23: 13 | N23: 14 | O23: 15 | P23: 16 | Q23: 17
A24: 1 | B24: CIWANDAN | C24: 0 | D24: 0 | E24: 0 | F24: ='padi ladang'!C9 -> 0 | G24: ='padi ladang'!D9 -> 0 | H24: ='padi ladang'!E9 -> 0 | I24: =SUM(C24:H24) -> 0 | J24: ='padi ladang'!F9 -> 0 | K24: ='padi ladang'!G9 -> 0 | L24: ='padi ladang'!H9 -> 0 | M24: ='padi ladang'!I9 -> 0 | N24: ='padi ladang'!J9 -> 0 | O24: ='padi ladang'!K9 -> 0 | P24: =SUM(J24:O24) -> 0 | Q24: =SUM(I24,P24) -> 0
A25: 2 | B25: CITANGKIL | C25: 0 | D25: 0 | E25: 0 | F25: ='padi ladang'!C10 -> 0 | G25: ='padi ladang'!D10 -> 0 | H25: ='padi ladang'!E10 -> 0 | I25: =SUM(C25:H25) -> 0 | J25: ='padi ladang'!F10 -> 0 | K25: ='padi ladang'!G10 -> 0 | L25: ='padi ladang'!H10 -> 0 | M25: ='padi ladang'!I10 -> 0 | N25: ='padi ladang'!J10 -> 0 | O25: ='padi ladang'!K10 -> 0 | P25: =SUM(J25:O25) -> 0 | Q25: =SUM(I25,P25) -> 0
A26: 3 | B26: PULOMERAK | C26: 0 | D26: 0 | E26: 5 | F26: ='padi ladang'!C11 -> 10 | G26: ='padi ladang'!D11 -> 0 | H26: ='padi ladang'!E11 -> 0 | I26: =SUM(C26:H26) -> 15 | J26: ='padi ladang'!F11 -> 0 | K26: ='padi ladang'!G11 -> 0 | L26: ='padi ladang'!H11 -> 0 | M26: ='padi ladang'!I11 -> 0 | N26: ='padi ladang'!J11 -> 0 | O26: ='padi ladang'!K11 -> 35 | P26: =SUM(J26:O26) -> 35 | Q26: =SUM(I26,P26) -> 50
A27: 4 | B27: PURWAKARTA | C27: 0 | D27: 0 | E27: 0 | F27: ='padi ladang'!C12 -> 0 | G27: ='padi ladang'!D12 -> 0 | H27: ='padi ladang'!E12 -> 0 | I27: =SUM(C27:H27) -> 0 | J27: ='padi ladang'!F12 -> 0 | K27: ='padi ladang'!G12 -> 0 | L27: ='padi ladang'!H12 -> 0 | M27: ='padi ladang'!I12 -> 0 | N27: ='padi ladang'!J12 -> 0 | O27: ='padi ladang'!K12 -> 0 | P27: =SUM(J27:O27) -> 0 | Q27: =SUM(I27,P27) -> 0
A28: 5 | B28: GROGOL | C28: 0 | D28: 0 | E28: 0 | F28: ='padi ladang'!C13 -> 0 | G28: ='padi ladang'!D13 -> 0 | H28: ='padi ladang'!E13 -> 0 | I28: =SUM(C28:H28) -> 0 | J28: ='padi ladang'!F13 -> 0 | K28: ='padi ladang'!G13 -> 0 | L28: ='padi ladang'!H13 -> 0 | M28: ='padi ladang'!I13 -> 0 | N28: ='padi ladang'!J13 -> 0 | O28: ='padi ladang'!K13 -> 0 | P28: =SUM(J28:O28) -> 0 | Q28: =SUM(I28,P28) -> 0
A29: 6 | B29: CILEGON | C29: 0 | D29: 0 | E29: 0 | F29: ='padi ladang'!C14 -> 0 | G29: ='padi ladang'!D14 -> 0 | H29: ='padi ladang'!E14 -> 0 | I29: =SUM(C29:H29) -> 0 | J29: ='padi ladang'!F14 -> 0 | K29: ='padi ladang'!G14 -> 0 | L29: ='padi ladang'!H14 -> 0 | M29: ='padi ladang'!I14 -> 0 | N29: ='padi ladang'!J14 -> 0 | O29: ='padi ladang'!K14 -> 0 | P29: =SUM(J29:O29) -> 0 | Q29: =SUM(I29,P29) -> 0
A30: 7 | B30: JOMBANG | C30: 0 | D30: 0 | E30: 0 | F30: ='padi ladang'!C15 -> 0 | G30: ='padi ladang'!D15 -> 0 | H30: ='padi ladang'!E15 -> 0 | I30: =SUM(C30:H30) -> 0 | J30: ='padi ladang'!F15 -> 0 | K30: ='padi ladang'!G15 -> 0 | L30: ='padi ladang'!H15 -> 0 | M30: ='padi ladang'!I15 -> 0 | N30: ='padi ladang'!J15 -> 0 | O30: ='padi ladang'!K15 -> 0 | P30: =SUM(J30:O30) -> 0 | Q30: =SUM(I30,P30) -> 0
A31: 8 | B31: CIBEBER | C31: 0 | D31: 0 | E31: 0 | F31: ='padi ladang'!C16 -> 0 | G31: ='padi ladang'!D16 -> 0 | H31: ='padi ladang'!E16 -> 0 | I31: =SUM(C31:H31) -> 0 | J31: ='padi ladang'!F16 -> 0 | K31: ='padi ladang'!G16 -> 0 | L31: ='padi ladang'!H16 -> 0 | M31: ='padi ladang'!I16 -> 0 | N31: ='padi ladang'!J16 -> 0 | O31: ='padi ladang'!K16 -> 0 | P31: =SUM(J31:O31) -> 0 | Q31: =SUM(I31,P31) -> 0
A32: JUMLAH | C32: =SUM(C24:C31) -> 0 | D32: =SUM(D24:D31) -> 0 | E32: =SUM(E24:E31) -> 5 | F32: =SUM(F24:F31) -> 10 | G32: =SUM(G24:G31) -> 0 | H32: =SUM(H24:H31) -> 0 | I32: =SUM(I24:I31) -> 15 | J32: =SUM(J24:J31) -> 0 | ... Q32: =SUM(Q24:Q31) -> 50
A34: REALISASI TANAM JAGUNG OKTOBER 2015 S/D MARET 2016 DAN APRIL S/D SEPTEMBER 2016
A35: KOTA CILEGON
Q36: (Ha)
A37: No | B37: Kecamatan | C37: 2015 S/D 2016 | I37: Okt-Mar | J37: 2016 | P37: Apr-Sep | Q37: Jumlah
C38: Okt | D38: Nov | E38: Des | F38: Jan | G38: Peb | H38: Mar | J38: April | K38: Mei | L38: Juni | M38: Juli | N38: Agust | O38: Sep
A39: 1 | B39: 2 | C39: 3 | D39: 4 | E39: 5 | F39: 6 | G39: 7 | H39: 8 | I39: 9 | J39: 10 | K39: 11 | L39: 12 | M39: 13 | N39: 14 | O39: 15 | P39: 16 | Q39: 17
A40: 1 | B40: CIWANDAN | C40: 0 | D40: 0 | E40: 0 | F40: =jagung!C9 -> 2 | G40: =jagung!D9 -> 5 | H40: =jagung!E9 -> 0 | I40: =SUM(C40:H40) -> 7 | J40: =jagung!F9 -> 1 | K40: =jagung!G9 -> 0 | L40: =jagung!H9 -> 0 | M40: =jagung!I9 -> 0 | N40: =jagung!J9 -> 0 | O40: =jagung!K9 -> 1 | P40: =SUM(J40:O40) -> 2 | Q40: =SUM(I40,P40) -> 9
A41: 2 | B41: CITANGKIL | C41: 0 | D41: 0 | E41: 1 | F41: =jagung!C10 -> 0 | G41: =jagung!D10 -> 0 | H41: =jagung!E10 -> 0 | I41: =SUM(C41:H41) -> 1 | J41: =jagung!F10 -> 0 | K41: =jagung!G10 -> 1 | L41: =jagung!H10 -> 0 | M41: =jagung!I10 -> 1 | N41: =jagung!J10 -> 0 | O41: =jagung!K10 -> 0 | P41: =SUM(J41:O41) -> 2 | Q41: =SUM(I41,P41) -> 3
A42: 3 | B42: PULOMERAK | C42: 0 | D42: 2 | E42: 2 | F42: =jagung!C11 -> 1 | G42: =jagung!D11 -> 0 | H42: =jagung!E11 -> 0 | I42: =SUM(C42:H42) -> 5 | J42: =jagung!F11 -> 0 | K42: =jagung!G11 -> 3 | L42: =jagung!H11 -> 4 | M42: =jagung!I11 -> 0 | N42: =jagung!J11 -> 0 | O42: =jagung!K11 -> 1 | P42: =SUM(J42:O42) -> 8 | Q42: =SUM(I42,P42) -> 13
A43: 4 | B43: PURWAKARTA | C43: 0 | D43: 0 | E43: 0 | F43: =jagung!C12 -> 1 | G43: =jagung!D12 -> 0 | H43: =jagung!E12 -> 0 | I43: =SUM(C43:H43) -> 1 | J43: =jagung!F12 -> 1 | K43: =jagung!G12 -> 1 | L43: =jagung!H12 -> 0 | M43: =jagung!I12 -> 1 | N43: =jagung!J12 -> 0 | O43: =jagung!K12 -> 1 | P43: =SUM(J43:O43) -> 4 | Q43: =SUM(I43,P43) -> 5
A44: 5 | B44: GROGOL | C44: 1 | D44: 0 | E44: 0 | F44: =jagung!C13 -> 0 | G44: =jagung!D13 -> 0 | H44: =jagung!E13 -> 1 | I44: =SUM(C44:H44) -> 2 | J44: =jagung!F13 -> 0 | K44: =jagung!G13 -> 0 | L44: =jagung!H13 -> 0 | M44: =jagung!I13 -> 3 | N44: =jagung!J13 -> 0 | O44: =jagung!K13 -> 1 | P44: =SUM(J44:O44) -> 4 | Q44: =SUM(I44,P44) -> 6
A45: 6 | B45: CILEGON | C45: 0 | D45: 0 | E45: 0 | F45: =jagung!C14 -> 0 | G45: =jagung!D14 -> 0 | H45: =jagung!E14 -> 0 | I45: =SUM(C45:H45) -> 0 | J45: =jagung!F14 -> 1 | K45: =jagung!G14 -> 0 | L45: =jagung!H14 -> 0 | M45: =jagung!I14 -> 0 | N45: =jagung!J14 -> 0 | O45: =jagung!K14 -> 2 | P45: =SUM(J45:O45) -> 3 | Q45: =SUM(I45,P45) -> 3
A46: 7 | B46: JOMBANG | C46: 0 | D46: 0 | E46: 0 | F46: =jagung!C15 -> 0 | G46: =jagung!D15 -> 0 | H46: =jagung!E15 -> 0 | I46: =SUM(C46:H46) -> 0 | J46: =jagung!F15 -> 0.2 | K46: =jagung!G15 -> 0 | L46: =jagung!H15 -> 0 | M46: =jagung!I15 -> 0 | N46: =jagung!J15 -> 0.5 | O46: =jagung!K15 -> 0 | P46: =SUM(J46:O46) -> 0.7 | Q46: =SUM(I46,P46) -> 0.7
A47: 8 | B47: CIBEBER | C47: 0 | D47: 0 | E47: 3 | F47: =jagung!C16 -> 0 | G47: =jagung!D16 -> 1 | H47: =jagung!E16 -> 0 | I47: =SUM(C47:H47) -> 4 | J47: =jagung!F16 -> 0 | K47: =jagung!G16 -> 1 | L47: =jagung!H16 -> 0 | M47: =jagung!I16 -> 0 | N47: =jagung!J16 -> 1 | O47: =jagung!K16 -> 0 | P47: =SUM(J47:O47) -> 2 | Q47: =SUM(I47,P47) -> 6
A48: JUMLAH | C48: =SUM(C40:C47) -> 1 | D48: =SUM(D40:D47) -> 2 | E48: =SUM(E40:E47) -> 6 | F48: =SUM(F40:F47) -> 4 | G48: =SUM(G40:G47) -> 6 | H48: =SUM(H40:H47) -> 1 | I48: =SUM(I40:I47) -> 20 | J48: =SUM(J40:J47) -> 3.2 | ... Q48: =SUM(Q40:Q47) -> 45.7
A50: REALISASI TANAM KEDELAI OKTOBER 2015 S/D MARET 2016 DAN APRIL S/D SEPTEMBER 2016
A51: KOTA CILEGON
Q52: (Ha)
A53: No | B53: Kecamatan | C53: 2015 S/D 2016 | I53: Okt-Mar | J53: 2016 | P53: Apr-Sep | Q53: Jumlah
C54: Okt | D54: Nov | E54: Des | F54: Jan | G54: Peb | H54: Mar | J54: April | K54: Mei | L54: Juni | M54: Juli | N54: Agust | O54: Sep
A55: 1 | B55: 2 | C55: 3 | D55: 4 | E55: 5 | F55: 6 | G55: 7 | H55: 8 | I55: 9 | J55: 10 | K55: 11 | L55: 12 | M55: 13 | N55: 14 | O55: 15 | P55: 16 | Q55: 17
A56: 1 | B56: CIWANDAN | C56: 0 | D56: 0 | E56: 0 | F56: =kedelai!C9 -> 0 | G56: =kedelai!D9 -> 0 | H56: =kedelai!E9 -> 0 | I56: =SUM(C56:H56) -> 0 | J56: =kedelai!F9 -> 0 | K56: =kedelai!G9 -> 0 | L56: =kedelai!H9 -> 0 | M56: =kedelai!I9 -> 0 | N56: =kedelai!J9 -> 0 | O56: =kedelai!K9 -> 0 | P56: =SUM(J56:O56) -> 0 | Q56: =SUM(I56,P56) -> 0
A57: 2 | B57: CITANGKIL | C57: 1 | D57: 5 | E57: 5 | F57: =kedelai!C10 -> 5 | G57: =kedelai!D10 -> 9 | H57: =kedelai!E10 -> 6 | I57: =SUM(C57:H57) -> 31 | J57: =kedelai!F10 -> 0 | K57: =kedelai!G10 -> 0 | L57: =kedelai!H10 -> 0 | M57: =kedelai!I10 -> 0 | N57: =kedelai!J10 -> 0 | O57: =kedelai!K10 -> 0 | P57: =SUM(J57:O57) -> 0 | Q57: =SUM(I57,P57) -> 31
A58: 3 | B58: PULOMERAK | C58: 0 | D58: 0 | E58: 25 | F58: =kedelai!C11 -> 15 | G58: =kedelai!D11 -> 0 | H58: =kedelai!E11 -> 0 | I58: =SUM(C58:H58) -> 40 | J58: =kedelai!F11 -> 0 | K58: =kedelai!G11 -> 0 | L58: =kedelai!H11 -> 0 | M58: =kedelai!I11 -> 0 | N58: =kedelai!J11 -> 0 | O58: =kedelai!K11 -> 0 | P58: =SUM(J58:O58) -> 0 | Q58: =SUM(I58,P58) -> 40
A59: 4 | B59: PURWAKARTA | C59: 0 | D59: 0 | E59: 0 | F59: =kedelai!C12 -> 0 | G59: =kedelai!D12 -> 0 | H59: =kedelai!E12 -> 0 | I59: =SUM(C59:H59) -> 0 | J59: =kedelai!F12 -> 0 | K59: =kedelai!G12 -> 0 | L59: =kedelai!H12 -> 0 | M59: =kedelai!I12 -> 0 | N59: =kedelai!J12 -> 0 | O59: =kedelai!K12 -> 0 | P59: =SUM(J59:O59) -> 0 | Q59: =SUM(I59,P59) -> 0
A60: 5 | B60: GROGOL | C60: 2 | D60: 2 | E60: 4 | F60: =kedelai!C13 -> 0 | G60: =kedelai!D13 -> 10 | H60: =kedelai!E13 -> 25 | I60: =SUM(C60:H60) -> 43 | J60: =kedelai!F13 -> 0 | K60: =kedelai!G13 -> 0 | L60: =kedelai!H13 -> 0 | M60: =kedelai!I13 -> 0 | N60: =kedelai!J13 -> 0 | O60: =kedelai!K13 -> 0 | P60: =SUM(J60:O60) -> 0 | Q60: =SUM(I60,P60) -> 43
A61: 6 | B61: CILEGON | C61: 0 | D61: 0 | E61: 0 | F61: =kedelai!C14 -> 0 | G61: =kedelai!D14 -> 0 | H61: =kedelai!E14 -> 0 | I61: =SUM(C61:H61) -> 0 | J61: =kedelai!F14 -> 0 | K61: =kedelai!G14 -> 0 | L61: =kedelai!H14 -> 0 | M61: =kedelai!I14 -> 0 | N61: =kedelai!J14 -> 0 | O61: =kedelai!K14 -> 0 | P61: =SUM(J61:O61) -> 0 | Q61: =SUM(I61,P61) -> 0
A62: 7 | B62: JOMBANG | C62: 0 | D62: 0 | E62: 0 | F62: =kedelai!C15 -> 0 | G62: =kedelai!D15 -> 0 | H62: =kedelai!E15 -> 0 | I62: =SUM(C62:H62) -> 0 | J62: =kedelai!F15 -> 0 | K62: =kedelai!G15 -> 0 | L62: =kedelai!H15 -> 0 | M62: =kedelai!I15 -> 0 | N62: =kedelai!J15 -> 0 | O62: =kedelai!K15 -> 0 | P62: =SUM(J62:O62) -> 0 | Q62: =SUM(I62,P62) -> 0
A63: 8 | B63: CIBEBER | C63: 0 | D63: 0 | E63: 2 | F63: =kedelai!C16 -> 0 | G63: =kedelai!D16 -> 0 | H63: =kedelai!E16 -> 28 | I63: =SUM(C63:H63) -> 30 | J63: =kedelai!F16 -> 0 | K63: =kedelai!G16 -> 0 | L63: =kedelai!H16 -> 0 | M63: =kedelai!I16 -> 0 | N63: =kedelai!J16 -> 0 | O63: =kedelai!K16 -> 0 | P63: =SUM(J63:O63) -> 0 | Q63: =SUM(I63,P63) -> 30
A64: JUMLAH | C64: =SUM(C56:C63) -> 3 | D64: =SUM(D56:D63) -> 7 | E64: =SUM(E56:E63) -> 36 | F64: =SUM(F56:F63) -> 20 | G64: =SUM(G56:G63) -> 19 | H64: =SUM(H56:H63) -> 59 | I64: =SUM(I56:I63) -> 144 | J64: =SUM(J56:J63) -> 0 | ... Q64: =SUM(Q56:Q63) -> 144
A66: REALISASI TANAM KACANG TANAH OKTOBER 2015 S/D MARET 2016 DAN APRIL S/D SEPTEMBER 2016
A67: KOTA CILEGON
Q68: (Ha)
A69: No | B69: Kecamatan | C69: 2015 S/D 2016 | I69: Okt-Mar | J69: 2016 | P69: Apr-Sep | Q69: Jumlah
C70: Okt | D70: Nov | E70: Des | F70: Jan | G70: Peb | H70: Mar | J70: April | K70: Mei | L70: Juni | M70: Juli | N70: Agust | O70: Sep
A71: 1 | B71: 2 | C71: 3 | D71: 4 | E71: 5 | F71: 6 | G71: 7 | H71: 8 | I71: 9 | J71: 10 | K71: 11 | L71: 12 | M71: 13 | N71: 14 | O71: 15 | P71: 16 | Q71: 17
A72: 1 | B72: CIWANDAN | C72: 0 | D72: 0 | E72: 185 | F72: ='kc tanah'!C9 -> 31 | G72: ='kc tanah'!D9 -> 0 | H72: ='kc tanah'!E9 -> 0 | I72: =SUM(C72:H72) -> 216 | J72: ='kc tanah'!F9 -> 25 | K72: ='kc tanah'!G9 -> 105 | L72: ='kc tanah'!H9 -> 0 | M72: ='kc tanah'!I9 -> 0 | N72: ='kc tanah'!J9 -> 0 | O72: ='kc tanah'!K9 -> 0 | P72: =SUM(J72:O72) -> 130 | Q72: =SUM(I72,P72) -> 346
A73: 2 | B73: CITANGKIL | C73: 1 | D73: 3 | E73: 57 | F73: ='kc tanah'!C10 -> 125 | G73: ='kc tanah'!D10 -> 0 | H73: ='kc tanah'!E10 -> 0 | I73: =SUM(C73:H73) -> 186 | J73: ='kc tanah'!F10 -> 0 | K73: ='kc tanah'!G10 -> 0 | L73: ='kc tanah'!H10 -> 0 | M73: ='kc tanah'!I10 -> 0 | N73: ='kc tanah'!J10 -> 0 | O73: ='kc tanah'!K10 -> 0 | P73: =SUM(J73:O73) -> 0 | Q73: =SUM(I73,P73) -> 186
A74: 3 | B74: PULOMERAK | C74: 0 | D74: 0 | E74: 275 | F74: ='kc tanah'!C11 -> 20 | G74: ='kc tanah'!D11 -> 0 | H74: ='kc tanah'!E11 -> 0 | I74: =SUM(C74:H74) -> 295 | J74: ='kc tanah'!F11 -> 280 | K74: ='kc tanah'!G11 -> 0 | L74: ='kc tanah'!H11 -> 0 | M74: ='kc tanah'!I11 -> 0 | N74: ='kc tanah'!J11 -> 0 | O74: ='kc tanah'!K11 -> 0 | P74: =SUM(J74:O74) -> 280 | Q74: =SUM(I74,P74) -> 575
A75: 4 | B75: PURWAKARTA | C75: 0 | D75: 5 | E75: 141 | F75: ='kc tanah'!C12 -> 22 | G75: ='kc tanah'!D12 -> 0 | H75: ='kc tanah'!E12 -> 18 | I75: =SUM(C75:H75) -> 186 | J75: ='kc tanah'!F12 -> 0 | K75: ='kc tanah'!G12 -> 15 | L75: ='kc tanah'!H12 -> 3 | M75: ='kc tanah'!I12 -> 17 | N75: ='kc tanah'!J12 -> 0 | O75: ='kc tanah'!K12 -> 0 | P75: =SUM(J75:O75) -> 35 | Q75: =SUM(I75,P75) -> 221
A76: 5 | B76: GROGOL | C76: 0 | D76: 0 | E76: 102 | F76: ='kc tanah'!C13 -> 96 | G76: ='kc tanah'!D13 -> 0 | H76: ='kc tanah'!E13 -> 0 | I76: =SUM(C76:H76) -> 198 | J76: ='kc tanah'!F13 -> 115 | K76: ='kc tanah'!G13 -> 0 | L76: ='kc tanah'!H13 -> 0 | M76: ='kc tanah'!I13 -> 0 | N76: ='kc tanah'!J13 -> 0 | O76: ='kc tanah'!K13 -> 0 | P76: =SUM(J76:O76) -> 115 | Q76: =SUM(I76,P76) -> 313
A77: 6 | B77: CILEGON | C77: 0 | D77: 15 | E77: 50 | F77: ='kc tanah'!C14 -> 15 | G77: ='kc tanah'!D14 -> 0 | H77: ='kc tanah'!E14 -> 20 | I77: =SUM(C77:H77) -> 100 | J77: ='kc tanah'!F14 -> 30 | K77: ='kc tanah'!G14 -> 0 | L77: ='kc tanah'!H14 -> 0 | M77: ='kc tanah'!I14 -> 15 | N77: ='kc tanah'!J14 -> 5 | O77: ='kc tanah'!K14 -> 0 | P77: =SUM(J77:O77) -> 50 | Q77: =SUM(I77,P77) -> 150
A78: 7 | B78: JOMBANG | C78: 0 | D78: 0 | E78: 0 | F78: ='kc tanah'!C15 -> 1 | G78: ='kc tanah'!D15 -> 0 | H78: ='kc tanah'!E15 -> 1 | I78: =SUM(C78:H78) -> 2 | J78: ='kc tanah'!F15 -> 0 | K78: ='kc tanah'!G15 -> 0 | L78: ='kc tanah'!H15 -> 0 | M78: ='kc tanah'!I15 -> 0 | N78: ='kc tanah'!J15 -> 0 | O78: ='kc tanah'!K15 -> 0 | P78: =SUM(J78:O78) -> 0 | Q78: =SUM(I78,P78) -> 2
A79: 8 | B79: CIBEBER | C79: 0 | D79: 0 | E79: 332 | F79: ='kc tanah'!C16 -> 0 | G79: ='kc tanah'!D16 -> 2 | H79: ='kc tanah'!E16 -> 75 | I79: =SUM(C79:H79) -> 409 | J79: ='kc tanah'!F16 -> 248 | K79: ='kc tanah'!G16 -> 0 | L79: ='kc tanah'!H16 -> 0 | M79: ='kc tanah'!I16 -> 225 | N79: ='kc tanah'!J16 -> 25 | O79: ='kc tanah'!K16 -> 35 | P79: =SUM(J79:O79) -> 533 | Q79: =SUM(I79,P79) -> 942
A80: JUMLAH | C80: =SUM(C72:C79) -> 1 | D80: =SUM(D72:D79) -> 23 | E80: =SUM(E72:E79) -> 1142 | F80: =SUM(F72:F79) -> 310 | G80: =SUM(G72:G79) -> 2 | H80: =SUM(H72:H79) -> 114 | I80: =SUM(I72:I79) -> 1592 | J80: =SUM(J72:J79) -> 698 | ... Q80: =SUM(Q72:Q79) -> 2735
A82: REALISASI TANAM UBI KAYU OKTOBER 2015 S/D MARET 2016 DAN APRIL S/D SEPTEMBER 2016
A83: KOTA CILEGON
Q84: (Ha)
A85: No | B85: Kecamatan | C85: 2015 S/D 2016 | I85: Okt-Mar | J85: 2016 | P85: Apr-Sep | Q85: Jumlah
C86: Okt | D86: Nov | E86: Des | F86: Jan | G86: Peb | H86: Mar | J86: April | K86: Mei | L86: Juni | M86: Juli | N86: Agust | O86: Sep
A87: 1 | B87: 2 | C87: 3 | D87: 4 | E87: 5 | F87: 6 | G87: 7 | H87: 8 | I87: 9 | J87: 10 | K87: 11 | L87: 12 | M87: 13 | N87: 14 | O87: 15 | P87: 16 | Q87: 17
A88: 1 | B88: CIWANDAN | C88: 0 | D88: 0 | E88: 1 | F88: ='ubi kayu'!C9 -> 2 | G88: ='ubi kayu'!D9 -> 10 | H88: ='ubi kayu'!E9 -> 0 | I88: =SUM(C88:H88) -> 13 | J88: ='ubi kayu'!F9 -> 0 | K88: ='ubi kayu'!G9 -> 0 | L88: ='ubi kayu'!H9 -> 0 | M88: ='ubi kayu'!I9 -> 0 | N88: ='ubi kayu'!J9 -> 0 | O88: ='ubi kayu'!K9 -> 0 | P88: =SUM(J88:O88) -> 0 | Q88: =SUM(I88,P88) -> 13
A89: 2 | B89: CITANGKIL | C89: 0 | D89: 0 | E89: 0 | F89: ='ubi kayu'!C10 -> 1 | G89: ='ubi kayu'!D10 -> 0 | H89: ='ubi kayu'!E10 -> 0 | I89: =SUM(C89:H89) -> 1 | J89: ='ubi kayu'!F10 -> 0 | K89: ='ubi kayu'!G10 -> 1 | L89: ='ubi kayu'!H10 -> 1 | M89: ='ubi kayu'!I10 -> 1 | N89: ='ubi kayu'!J10 -> 0 | O89: ='ubi kayu'!K10 -> 0 | P89: =SUM(J89:O89) -> 3 | Q89: =SUM(I89,P89) -> 4
A90: 3 | B90: PULOMERAK | C90: 0 | D90: 0 | E90: 3 | F90: ='ubi kayu'!C11 -> 0 | G90: ='ubi kayu'!D11 -> 0 | H90: ='ubi kayu'!E11 -> 0 | I90: =SUM(C90:H90) -> 3 | J90: ='ubi kayu'!F11 -> 0 | K90: ='ubi kayu'!G11 -> 0 | L90: ='ubi kayu'!H11 -> 0 | M90: ='ubi kayu'!I11 -> 0 | N90: ='ubi kayu'!J11 -> 0 | O90: ='ubi kayu'!K11 -> 0 | P90: =SUM(J90:O90) -> 0 | Q90: =SUM(I90,P90) -> 3
A91: 4 | B91: PURWAKARTA | C91: 0 | D91: 0 | E91: 2 | F91: ='ubi kayu'!C12 -> 0 | G91: ='ubi kayu'!D12 -> 0 | H91: ='ubi kayu'!E12 -> 0 | I91: =SUM(C91:H91) -> 2 | J91: ='ubi kayu'!F12 -> 0 | K91: ='ubi kayu'!G12 -> 2 | L91: ='ubi kayu'!H12 -> 0 | M91: ='ubi kayu'!I12 -> 0 | N91: ='ubi kayu'!J12 -> 0 | O91: ='ubi kayu'!K12 -> 2 | P91: =SUM(J91:O91) -> 4 | Q91: =SUM(I91,P91) -> 6
A92: 5 | B92: GROGOL | C92: 0 | D92: 0 | E92: 1 | F92: ='ubi kayu'!C13 -> 0 | G92: ='ubi kayu'!D13 -> 0 | H92: ='ubi kayu'!E13 -> 0 | I92: =SUM(C92:H92) -> 1 | J92: ='ubi kayu'!F13 -> 0 | K92: ='ubi kayu'!G13 -> 0 | L92: ='ubi kayu'!H13 -> 0 | M92: ='ubi kayu'!I13 -> 0 | N92: ='ubi kayu'!J13 -> 0 | O92: ='ubi kayu'!K13 -> 0 | P92: =SUM(J92:O92) -> 0 | Q92: =SUM(I92,P92) -> 1
A93: 6 | B93: CILEGON | C93: 0 | D93: 0 | E93: 0 | F93: ='ubi kayu'!C14 -> 0 | G93: ='ubi kayu'!D14 -> 0 | H93: ='ubi kayu'!E14 -> 5 | I93: =SUM(C93:H93) -> 5 | J93: ='ubi kayu'!F14 -> 0 | K93: ='ubi kayu'!G14 -> 0 | L93: ='ubi kayu'!H14 -> 0 | M93: ='ubi kayu'!I14 -> 3 | N93: ='ubi kayu'!J14 -> 0 | O93: ='ubi kayu'!K14 -> 0 | P93: =SUM(J93:O93) -> 3 | Q93: =SUM(I93,P93) -> 8
A94: 7 | B94: JOMBANG | C94: 0 | D94: 0 | E94: 0 | F94: ='ubi kayu'!C15 -> 0 | G94: ='ubi kayu'!D15 -> 0 | H94: ='ubi kayu'!E15 -> 0 | I94: =SUM(C94:H94) -> 0 | J94: ='ubi kayu'!F15 -> 0 | K94: ='ubi kayu'!G15 -> 0 | L94: ='ubi kayu'!H15 -> 0 | M94: ='ubi kayu'!I15 -> 0 | N94: ='ubi kayu'!J15 -> 0 | O94: ='ubi kayu'!K15 -> 0 | P94: =SUM(J94:O94) -> 0 | Q94: =SUM(I94,P94) -> 0
A95: 8 | B95: CIBEBER | C95: 0 | D95: 0 | E95: 2 | F95: ='ubi kayu'!C16 -> 0 | G95: ='ubi kayu'!D16 -> 2 | H95: ='ubi kayu'!E16 -> 2 | I95: =SUM(C95:H95) -> 6 | J95: ='ubi kayu'!F16 -> 2 | K95: ='ubi kayu'!G16 -> 0 | L95: ='ubi kayu'!H16 -> 0 | M95: ='ubi kayu'!I16 -> 2 | N95: ='ubi kayu'!J16 -> 0 | O95: ='ubi kayu'!K16 -> 3 | P95: =SUM(J95:O95) -> 7 | Q95: =SUM(I95,P95) -> 13
A96: JUMLAH | C96: =SUM(C88:C95) -> 0 | D96: =SUM(D88:D95) -> 0 | E96: =SUM(E88:E95) -> 9 | F96: =SUM(F88:F95) -> 3 | G96: =SUM(G88:G95) -> 12 | H96: =SUM(H88:H95) -> 7 | I96: =SUM(I88:I95) -> 31 | J96: =SUM(J88:J95) -> 2 | ... Q96: =SUM(Q88:Q95) -> 48
A98: REALISASI TANAM UBI JALAR OKTOBER 2015 S/D MARET 2016 DAN APRIL S/D SEPTEMBER 2016
A99: KOTA CILEGON
Q100: (Ha)
A101: No | B101: Kecamatan | C101: 2015 S/D 2016 | I101: Okt-Mar | J101: 2016 | P101: Apr-Sep | Q101: Jumlah
C102: Okt | D102: Nov | E102: Des | F102: Jan | G102: Peb | H102: Mar | J102: April | K102: Mei | L102: Juni | M102: Juli | N102: Agust | O102: Sep
A103: 1 | B103: 2 | C103: 3 | D103: 4 | E103: 5 | F103: 6 | G103: 7 | H103: 8 | I103: 9 | J103: 10 | K103: 11 | L103: 12 | M103: 13 | N103: 14 | O103: 15 | P103: 16 | Q103: 17
A104: 1 | B104: CIWANDAN | C104: 0 | D104: 0 | E104: 0 | F104: ='ubi jalar'!C9 -> 1 | G104: ='ubi jalar'!D9 -> 4 | H104: ='ubi jalar'!E9 -> 0 | I104: =SUM(C104:H104) -> 5 | J104: ='ubi jalar'!F9 -> 2 | K104: ='ubi jalar'!G9 -> 0 | L104: ='ubi jalar'!H9 -> 0 | M104: ='ubi jalar'!I9 -> 0 | N104: ='ubi jalar'!J9 -> 0 | O104: ='ubi jalar'!K9 -> 0 | P104: =SUM(J104:O104) -> 2 | Q104: =SUM(I104,P104) -> 7
A105: 2 | B105: CITANGKIL | C105: 1 | D105: 1 | E105: 0 | F105: ='ubi jalar'!C10 -> 2 | G105: ='ubi jalar'!D10 -> 0 | H105: ='ubi jalar'!E10 -> 0 | I105: =SUM(C105:H105) -> 4 | J105: ='ubi jalar'!F10 -> 0 | K105: ='ubi jalar'!G10 -> 0 | L105: ='ubi jalar'!H10 -> 1 | M105: ='ubi jalar'!I10 -> 1 | N105: ='ubi jalar'!J10 -> 0 | O105: ='ubi jalar'!K10 -> 1 | P105: =SUM(J105:O105) -> 3 | Q105: =SUM(I105,P105) -> 7
A106: 3 | B106: PULOMERAK | C106: 0 | D106: 0 | E106: 0 | F106: ='ubi jalar'!C11 -> 0 | G106: ='ubi jalar'!D11 -> 0 | H106: ='ubi jalar'!E11 -> 0 | I106: =SUM(C106:H106) -> 0 | J106: ='ubi jalar'!F11 -> 0 | K106: ='ubi jalar'!G11 -> 0 | L106: ='ubi jalar'!H11 -> 0 | M106: ='ubi jalar'!I11 -> 0 | N106: ='ubi jalar'!J11 -> 0 | O106: ='ubi jalar'!K11 -> 0 | P106: =SUM(J106:O106) -> 0 | Q106: =SUM(I106,P106) -> 0
...

Sheet okt-mar (2016)
A1: REALISASI TANAM PADI TOTAL OKTOBER 2016 S/D MARET 2017 DAN APRIL S/D SEPTEMBER 2017
A2: KOTA CILEGON
Q3: (Ha)
A4: No | B4: Kecamatan | C4: 2016 S/D 2017 | I4: Okt-Mar | J4: 2017 | P4: Apr-Sep | Q4: Jumlah
C5: Okt | D5: Nov | E5: Des | F5: Jan | G5: Peb | H5: Mar | J5: April | K5: Mei | L5: Juni | M5: Juli | N5: Agust | O5: Sep
A6: 1 | B6: 2 | C6: 3 | D6: 4 | E6: 5 | F6: 6 | G6: 7 | H6: 8 | I6: 9 | J6: 10 | K6: 11 | L6: 12 | M6: 13 | N6: 14 | O6: 15 | P6: 16 | Q6: 17
A7: 1 | B7: CIWANDAN | C7: =SUM(C23,C39) -> 0 | D7: =SUM(D23,D39) -> 2 | E7: =SUM(E23,E39) -> 45 | I7: =SUM(C7:H7) -> 47 | P7: =SUM(J7:O7) -> 0 | Q7: =SUM(I7,P7) -> 47
A8: 2 | B8: CITANGKIL | C8: =SUM(C24,C40) -> 5 | D8: =SUM(D24,D40) -> 27 | E8: =SUM(E24,E40) -> 143 | I8: =SUM(C8:H8) -> 175 | P8: =SUM(J8:O8) -> 0 | Q8: =SUM(I8,P8) -> 175
A9: 3 | B9: PULOMERAK | C9: =SUM(C25,C41) -> 5 | D9: =SUM(D25,D41) -> 9 | E9: =SUM(E25,E41) -> 25 | I9: =SUM(C9:H9) -> 39 | P9: =SUM(J9:O9) -> 0 | Q9: =SUM(I9,P9) -> 39
A10: 4 | B10: PURWAKARTA | C10: =SUM(C26,C42) -> 9 | D10: =SUM(D26,D42) -> 1 | E10: =SUM(E26,E42) -> 36 | I10: =SUM(C10:H10) -> 46 | P10: =SUM(J10:O10) -> 0 | Q10: =SUM(I10,P10) -> 46
A11: 5 | B11: GROGOL | C11: =SUM(C27,C43) -> 0 | D11: =SUM(D27,D43) -> 0 | E11: =SUM(E27,E43) -> 15 | I11: =SUM(C11:H11) -> 15 | P11: =SUM(J11:O11) -> 0 | Q11: =SUM(I11,P11) -> 15
A12: 6 | B12: CILEGON | C12: =SUM(C28,C44) -> 7 | D12: =SUM(D28,D44) -> 43 | E12: =SUM(E28,E44) -> 0 | I12: =SUM(C12:H12) -> 50 | P12: =SUM(J12:O12) -> 0 | Q12: =SUM(I12,P12) -> 50
A13: 7 | B13: JOMBANG | C13: =SUM(C29,C45) -> 15 | D13: =SUM(D29,D45) -> 14 | E13: =SUM(E29,E45) -> 136 | I13: =SUM(C13:H13) -> 165 | P13: =SUM(J13:O13) -> 0 | Q13: =SUM(I13,P13) -> 165
A14: 8 | B14: CIBEBER | C14: =SUM(C30,C46) -> 26 | D14: =SUM(D30,D46) -> 125 | E14: =SUM(E30,E46) -> 122 | I14: =SUM(C14:H14) -> 273 | P14: =SUM(J14:O14) -> 0 | Q14: =SUM(I14,P14) -> 273
A15: JUMLAH | C15: =SUM(C7:C14) -> 67 | D15: =SUM(D7:D14) -> 221 | E15: =SUM(E7:E14) -> 522 | F15: =SUM(F7:F14) -> 0 | G15: =SUM(G7:G14) -> 0 | H15: =SUM(H7:H14) -> 0 | I15: =SUM(I7:I14) -> 810 | J15: =SUM(J7:J14) -> 0 | ... Q15: =SUM(Q7:Q14) -> 810
A17: REALISASI TANAM PADI SAWAH OKTOBER 2016 S/D MARET 2017 DAN APRIL S/D SEPTEMBER 2017
A18: KOTA CILEGON
Q19: (Ha)
A20: No | B20: Kecamatan | C20: 2016 S/D 2017 | I20: Okt-Mar | J20: 2017 | P20: Apr-Sep | Q20: Jumlah
C21: Okt | D21: Nov | E21: Des | F21: Jan | G21: Peb | H21: Mar | J21: April | K21: Mei | L21: Juni | M21: Juli | N21: Agust | O21: Sep
A22: 1 | B22: 2 | C22: 3 | D22: 4 | E22: 5 | F22: 6 | G22: 7 | H22: 8 | I22: 9 | J22: 10 | K22: 11 | L22: 12 | M22: 13 | N22: 14 | O22: 15 | P22: 16 | Q22: 17
A23: 1 | B23: CIWANDAN | C23: ='padi sawah'!L9 -> 0 | D23: ='padi sawah'!M9 -> 2 | E23: ='padi sawah'!N9 -> 45 | I23: =SUM(C23:H23) -> 47 | P23: =SUM(J23:O23) -> 0 | Q23: =SUM(I23,P23) -> 47
A24: 2 | B24: CITANGKIL | C24: ='padi sawah'!L10 -> 5 | D24: ='padi sawah'!M10 -> 27 | E24: ='padi sawah'!N10 -> 143 | I24: =SUM(C24:H24) -> 175 | P24: =SUM(J24:O24) -> 0 | Q24: =SUM(I24,P24) -> 175
A25: 3 | B25: PULOMERAK | C25: ='padi sawah'!L11 -> 5 | D25: ='padi sawah'!M11 -> 5 | E25: ='padi sawah'!N11 -> 0 | I25: =SUM(C25:H25) -> 10 | P25: =SUM(J25:O25) -> 0 | Q25: =SUM(I25,P25) -> 10
A26: 4 | B26: PURWAKARTA | C26: ='padi sawah'!L12 -> 9 | D26: ='padi sawah'!M12 -> 1 | E26: ='padi sawah'!N12 -> 36 | I26: =SUM(C26:H26) -> 46 | P26: =SUM(J26:O26) -> 0 | Q26: =SUM(I26,P26) -> 46
A27: 5 | B27: GROGOL | C27: ='padi sawah'!L13 -> 0 | D27: ='padi sawah'!M13 -> 0 | E27: ='padi sawah'!N13 -> 15 | I27: =SUM(C27:H27) -> 15 | P27: =SUM(J27:O27) -> 0 | Q27: =SUM(I27,P27) -> 15
A28: 6 | B28: CILEGON | C28: ='padi sawah'!L14 -> 7 | D28: ='padi sawah'!M14 -> 43 | E28: ='padi sawah'!N14 -> 0 | I28: =SUM(C28:H28) -> 50 | P28: =SUM(J28:O28) -> 0 | Q28: =SUM(I28,P28) -> 50
A29: 7 | B29: JOMBANG | C29: ='padi sawah'!L15 -> 15 | D29: ='padi sawah'!M15 -> 14 | E29: ='padi sawah'!N15 -> 136 | I29: =SUM(C29:H29) -> 165 | P29: =SUM(J29:O29) -> 0 | Q29: =SUM(I29,P29) -> 165
A30: 8 | B30: CIBEBER | C30: ='padi sawah'!L16 -> 26 | D30: ='padi sawah'!M16 -> 125 | E30: ='padi sawah'!N16 -> 122 | I30: =SUM(C30:H30) -> 273 | P30: =SUM(J30:O30) -> 0 | Q30: =SUM(I30,P30) -> 273
A31: JUMLAH | C31: =SUM(C23:C30) -> 67 | D31: =SUM(D23:D30) -> 217 | E31: =SUM(E23:E30) -> 497 | F31: =SUM(F23:F30) -> 0 | G31: =SUM(G23:G30) -> 0 | H31: =SUM(H23:H30) -> 0 | I31: =SUM(I23:I30) -> 781 | J31: =SUM(J23:J30) -> 0 | ... Q31: =SUM(Q23:Q30) -> 781 | W31: =SUM(F31:H31,J31:O31) -> 0
A33: REALISASI TANAM PADI LADANG OKTOBER 2016 S/D MARET 2017 DAN APRIL S/D SEPTEMBER 2017
A34: KOTA CILEGON
Q35: (Ha)
A36: No | B36: Kecamatan | C36: 2016 S/D 2017 | I36: Okt-Mar | J36: 2017 | P36: Apr-Sep | Q36: Jumlah
C37: Okt | D37: Nov | E37: Des | F37: Jan | G37: Peb | H37: Mar | J37: April | K37: Mei | L37: Juni | M37: Juli | N37: Agust | O37: Sep
A38: 1 | B38: 2 | C38: 3 | D38: 4 | E38: 5 | F38: 6 | G38: 7 | H38: 8 | I38: 9 | J38: 10 | K38: 11 | L38: 12 | M38: 13 | N38: 14 | O38: 15 | P38: 16 | Q38: 17
A39: 1 | B39: CIWANDAN | C39: ='padi ladang'!L9 -> 0 | D39: ='padi ladang'!M9 -> 0 | E39: ='padi ladang'!N9 -> 0 | I39: =SUM(C39:H39) -> 0 | P39: =SUM(J39:O39) -> 0 | Q39: =SUM(I39,P39) -> 0
A40: 2 | B40: CITANGKIL | C40: ='padi ladang'!L10 -> 0 | D40: ='padi ladang'!M10 -> 0 | E40: ='padi ladang'!N10 -> 0 | I40: =SUM(C40:H40) -> 0 | P40: =SUM(J40:O40) -> 0 | Q40: =SUM(I40,P40) -> 0
A41: 3 | B41: PULOMERAK | C41: ='padi ladang'!L11 -> 0 | D41: ='padi ladang'!M11 -> 4 | E41: ='padi ladang'!N11 -> 25 | I41: =SUM(C41:H41) -> 29 | P41: =SUM(J41:O41) -> 0 | Q41: =SUM(I41,P41) -> 29
A42: 4 | B42: PURWAKARTA | C42: ='padi ladang'!L12 -> 0 | D42: ='padi ladang'!M12 -> 0 | E42: ='padi ladang'!N12 -> 0 | I42: =SUM(C42:H42) -> 0 | P42: =SUM(J42:O42) -> 0 | Q42: =SUM(I42,P42) -> 0
A43: 5 | B43: GROGOL | C43: ='padi ladang'!L13 -> 0 | D43: ='padi ladang'!M13 -> 0 | E43: ='padi ladang'!N13 -> 0 | I43: =SUM(C43:H43) -> 0 | P43: =SUM(J43:O43) -> 0 | Q43: =SUM(I43,P43) -> 0
A44: 6 | B44: CILEGON | C44: ='padi ladang'!L14 -> 0 | D44: ='padi ladang'!M14 -> 0 | E44: ='padi ladang'!N14 -> 0 | I44: =SUM(C44:H44) -> 0 | P44: =SUM(J44:O44) -> 0 | Q44: =SUM(I44,P44) -> 0
A45: 7 | B45: JOMBANG | C45: ='padi ladang'!L15 -> 0 | D45: ='padi ladang'!M15 -> 0 | E45: ='padi ladang'!N15 -> 0 | I45: =SUM(C45:H45) -> 0 | P45: =SUM(J45:O45) -> 0 | Q45: =SUM(I45,P45) -> 0
A46: 8 | B46: CIBEBER | C46: ='padi ladang'!L16 -> 0 | D46: ='padi ladang'!M16 -> 0 | E46: ='padi ladang'!N16 -> 0 | I46: =SUM(C46:H46) -> 0 | P46: =SUM(J46:O46) -> 0 | Q46: =SUM(I46,P46) -> 0
A47: JUMLAH | C47: =SUM(C39:C46) -> 0 | D47: =SUM(D39:D46) -> 4 | E47: =SUM(E39:E46) -> 25 | F47: =SUM(F39:F46) -> 0 | G47: =SUM(G39:G46) -> 0 | H47: =SUM(H39:H46) -> 0 | I47: =SUM(I39:I46) -> 29 | J47: =SUM(J39:J46) -> 0 | ... Q47: =SUM(Q39:Q46) -> 29
A49: REALISASI TANAM JAGUNG OKTOBER 2015 S/D MARET 2016 DAN APRIL S/D SEPTEMBER 2016
A50: KOTA CILEGON
Q51: (Ha)
A52: No | B52: Kecamatan | C52: 2016 S/D 2017 | I52: Okt-Mar | J52: 2017 | P52: Apr-Sep | Q52: Jumlah
C53: Okt | D53: Nov | E53: Des | F53: Jan | G53: Peb | H53: Mar | J53: April | K53: Mei | L53: Juni | M53: Juli | N53: Agust | O53: Sep
A54: 1 | B54: 2 | C54: 3 | D54: 4 | E54: 5 | F54: 6 | G54: 7 | H54: 8 | I54: 9 | J54: 10 | K54: 11 | L54: 12 | M54: 13 | N54: 14 | O54: 15 | P54: 16 | Q54: 17
A55: 1 | B55: CIWANDAN | C55: =jagung!L9 -> 1 | D55: =jagung!M9 -> 0 | E55: =jagung!N9 -> 0 | I55: =SUM(C55:H55) -> 1 | P55: =SUM(J55:O55) -> 0 | Q55: =SUM(I55,P55) -> 1
A56: 2 | B56: CITANGKIL | C56: =jagung!L10 -> 1 | D56: =jagung!M10 -> 0 | E56: =jagung!N10 -> 0 | I56: =SUM(C56:H56) -> 1 | P56: =SUM(J56:O56) -> 0 | Q56: =SUM(I56,P56) -> 1
A57: 3 | B57: PULOMERAK | C57: =jagung!L11 -> 0 | D57: =jagung!M11 -> 35 | E57: =jagung!N11 -> 15 | I57: =SUM(C57:H57) -> 50 | P57: =SUM(J57:O57) -> 0 | Q57: =SUM(I57,P57) -> 50
A58: 4 | B58: PURWAKARTA | C58: =jagung!L12 -> 0 | D58: =jagung!M12 -> 0 | E58: =jagung!N12 -> 1 | I58: =SUM(C58:H58) -> 1 | P58: =SUM(J58:O58) -> 0 | Q58: =SUM(I58,P58) -> 1
A59: 5 | B59: GROGOL | C59: =jagung!L13 -> 0 | D59: =jagung!M13 -> 0 | E59: =jagung!N13 -> 0 | I59: =SUM(C59:H59) -> 0 | P59: =SUM(J59:O59) -> 0 | Q59: =SUM(I59,P59) -> 0
A60: 6 | B60: CILEGON | C60: =jagung!L14 -> 0 | D60: =jagung!M14 -> 0 | E60: =jagung!N14 -> 0 | I60: =SUM(C60:H60) -> 0 | P60: =SUM(J60:O60) -> 0 | Q60: =SUM(I60,P60) -> 0
A61: 7 | B61: JOMBANG | C61: =jagung!L15 -> 0 | D61: =jagung!M15 -> 0 | E61: =jagung!N15 -> 0 | I61: =SUM(C61:H61) -> 0 | P61: =SUM(J61:O61) -> 0 | Q61: =SUM(I61,P61) -> 0
A62: 8 | B62: CIBEBER | C62: =jagung!L16 -> 1 | D62: =jagung!M16 -> 1 | E62: =jagung!N16 -> 0 | I62: =SUM(C62:H62) -> 2 | P62: =SUM(J62:O62) -> 0 | Q62: =SUM(I62,P62) -> 2
A63: JUMLAH | C63: =SUM(C55:C62) -> 3 | D63: =SUM(D55:D62) -> 36 | E63: =SUM(E55:E62) -> 16 | F63: =SUM(F55:F62) -> 0 | G63: =SUM(G55:G62) -> 0 | H63: =SUM(H55:H62) -> 0 | I63: =SUM(I55:I62) -> 55 | J63: =SUM(J55:J62) -> 0 | ... Q63: =SUM(Q55:Q62) -> 55
A65: REALISASI TANAM KEDELAI OKTOBER 2015 S/D MARET 2016 DAN APRIL S/D SEPTEMBER 2016
A66: KOTA CILEGON
Q67: (Ha)
A68: No | B68: Kecamatan | C68: 2016 S/D 2017 | I68: Okt-Mar | J68: 2017 | P68: Apr-Sep | Q68: Jumlah
C69: Okt | D69: Nov | E69: Des | F69: Jan | G69: Peb | H69: Mar | J69: April | K69: Mei | L69: Juni | M69: Juli | N69: Agust | O69: Sep
A70: 1 | B70: 2 | C70: 3 | D70: 4 | E70: 5 | F70: 6 | G70: 7 | H70: 8 | I70: 9 | J70: 10 | K70: 11 | L70: 12 | M70: 13 | N70: 14 | O70: 15 | P70: 16 | Q70: 17
A71: 1 | B71: CIWANDAN | C71: =kedelai!L9 -> 0 | D71: =kedelai!M9 -> 0 | E71: =kedelai!N9 -> 0 | I71: =SUM(C71:H71) -> 0 | P71: =SUM(J71:O71) -> 0 | Q71: =SUM(I71,P71) -> 0
A72: 2 | B72: CITANGKIL | C72: =kedelai!L10 -> 0 | D72: =kedelai!M10 -> 0 | E72: =kedelai!N10 -> 0 | I72: =SUM(C72:H72) -> 0 | P72: =SUM(J72:O72) -> 0 | Q72: =SUM(I72,P72) -> 0
A73: 3 | B73: PULOMERAK | C73: =kedelai!L11 -> 0 | D73: =kedelai!M11 -> 0 | E73: =kedelai!N11 -> 0 | I73: =SUM(C73:H73) -> 0 | P73: =SUM(J73:O73) -> 0 | Q73: =SUM(I73,P73) -> 0
A74: 4 | B74: PURWAKARTA | C74: =kedelai!L12 -> 0 | D74: =kedelai!M12 -> 0 | E74: =kedelai!N12 -> 0 | I74: =SUM(C74:H74) -> 0 | P74: =SUM(J74:O74) -> 0 | Q74: =SUM(I74,P74) -> 0
A75: 5 | B75: GROGOL | C75: =kedelai!L13 -> 0 | D75: =kedelai!M13 -> 0 | E75: =kedelai!N13 -> 0 | I75: =SUM(C75:H75) -> 0 | P75: =SUM(J75:O75) -> 0 | Q75: =SUM(I75,P75) -> 0
A76: 6 | B76: CILEGON | C76: =kedelai!L14 -> 0 | D76: =kedelai!M14 -> 0 | E76: =kedelai!N14 -> 0 | I76: =SUM(C76:H76) -> 0 | P76: =SUM(J76:O76) -> 0 | Q76: =SUM(I76,P76) -> 0
A77: 7 | B77: JOMBANG | C77: =kedelai!L15 -> 0 | D77: =kedelai!M15 -> 0 | E77: =kedelai!N15 -> 0 | I77: =SUM(C77:H77) -> 0 | P77: =SUM(J77:O77) -> 0 | Q77: =SUM(I77,P77) -> 0
A78: 8 | B78: CIBEBER | C78: =kedelai!L16 -> 0 | D78: =kedelai!M16 -> 0 | E78: =kedelai!N16 -> 0 | I78: =SUM(C78:H78) -> 0 | P78: =SUM(J78:O78) -> 0 | Q78: =SUM(I78,P78) -> 0
A79: JUMLAH | C79: =SUM(C71:C78) -> 0 | D79: =SUM(D71:D78) -> 0 | E79: =SUM(E71:E78) -> 0 | F79: =SUM(F71:F78) -> 0 | G79: =SUM(G71:G78) -> 0 | H79: =SUM(H71:H78) -> 0 | I79: =SUM(I71:I78) -> 0 | J79: =SUM(J71:J78) -> 0 | ... Q79: =SUM(Q71:Q78) -> 0
A81: REALISASI TANAM KACANG TANAH OKTOBER 2015 S/D MARET 2016 DAN APRIL S/D SEPTEMBER 2016
A82: KOTA CILEGON
Q83: (Ha)
A84: No | B84: Kecamatan | C84: 2016 S/D 2017 | I84: Okt-Mar | J84: 2017 | P84: Apr-Sep | Q84: Jumlah
C85: Okt | D85: Nov | E85: Des | F85: Jan | G85: Peb | H85: Mar | J85: April | K85: Mei | L85: Juni | M85: Juli | N85: Agust | O85: Sep
A86: 1 | B86: 2 | C86: 3 | D86: 4 | E86: 5 | F86: 6 | G86: 7 | H86: 8 | I86: 9 | J86: 10 | K86: 11 | L86: 12 | M86: 13 | N86: 14 | O86: 15 | P86: 16 | Q86: 17
A87: 1 | B87: CIWANDAN | C87: ='kc tanah'!L9 -> 77 | D87: ='kc tanah'!M9 -> 49 | E87: ='kc tanah'!N9 -> 35 | I87: =SUM(C87:H87) -> 161 | P87: =SUM(J87:O87) -> 0 | Q87: =SUM(I87,P87) -> 161
A88: 2 | B88: CITANGKIL | C88: ='kc tanah'!L10 -> 122 | D88: ='kc tanah'!M10 -> 64 | E88: ='kc tanah'!N10 -> 0 | I88: =SUM(C88:H88) -> 186 | P88: =SUM(J88:O88) -> 0 | Q88: =SUM(I88,P88) -> 186
A89: 3 | B89: PULOMERAK | C89: ='kc tanah'!L11 -> 125 | D89: ='kc tanah'!M11 -> 180 | E89: ='kc tanah'!N11 -> 0 | I89: =SUM(C89:H89) -> 305 | P89: =SUM(J89:O89) -> 0 | Q89: =SUM(I89,P89) -> 305
A90: 4 | B90: PURWAKARTA | C90: ='kc tanah'!L12 -> 11 | D90: ='kc tanah'!M12 -> 8 | E90: ='kc tanah'!N12 -> 2 | I90: =SUM(C90:H90) -> 21 | P90: =SUM(J90:O90) -> 0 | Q90: =SUM(I90,P90) -> 21
A91: 5 | B91: GROGOL | C91: ='kc tanah'!L13 -> 0 | D91: ='kc tanah'!M13 -> 230 | E91: ='kc tanah'!N13 -> 48 | I91: =SUM(C91:H91) -> 278 | P91: =SUM(J91:O91) -> 0 | Q91: =SUM(I91,P91) -> 278
A92: 6 | B92: CILEGON | C92: ='kc tanah'!L14 -> 0 | D92: ='kc tanah'!M14 -> 15 | E92: ='kc tanah'!N14 -> 0 | I92: =SUM(C92:H92) -> 15 | P92: =SUM(J92:O92) -> 0 | Q92: =SUM(I92,P92) -> 15
A93: 7 | B93: JOMBANG | C93: ='kc tanah'!L15 -> 0 | D93: ='kc tanah'!M15 -> 0 | E93: ='kc tanah'!N15 -> 0 | I93: =SUM(C93:H93) -> 0 | P93: =SUM(J93:O93) -> 0 | Q93: =SUM(I93,P93) -> 0
A94: 8 | B94: CIBEBER | C94: ='kc tanah'!L16 -> 175 | D94: ='kc tanah'!M16 -> 0 | E94: ='kc tanah'!N16 -> 50 | I94: =SUM(C94:H94) -> 225 | P94: =SUM(J94:O94) -> 0 | Q94: =SUM(I94,P94) -> 225
A95: JUMLAH | C95: =SUM(C87:C94) -> 510 | D95: =SUM(D87:D94) -> 546 | E95: =SUM(E87:E94) -> 135 | F95: =SUM(F87:F94) -> 0 | G95: =SUM(G87:G94) -> 0 | H95: =SUM(H87:H94) -> 0 | I95: =SUM(I87:I94) -> 1191 | J95: =SUM(J87:J94) -> 0 | ... Q95: =SUM(Q87:Q94) -> 1191
A97: REALISASI TANAM UBI KAYU OKTOBER 2015 S/D MARET 2016 DAN APRIL S/D SEPTEMBER 2016
A98: KOTA CILEGON
Q99: (Ha)
A100: No | B100: Kecamatan | C100: 2016 S/D 2017 | I100: Okt-Mar | J100: 2017 | P100: Apr-Sep | Q100: Jumlah
C101: Okt | D101: Nov | E101: Des | F101: Jan | G101: Peb | H101: Mar | J101: April | K101: Mei | L101: Juni | M101: Juli | N101: Agust | O101: Sep
A102: 1 | B102: 2 | C102: 3 | D102: 4 | E102: 5 | F102: 6 | G102: 7 | H102: 8 | I102: 9 | J102: 10 | K102: 11 | L102: 12 | M102: 13 | N102: 14 | O102: 15 | P102: 16 | Q102: 17
A103: 1 | B103: CIWANDAN | C103: ='ubi kayu'!L9 -> 1 | D103: ='ubi kayu'!M9 -> 5 | E103: ='ubi kayu'!N9 -> 0 | I103: =SUM(C103:H103) -> 6 | P103: =SUM(J103:O103) -> 0 | Q103: =SUM(I103,P103) -> 6
A104: 2 | B104: CITANGKIL | C104: ='ubi kayu'!L10 -> 0 | D104: ='ubi kayu'!M10 -> 0 | E104: ='ubi kayu'!N10 -> 1 | I104: =SUM(C104:H104) -> 1 | P104: =SUM(J104:O104) -> 0 | Q104: =SUM(I104,P104) -> 1
A105: 3 | B105: PULOMERAK | C105: ='ubi kayu'!L11 -> 4 | D105: ='ubi kayu'!M11 -> 3 | E105: ='ubi kayu'!N11 -> 2 | I105: =SUM(C105:H105) -> 9 | P105: =SUM(J105:O105) -> 0 | Q105: =SUM(I105,P105) -> 9
A106: 4 | B106: PURWAKARTA | C106: ='ubi kayu'!L12 -> 0 | D106: ='ubi kayu'!M12 -> 2 | E106: ='ubi kayu'!N12 -> 1 | I106: =SUM(C106:H106) -> 3 | P106: =SUM(J106:O106) -> 0 | Q106: =SUM(I106,P106) -> 3
...

Sheet rapat kamis
A2: REALISASI TANAM PADI SAWAH OKTOBER 2015 S/D MARET 2016 DAN APRIL S/D SEPTEMBER 2016
A3: KOTA CILEGON
Q4: (Ha)
A5: No | B5: Kecamatan | C5: 2015 S/D 2016 | I5: Okt-Mar | J5: 2016 | P5: Apr-Sep | Q5: Jumlah
C6: Okt | D6: Nov | E6: Des | F6: Jan | G6: Peb | H6: Mar | J6: April | K6: Mei | L6: Juni | M6: Juli | N6: Agust | O6: Sep*
A7: 1 | B7: 2 | C7: 3 | D7: 4 | E7: 5 | F7: 6 | G7: 7 | H7: 8 | I7: 9 | J7: 10 | K7: 11 | L7: 12 | M7: 13 | N7: 14 | O7: 15 | P7: 16 | Q7: 17
A8: 1 | B8: CIWANDAN | C8: 0 | D8: 0 | E8: 0 | F8: ='okt-mar'!F8 -> 7 | G8: ='okt-mar'!G8 -> 248 | H8: ='okt-mar'!H8 -> 0 | I8: =SUM(C8:H8) -> 255 | J8: ='okt-mar'!J8 -> 0 | K8: ='okt-mar'!K8 -> 3 | L8: ='okt-mar'!L8 -> 37 | M8: ='okt-mar'!M8 -> 27 | N8: ='okt-mar'!N8 -> 8 | O8: 0 | P8: =SUM(J8:O8) -> 75 | Q8: =SUM(I8,P8) -> 330
A9: 2 | B9: CITANGKIL | C9: 4 | D9: 2 | E9: 29 | F9: ='okt-mar'!F9 -> 49 | G9: ='okt-mar'!G9 -> 128 | H9: ='okt-mar'!H9 -> 4 | I9: =SUM(C9:H9) -> 216 | J9: ='okt-mar'!J9 -> 5 | K9: ='okt-mar'!K9 -> 13 | L9: ='okt-mar'!L9 -> 38 | M9: ='okt-mar'!M9 -> 37 | N9: ='okt-mar'!N9 -> 31 | O9: 11 | P9: =SUM(J9:O9) -> 135 | Q9: =SUM(I9,P9) -> 351
A10: 3 | B10: PULOMERAK | C10: 0 | D10: 0 | E10: 0 | F10: ='okt-mar'!F10 -> 10 | G10: ='okt-mar'!G10 -> 15 | H10: ='okt-mar'!H10 -> 0 | I10: =SUM(C10:H10) -> 25 | J10: ='okt-mar'!J10 -> 0 | K10: ='okt-mar'!K10 -> 10 | L10: ='okt-mar'!L10 -> 5 | M10: ='okt-mar'!M10 -> 0 | N10: ='okt-mar'!N10 -> 0 | O10: 0 | P10: =SUM(J10:O10) -> 15 | Q10: =SUM(I10,P10) -> 40
A11: 4 | B11: PURWAKARTA | C11: 1 | D11: 2 | E11: 16 | F11: ='okt-mar'!F11 -> 182 | G11: ='okt-mar'!G11 -> 1 | H11: ='okt-mar'!H11 -> 1 | I11: =SUM(C11:H11) -> 203 | J11: ='okt-mar'!J11 -> 0 | K11: ='okt-mar'!K11 -> 21 | L11: ='okt-mar'!L11 -> 11 | M11: ='okt-mar'!M11 -> 2 | N11: ='okt-mar'!N11 -> 1 | O11: 5 | P11: =SUM(J11:O11) -> 40 | Q11: =SUM(I11,P11) -> 243
A12: 5 | B12: GROGOL | C12: 0 | D12: 0 | E12: 0 | F12: ='okt-mar'!F12 -> 45 | G12: ='okt-mar'!G12 -> 119 | H12: ='okt-mar'!H12 -> 0 | I12: =SUM(C12:H12) -> 164 | J12: ='okt-mar'!J12 -> 0 | K12: ='okt-mar'!K12 -> 20 | L12: ='okt-mar'!L12 -> 0 | M12: ='okt-mar'!M12 -> 0 | N12: ='okt-mar'!N12 -> 0 | O12: 0 | P12: =SUM(J12:O12) -> 20 | Q12: =SUM(I12,P12) -> 184
A13: 6 | B13: CILEGON | C13: 0 | D13: 5 | E13: 7 | F13: ='okt-mar'!F13 -> 29 | G13: ='okt-mar'!G13 -> 18 | H13: ='okt-mar'!H13 -> 0 | I13: =SUM(C13:H13) -> 59 | J13: ='okt-mar'!J13 -> 0 | K13: ='okt-mar'!K13 -> 10 | L13: ='okt-mar'!L13 -> 25 | M13: ='okt-mar'!M13 -> 6 | N13: ='okt-mar'!N13 -> 0 | O13: 0 | P13: =SUM(J13:O13) -> 41 | Q13: =SUM(I13,P13) -> 100
A14: 7 | B14: JOMBANG | C14: 0 | D14: 5 | E14: 179 | F14: ='okt-mar'!F14 -> 104 | G14: ='okt-mar'!G14 -> 59 | H14: ='okt-mar'!H14 -> 1 | I14: =SUM(C14:H14) -> 348 | J14: ='okt-mar'!J14 -> 1 | K14: ='okt-mar'!K14 -> 48 | L14: ='okt-mar'!L14 -> 189 | M14: ='okt-mar'!M14 -> 27 | N14: ='okt-mar'!N14 -> 3 | O14: 1 | P14: =SUM(J14:O14) -> 269 | Q14: =SUM(I14,P14) -> 617
A15: 8 | B15: CIBEBER | C15: 1 | D15: 1 | E15: 42 | F15: ='okt-mar'!F15 -> 64 | G15: ='okt-mar'!G15 -> 145 | H15: ='okt-mar'!H15 -> 6 | I15: =SUM(C15:H15) -> 259 | J15: ='okt-mar'!J15 -> 26 | K15: ='okt-mar'!K15 -> 66 | L15: ='okt-mar'!L15 -> 101 | M15: ='okt-mar'!M15 -> 0 | N15: ='okt-mar'!N15 -> 48 | O15: 25 | P15: =SUM(J15:O15) -> 266 | Q15: =SUM(I15,P15) -> 525
A16: JUMLAH | C16: =SUM(C8:C15) -> 6 | D16: =SUM(D8:D15) -> 15 | E16: =SUM(E8:E15) -> 273 | F16: =SUM(F8:F15) -> 490 | G16: =SUM(G8:G15) -> 733 | H16: =SUM(H8:H15) -> 12 | I16: =SUM(I8:I15) -> 1529 | J16: =SUM(J8:J15) -> 32 | ... Q16: =SUM(Q8:Q15) -> 2390
A17: Ket : *) data sampai minggu 4
A18: REALISASI TANAM PADI LADANG OKTOBER 2015 S/D MARET 2016 DAN APRIL S/D SEPTEMBER 2016
A19: KOTA CILEGON
Q20: (Ha)
A21: No | B21: Kecamatan | C21: 2015 S/D 2016 | I21: Okt-Mar | J21: 2016 | P21: Apr-Sep | Q21: Jumlah
C22: Okt | D22: Nov | E22: Des | F22: Jan | G22: Peb | H22: Mar | J22: April | K22: Mei | L22: Juni | M22: Juli | N22: Agust | O22: Sep
A23: 1 | B23: 2 | C23: 3 | D23: 4 | E23: 5 | F23: 6 | G23: 7 | H23: 8 | I23: 9 | J23: 10 | K23: 11 | L23: 12 | M23: 13 | N23: 14 | O23: 15 | P23: 16 | Q23: 17
A24: 1 | B24: CIWANDAN | C24: 0 | D24: 0 | E24: 0 | F24: ='padi ladang'!C9 -> 0 | G24: ='padi ladang'!D9 -> 0 | H24: ='padi ladang'!E9 -> 0 | I24: =SUM(C24:H24) -> 0 | J24: ='padi ladang'!F9 -> 0 | K24: ='padi ladang'!G9 -> 0 | L24: ='padi ladang'!H9 -> 0 | M24: ='padi ladang'!I9 -> 0 | N24: ='padi ladang'!J9 -> 0 | O24: ='padi ladang'!K9 -> 0 | P24: =SUM(J24:O24) -> 0 | Q24: =SUM(I24,P24) -> 0
A25: 2 | B25: CITANGKIL | C25: 0 | D25: 0 | E25: 0 | F25: ='padi ladang'!C10 -> 0 | G25: ='padi ladang'!D10 -> 0 | H25: ='padi ladang'!E10 -> 0 | I25: =SUM(C25:H25) -> 0 | J25: ='padi ladang'!F10 -> 0 | K25: ='padi ladang'!G10 -> 0 | L25: ='padi ladang'!H10 -> 0 | M25: ='padi ladang'!I10 -> 0 | N25: ='padi ladang'!J10 -> 0 | O25: ='padi ladang'!K10 -> 0 | P25: =SUM(J25:O25) -> 0 | Q25: =SUM(I25,P25) -> 0
A26: 3 | B26: PULOMERAK | C26: 0 | D26: 0 | E26: 5 | F26: ='padi ladang'!C11 -> 10 | G26: ='padi ladang'!D11 -> 0 | H26: ='padi ladang'!E11 -> 0 | I26: =SUM(C26:H26) -> 15 | J26: ='padi ladang'!F11 -> 0 | K26: ='padi ladang'!G11 -> 0 | L26: ='padi ladang'!H11 -> 0 | M26: ='padi ladang'!I11 -> 0 | N26: ='padi ladang'!J11 -> 0 | O26: ='padi ladang'!K11 -> 35 | P26: =SUM(J26:O26) -> 35 | Q26: =SUM(I26,P26) -> 50
A27: 4 | B27: PURWAKARTA | C27: 0 | D27: 0 | E27: 0 | F27: ='padi ladang'!C12 -> 0 | G27: ='padi ladang'!D12 -> 0 | H27: ='padi ladang'!E12 -> 0 | I27: =SUM(C27:H27) -> 0 | J27: ='padi ladang'!F12 -> 0 | K27: ='padi ladang'!G12 -> 0 | L27: ='padi ladang'!H12 -> 0 | M27: ='padi ladang'!I12 -> 0 | N27: ='padi ladang'!J12 -> 0 | O27: ='padi ladang'!K12 -> 0 | P27: =SUM(J27:O27) -> 0 | Q27: =SUM(I27,P27) -> 0
A28: 5 | B28: GROGOL | C28: 0 | D28: 0 | E28: 0 | F28: ='padi ladang'!C13 -> 0 | G28: ='padi ladang'!D13 -> 0 | H28: ='padi ladang'!E13 -> 0 | I28: =SUM(C28:H28) -> 0 | J28: ='padi ladang'!F13 -> 0 | K28: ='padi ladang'!G13 -> 0 | L28: ='padi ladang'!H13 -> 0 | M28: ='padi ladang'!I13 -> 0 | N28: ='padi ladang'!J13 -> 0 | O28: ='padi ladang'!K13 -> 0 | P28: =SUM(J28:O28) -> 0 | Q28: =SUM(I28,P28) -> 0
A29: 6 | B29: CILEGON | C29: 0 | D29: 0 | E29: 0 | F29: ='padi ladang'!C14 -> 0 | G29: ='padi ladang'!D14 -> 0 | H29: ='padi ladang'!E14 -> 0 | I29: =SUM(C29:H29) -> 0 | J29: ='padi ladang'!F14 -> 0 | K29: ='padi ladang'!G14 -> 0 | L29: ='padi ladang'!H14 -> 0 | M29: ='padi ladang'!I14 -> 0 | N29: ='padi ladang'!J14 -> 0 | O29: ='padi ladang'!K14 -> 0 | P29: =SUM(J29:O29) -> 0 | Q29: =SUM(I29,P29) -> 0
A30: 7 | B30: JOMBANG | C30: 0 | D30: 0 | E30: 0 | F30: ='padi ladang'!C15 -> 0 | G30: ='padi ladang'!D15 -> 0 | H30: ='padi ladang'!E15 -> 0 | I30: =SUM(C30:H30) -> 0 | J30: ='padi ladang'!F15 -> 0 | K30: ='padi ladang'!G15 -> 0 | L30: ='padi ladang'!H15 -> 0 | M30: ='padi ladang'!I15 -> 0 | N30: ='padi ladang'!J15 -> 0 | O30: ='padi ladang'!K15 -> 0 | P30: =SUM(J30:O30) -> 0 | Q30: =SUM(I30,P30) -> 0
A31: 8 | B31: CIBEBER | C31: 0 | D31: 0 | E31: 0 | F31: ='padi ladang'!C16 -> 0 | G31: ='padi ladang'!D16 -> 0 | H31: ='padi ladang'!E16 -> 0 | I31: =SUM(C31:H31) -> 0 | J31: ='padi ladang'!F16 -> 0 | K31: ='padi ladang'!G16 -> 0 | L31: ='padi ladang'!H16 -> 0 | M31: ='padi ladang'!I16 -> 0 | N31: ='padi ladang'!J16 -> 0 | O31: ='padi ladang'!K16 -> 0 | P31: =SUM(J31:O31) -> 0 | Q31: =SUM(I31,P31) -> 0
A32: JUMLAH | C32: =SUM(C24:C31) -> 0 | D32: =SUM(D24:D31) -> 0 | E32: =SUM(E24:E31) -> 5 | F32: =SUM(F24:F31) -> 10 | G32: =SUM(G24:G31) -> 0 | H32: =SUM(H24:H31) -> 0 | I32: =SUM(I24:I31) -> 15 | J32: =SUM(J24:J31) -> 0 | ... Q32: =SUM(Q24:Q31) -> 50
A34: REALISASI TANAM JAGUNG OKTOBER 2015 S/D MARET 2016 DAN APRIL S/D SEPTEMBER 2016
A35: KOTA CILEGON
Q36: (Ha)
A37: No | B37: Kecamatan | C37: 2015 S/D 2016 | I37: Okt-Mar | J37: 2016 | P37: Apr-Sep | Q37: Jumlah
C38: Okt | D38: Nov | E38: Des | F38: Jan | G38: Peb | H38: Mar | J38: April | K38: Mei | L38: Juni | M38: Juli | N38: Agust | O38: Sep
A39: 1 | B39: 2 | C39: 3 | D39: 4 | E39: 5 | F39: 6 | G39: 7 | H39: 8 | I39: 9 | J39: 10 | K39: 11 | L39: 12 | M39: 13 | N39: 14 | O39: 15 | P39: 16 | Q39: 17
A40: 1 | B40: CIWANDAN | C40: 0 | D40: 0 | E40: 0 | F40: =jagung!C9 -> 2 | G40: =jagung!D9 -> 5 | H40: =jagung!E9 -> 0 | I40: =SUM(C40:H40) -> 7 | J40: =jagung!F9 -> 1 | K40: =jagung!G9 -> 0 | L40: =jagung!H9 -> 0 | M40: =jagung!I9 -> 0 | N40: =jagung!J9 -> 0 | O40: =jagung!K9 -> 1 | P40: =SUM(J40:O40) -> 2 | Q40: =SUM(I40,P40) -> 9
A41: 2 | B41: CITANGKIL | C41: 0 | D41: 0 | E41: 1 | F41: =jagung!C10 -> 0 | G41: =jagung!D10 -> 0 | H41: =jagung!E10 -> 0 | I41: =SUM(C41:H41) -> 1 | J41: =jagung!F10 -> 0 | K41: =jagung!G10 -> 1 | L41: =jagung!H10 -> 0 | M41: =jagung!I10 -> 1 | N41: =jagung!J10 -> 0 | O41: =jagung!K10 -> 0 | P41: =SUM(J41:O41) -> 2 | Q41: =SUM(I41,P41) -> 3
A42: 3 | B42: PULOMERAK | C42: 0 | D42: 2 | E42: 2 | F42: =jagung!C11 -> 1 | G42: =jagung!D11 -> 0 | H42: =jagung!E11 -> 0 | I42: =SUM(C42:H42) -> 5 | J42: =jagung!F11 -> 0 | K42: =jagung!G11 -> 3 | L42: =jagung!H11 -> 4 | M42: =jagung!I11 -> 0 | N42: =jagung!J11 -> 0 | O42: =jagung!K11 -> 1 | P42: =SUM(J42:O42) -> 8 | Q42: =SUM(I42,P42) -> 13
A43: 4 | B43: PURWAKARTA | C43: 0 | D43: 0 | E43: 0 | F43: =jagung!C12 -> 1 | G43: =jagung!D12 -> 0 | H43: =jagung!E12 -> 0 | I43: =SUM(C43:H43) -> 1 | J43: =jagung!F12 -> 1 | K43: =jagung!G12 -> 1 | L43: =jagung!H12 -> 0 | M43: =jagung!I12 -> 1 | N43: =jagung!J12 -> 0 | O43: =jagung!K12 -> 1 | P43: =SUM(J43:O43) -> 4 | Q43: =SUM(I43,P43) -> 5
A44: 5 | B44: GROGOL | C44: 1 | D44: 0 | E44: 0 | F44: =jagung!C13 -> 0 | G44: =jagung!D13 -> 0 | H44: =jagung!E13 -> 1 | I44: =SUM(C44:H44) -> 2 | J44: =jagung!F13 -> 0 | K44: =jagung!G13 -> 0 | L44: =jagung!H13 -> 0 | M44: =jagung!I13 -> 3 | N44: =jagung!J13 -> 0 | O44: =jagung!K13 -> 1 | P44: =SUM(J44:O44) -> 4 | Q44: =SUM(I44,P44) -> 6
A45: 6 | B45: CILEGON | C45: 0 | D45: 0 | E45: 0 | F45: =jagung!C14 -> 0 | G45: =jagung!D14 -> 0 | H45: =jagung!E14 -> 0 | I45: =SUM(C45:H45) -> 0 | J45: =jagung!F14 -> 1 | K45: =jagung!G14 -> 0 | L45: =jagung!H14 -> 0 | M45: =jagung!I14 -> 0 | N45: =jagung!J14 -> 0 | O45: =jagung!K14 -> 2 | P45: =SUM(J45:O45) -> 3 | Q45: =SUM(I45,P45) -> 3
A46: 7 | B46: JOMBANG | C46: 0 | D46: 0 | E46: 0 | F46: =jagung!C15 -> 0 | G46: =jagung!D15 -> 0 | H46: =jagung!E15 -> 0 | I46: =SUM(C46:H46) -> 0 | J46: =jagung!F15 -> 0.2 | K46: =jagung!G15 -> 0 | L46: =jagung!H15 -> 0 | M46: =jagung!I15 -> 0 | N46: =jagung!J15 -> 0.5 | O46: =jagung!K15 -> 0 | P46: =SUM(J46:O46) -> 0.7 | Q46: =SUM(I46,P46) -> 0.7
A47: 8 | B47: CIBEBER | C47: 0 | D47: 0 | E47: 3 | F47: =jagung!C16 -> 0 | G47: =jagung!D16 -> 1 | H47: =jagung!E16 -> 0 | I47: =SUM(C47:H47) -> 4 | J47: =jagung!F16 -> 0 | K47: =jagung!G16 -> 1 | L47: =jagung!H16 -> 0 | M47: =jagung!I16 -> 0 | N47: =jagung!J16 -> 1 | O47: =jagung!K16 -> 0 | P47: =SUM(J47:O47) -> 2 | Q47: =SUM(I47,P47) -> 6
A48: JUMLAH | C48: =SUM(C40:C47) -> 1 | D48: =SUM(D40:D47) -> 2 | E48: =SUM(E40:E47) -> 6 | F48: =SUM(F40:F47) -> 4 | G48: =SUM(G40:G47) -> 6 | H48: =SUM(H40:H47) -> 1 | I48: =SUM(I40:I47) -> 20 | J48: =SUM(J40:J47) -> 3.2 | ... Q48: =SUM(Q40:Q47) -> 45.7
A50: REALISASI TANAM KEDELAI OKTOBER 2015 S/D MARET 2016 DAN APRIL S/D SEPTEMBER 2016
A51: KOTA CILEGON
Q52: (Ha)
A53: No | B53: Kecamatan | C53: 2015 S/D 2016 | I53: Okt-Mar | J53: 2016 | P53: Apr-Sep | Q53: Jumlah
C54: Okt | D54: Nov | E54: Des | F54: Jan | G54: Peb | H54: Mar | J54: April | K54: Mei | L54: Juni | M54: Juli | N54: Agust | O54: Sep
A55: 1 | B55: 2 | C55: 3 | D55: 4 | E55: 5 | F55: 6 | G55: 7 | H55: 8 | I55: 9 | J55: 10 | K55: 11 | L55: 12 | M55: 13 | N55: 14 | O55: 15 | P55: 16 | Q55: 17
A56: 1 | B56: CIWANDAN | C56: 0 | D56: 0 | E56: 0 | F56: =kedelai!C9 -> 0 | G56: =kedelai!D9 -> 0 | H56: =kedelai!E9 -> 0 | I56: =SUM(C56:H56) -> 0 | J56: =kedelai!F9 -> 0 | K56: =kedelai!G9 -> 0 | L56: =kedelai!H9 -> 0 | M56: =kedelai!I9 -> 0 | N56: =kedelai!J9 -> 0 | O56: =kedelai!K9 -> 0 | P56: =SUM(J56:O56) -> 0 | Q56: =SUM(I56,P56) -> 0
A57: 2 | B57: CITANGKIL | C57: 1 | D57: 5 | E57: 5 | F57: =kedelai!C10 -> 5 | G57: =kedelai!D10 -> 9 | H57: =kedelai!E10 -> 6 | I57: =SUM(C57:H57) -> 31 | J57: =kedelai!F10 -> 0 | K57: =kedelai!G10 -> 0 | L57: =kedelai!H10 -> 0 | M57: =kedelai!I10 -> 0 | N57: =kedelai!J10 -> 0 | O57: =kedelai!K10 -> 0 | P57: =SUM(J57:O57) -> 0 | Q57: =SUM(I57,P57) -> 31
A58: 3 | B58: PULOMERAK | C58: 0 | D58: 0 | E58: 25 | F58: =kedelai!C11 -> 15 | G58: =kedelai!D11 -> 0 | H58: =kedelai!E11 -> 0 | I58: =SUM(C58:H58) -> 40 | J58: =kedelai!F11 -> 0 | K58: =kedelai!G11 -> 0 | L58: =kedelai!H11 -> 0 | M58: =kedelai!I11 -> 0 | N58: =kedelai!J11 -> 0 | O58: =kedelai!K11 -> 0 | P58: =SUM(J58:O58) -> 0 | Q58: =SUM(I58,P58) -> 40
A59: 4 | B59: PURWAKARTA | C59: 0 | D59: 0 | E59: 0 | F59: =kedelai!C12 -> 0 | G59: =kedelai!D12 -> 0 | H59: =kedelai!E12 -> 0 | I59: =SUM(C59:H59) -> 0 | J59: =kedelai!F12 -> 0 | K59: =kedelai!G12 -> 0 | L59: =kedelai!H12 -> 0 | M59: =kedelai!I12 -> 0 | N59: =kedelai!J12 -> 0 | O59: =kedelai!K12 -> 0 | P59: =SUM(J59:O59) -> 0 | Q59: =SUM(I59,P59) -> 0
A60: 5 | B60: GROGOL | C60: 2 | D60: 2 | E60: 4 | F60: =kedelai!C13 -> 0 | G60: =kedelai!D13 -> 10 | H60: =kedelai!E13 -> 25 | I60: =SUM(C60:H60) -> 43 | J60: =kedelai!F13 -> 0 | K60: =kedelai!G13 -> 0 | L60: =kedelai!H13 -> 0 | M60: =kedelai!I13 -> 0 | N60: =kedelai!J13 -> 0 | O60: =kedelai!K13 -> 0 | P60: =SUM(J60:O60) -> 0 | Q60: =SUM(I60,P60) -> 43
A61: 6 | B61: CILEGON | C61: 0 | D61: 0 | E61: 0 | F61: =kedelai!C14 -> 0 | G61: =kedelai!D14 -> 0 | H61: =kedelai!E14 -> 0 | I61: =SUM(C61:H61) -> 0 | J61: =kedelai!F14 -> 0 | K61: =kedelai!G14 -> 0 | L61: =kedelai!H14 -> 0 | M61: =kedelai!I14 -> 0 | N61: =kedelai!J14 -> 0 | O61: =kedelai!K14 -> 0 | P61: =SUM(J61:O61) -> 0 | Q61: =SUM(I61,P61) -> 0
A62: 7 | B62: JOMBANG | C62: 0 | D62: 0 | E62: 0 | F62: =kedelai!C15 -> 0 | G62: =kedelai!D15 -> 0 | H62: =kedelai!E15 -> 0 | I62: =SUM(C62:H62) -> 0 | J62: =kedelai!F15 -> 0 | K62: =kedelai!G15 -> 0 | L62: =kedelai!H15 -> 0 | M62: =kedelai!I15 -> 0 | N62: =kedelai!J15 -> 0 | O62: =kedelai!K15 -> 0 | P62: =SUM(J62:O62) -> 0 | Q62: =SUM(I62,P62) -> 0
A63: 8 | B63: CIBEBER | C63: 0 | D63: 0 | E63: 2 | F63: =kedelai!C16 -> 0 | G63: =kedelai!D16 -> 0 | H63: =kedelai!E16 -> 28 | I63: =SUM(C63:H63) -> 30 | J63: =kedelai!F16 -> 0 | K63: =kedelai!G16 -> 0 | L63: =kedelai!H16 -> 0 | M63: =kedelai!I16 -> 0 | N63: =kedelai!J16 -> 0 | O63: =kedelai!K16 -> 0 | P63: =SUM(J63:O63) -> 0 | Q63: =SUM(I63,P63) -> 30
A64: JUMLAH | C64: =SUM(C56:C63) -> 3 | D64: =SUM(D56:D63) -> 7 | E64: =SUM(E56:E63) -> 36 | F64: =SUM(F56:F63) -> 20 | G64: =SUM(G56:G63) -> 19 | H64: =SUM(H56:H63) -> 59 | I64: =SUM(I56:I63) -> 144 | J64: =SUM(J56:J63) -> 0 | ... Q64: =SUM(Q56:Q63) -> 144
A66: REALISASI TANAM KACANG TANAH OKTOBER 2015 S/D MARET 2016 DAN APRIL S/D SEPTEMBER 2016
A67: KOTA CILEGON
Q68: (Ha)
A69: No | B69: Kecamatan | C69: 2015 S/D 2016 | I69: Okt-Mar | J69: 2016 | P69: Apr-Sep | Q69: Jumlah
C70: Okt | D70: Nov | E70: Des | F70: Jan | G70: Peb | H70: Mar | J70: April | K70: Mei | L70: Juni | M70: Juli | N70: Agust | O70: Sep
A71: 1 | B71: 2 | C71: 3 | D71: 4 | E71: 5 | F71: 6 | G71: 7 | H71: 8 | I71: 9 | J71: 10 | K71: 11 | L71: 12 | M71: 13 | N71: 14 | O71: 15 | P71: 16 | Q71: 17
A72: 1 | B72: CIWANDAN | C72: 0 | D72: 0 | E72: 185 | F72: ='kc tanah'!C9 -> 31 | G72: ='kc tanah'!D9 -> 0 | H72: ='kc tanah'!E9 -> 0 | I72: =SUM(C72:H72) -> 216 | J72: ='kc tanah'!F9 -> 25 | K72: ='kc tanah'!G9 -> 105 | L72: ='kc tanah'!H9 -> 0 | M72: ='kc tanah'!I9 -> 0 | N72: ='kc tanah'!J9 -> 0 | O72: ='kc tanah'!K9 -> 0 | P72: =SUM(J72:O72) -> 130 | Q72: =SUM(I72,P72) -> 346
A73: 2 | B73: CITANGKIL | C73: 1 | D73: 3 | E73: 57 | F73: ='kc tanah'!C10 -> 125 | G73: ='kc tanah'!D10 -> 0 | H73: ='kc tanah'!E10 -> 0 | I73: =SUM(C73:H73) -> 186 | J73: ='kc tanah'!F10 -> 0 | K73: ='kc tanah'!G10 -> 0 | L73: ='kc tanah'!H10 -> 0 | M73: ='kc tanah'!I10 -> 0 | N73: ='kc tanah'!J10 -> 0 | O73: ='kc tanah'!K10 -> 0 | P73: =SUM(J73:O73) -> 0 | Q73: =SUM(I73,P73) -> 186
A74: 3 | B74: PULOMERAK | C74: 0 | D74: 0 | E74: 275 | F74: ='kc tanah'!C11 -> 20 | G74: ='kc tanah'!D11 -> 0 | H74: ='kc tanah'!E11 -> 0 | I74: =SUM(C74:H74) -> 295 | J74: ='kc tanah'!F11 -> 280 | K74: ='kc tanah'!G11 -> 0 | L74: ='kc tanah'!H11 -> 0 | M74: ='kc tanah'!I11 -> 0 | N74: ='kc tanah'!J11 -> 0 | O74: ='kc tanah'!K11 -> 0 | P74: =SUM(J74:O74) -> 280 | Q74: =SUM(I74,P74) -> 575
A75: 4 | B75: PURWAKARTA | C75: 0 | D75: 5 | E75: 141 | F75: ='kc tanah'!C12 -> 22 | G75: ='kc tanah'!D12 -> 0 | H75: ='kc tanah'!E12 -> 18 | I75: =SUM(C75:H75) -> 186 | J75: ='kc tanah'!F12 -> 0 | K75: ='kc tanah'!G12 -> 15 | L75: ='kc tanah'!H12 -> 3 | M75: ='kc tanah'!I12 -> 17 | N75: ='kc tanah'!J12 -> 0 | O75: ='kc tanah'!K12 -> 0 | P75: =SUM(J75:O75) -> 35 | Q75: =SUM(I75,P75) -> 221
A76: 5 | B76: GROGOL | C76: 0 | D76: 0 | E76: 102 | F76: ='kc tanah'!C13 -> 96 | G76: ='kc tanah'!D13 -> 0 | H76: ='kc tanah'!E13 -> 0 | I76: =SUM(C76:H76) -> 198 | J76: ='kc tanah'!F13 -> 115 | K76: ='kc tanah'!G13 -> 0 | L76: ='kc tanah'!H13 -> 0 | M76: ='kc tanah'!I13 -> 0 | N76: ='kc tanah'!J13 -> 0 | O76: ='kc tanah'!K13 -> 0 | P76: =SUM(J76:O76) -> 115 | Q76: =SUM(I76,P76) -> 313
A77: 6 | B77: CILEGON | C77: 0 | D77: 15 | E77: 50 | F77: ='kc tanah'!C14 -> 15 | G77: ='kc tanah'!D14 -> 0 | H77: ='kc tanah'!E14 -> 20 | I77: =SUM(C77:H77) -> 100 | J77: ='kc tanah'!F14 -> 30 | K77: ='kc tanah'!G14 -> 0 | L77: ='kc tanah'!H14 -> 0 | M77: ='kc tanah'!I14 -> 15 | N77: ='kc tanah'!J14 -> 5 | O77: ='kc tanah'!K14 -> 0 | P77: =SUM(J77:O77) -> 50 | Q77: =SUM(I77,P77) -> 150
A78: 7 | B78: JOMBANG | C78: 0 | D78: 0 | E78: 0 | F78: ='kc tanah'!C15 -> 1 | G78: ='kc tanah'!D15 -> 0 | H78: ='kc tanah'!E15 -> 1 | I78: =SUM(C78:H78) -> 2 | J78: ='kc tanah'!F15 -> 0 | K78: ='kc tanah'!G15 -> 0 | L78: ='kc tanah'!H15 -> 0 | M78: ='kc tanah'!I15 -> 0 | N78: ='kc tanah'!J15 -> 0 | O78: ='kc tanah'!K15 -> 0 | P78: =SUM(J78:O78) -> 0 | Q78: =SUM(I78,P78) -> 2
A79: 8 | B79: CIBEBER | C79: 0 | D79: 0 | E79: 332 | F79: ='kc tanah'!C16 -> 0 | G79: ='kc tanah'!D16 -> 2 | H79: ='kc tanah'!E16 -> 75 | I79: =SUM(C79:H79) -> 409 | J79: ='kc tanah'!F16 -> 248 | K79: ='kc tanah'!G16 -> 0 | L79: ='kc tanah'!H16 -> 0 | M79: ='kc tanah'!I16 -> 225 | N79: ='kc tanah'!J16 -> 25 | O79: ='kc tanah'!K16 -> 35 | P79: =SUM(J79:O79) -> 533 | Q79: =SUM(I79,P79) -> 942
A80: JUMLAH | C80: =SUM(C72:C79) -> 1 | D80: =SUM(D72:D79) -> 23 | E80: =SUM(E72:E79) -> 1142 | F80: =SUM(F72:F79) -> 310 | G80: =SUM(G72:G79) -> 2 | H80: =SUM(H72:H79) -> 114 | I80: =SUM(I72:I79) -> 1592 | J80: =SUM(J72:J79) -> 698 | ... Q80: =SUM(Q72:Q79) -> 2735
A82: REALISASI TANAM UBI KAYU OKTOBER 2015 S/D MARET 2016 DAN APRIL S/D SEPTEMBER 2016
A83: KOTA CILEGON
Q84: (Ha)
A85: No | B85: Kecamatan | C85: 2015 S/D 2016 | I85: Okt-Mar | J85: 2016 | P85: Apr-Sep | Q85: Jumlah
C86: Okt | D86: Nov | E86: Des | F86: Jan | G86: Peb | H86: Mar | J86: April | K86: Mei | L86: Juni | M86: Juli | N86: Agust | O86: Sep
A87: 1 | B87: 2 | C87: 3 | D87: 4 | E87: 5 | F87: 6 | G87: 7 | H87: 8 | I87: 9 | J87: 10 | K87: 11 | L87: 12 | M87: 13 | N87: 14 | O87: 15 | P87: 16 | Q87: 17
A88: 1 | B88: CIWANDAN | C88: 0 | D88: 0 | E88: 1 | F88: ='ubi kayu'!C9 -> 2 | G88: ='ubi kayu'!D9 -> 10 | H88: ='ubi kayu'!E9 -> 0 | I88: =SUM(C88:H88) -> 13 | J88: ='ubi kayu'!F9 -> 0 | K88: ='ubi kayu'!G9 -> 0 | L88: ='ubi kayu'!H9 -> 0 | M88: ='ubi kayu'!I9 -> 0 | N88: ='ubi kayu'!J9 -> 0 | O88: ='ubi kayu'!K9 -> 0 | P88: =SUM(J88:O88) -> 0 | Q88: =SUM(I88,P88) -> 13
A89: 2 | B89: CITANGKIL | C89: 0 | D89: 0 | E89: 0 | F89: ='ubi kayu'!C10 -> 1 | G89: ='ubi kayu'!D10 -> 0 | H89: ='ubi kayu'!E10 -> 0 | I89: =SUM(C89:H89) -> 1 | J89: ='ubi kayu'!F10 -> 0 | K89: ='ubi kayu'!G10 -> 1 | L89: ='ubi kayu'!H10 -> 1 | M89: ='ubi kayu'!I10 -> 1 | N89: ='ubi kayu'!J10 -> 0 | O89: ='ubi kayu'!K10 -> 0 | P89: =SUM(J89:O89) -> 3 | Q89: =SUM(I89,P89) -> 4
A90: 3 | B90: PULOMERAK | C90: 0 | D90: 0 | E90: 3 | F90: ='ubi kayu'!C11 -> 0 | G90: ='ubi kayu'!D11 -> 0 | H90: ='ubi kayu'!E11 -> 0 | I90: =SUM(C90:H90) -> 3 | J90: ='ubi kayu'!F11 -> 0 | K90: ='ubi kayu'!G11 -> 0 | L90: ='ubi kayu'!H11 -> 0 | M90: ='ubi kayu'!I11 -> 0 | N90: ='ubi kayu'!J11 -> 0 | O90: ='ubi kayu'!K11 -> 0 | P90: =SUM(J90:O90) -> 0 | Q90: =SUM(I90,P90) -> 3
A91: 4 | B91: PURWAKARTA | C91: 0 | D91: 0 | E91: 2 | F91: ='ubi kayu'!C12 -> 0 | G91: ='ubi kayu'!D12 -> 0 | H91: ='ubi kayu'!E12 -> 0 | I91: =SUM(C91:H91) -> 2 | J91: ='ubi kayu'!F12 -> 0 | K91: ='ubi kayu'!G12 -> 2 | L91: ='ubi kayu'!H12 -> 0 | M91: ='ubi kayu'!I12 -> 0 | N91: ='ubi kayu'!J12 -> 0 | O91: ='ubi kayu'!K12 -> 2 | P91: =SUM(J91:O91) -> 4 | Q91: =SUM(I91,P91) -> 6
A92: 5 | B92: GROGOL | C92: 0 | D92: 0 | E92: 1 | F92: ='ubi kayu'!C13 -> 0 | G92: ='ubi kayu'!D13 -> 0 | H92: ='ubi kayu'!E13 -> 0 | I92: =SUM(C92:H92) -> 1 | J92: ='ubi kayu'!F13 -> 0 | K92: ='ubi kayu'!G13 -> 0 | L92: ='ubi kayu'!H13 -> 0 | M92: ='ubi kayu'!I13 -> 0 | N92: ='ubi kayu'!J13 -> 0 | O92: ='ubi kayu'!K13 -> 0 | P92: =SUM(J92:O92) -> 0 | Q92: =SUM(I92,P92) -> 1
A93: 6 | B93: CILEGON | C93: 0 | D93: 0 | E93: 0 | F93: ='ubi kayu'!C14 -> 0 | G93: ='ubi kayu'!D14 -> 0 | H93: ='ubi kayu'!E14 -> 5 | I93: =SUM(C93:H93) -> 5 | J93: ='ubi kayu'!F14 -> 0 | K93: ='ubi kayu'!G14 -> 0 | L93: ='ubi kayu'!H14 -> 0 | M93: ='ubi kayu'!I14 -> 3 | N93: ='ubi kayu'!J14 -> 0 | O93: ='ubi kayu'!K14 -> 0 | P93: =SUM(J93:O93) -> 3 | Q93: =SUM(I93,P93) -> 8
A94: 7 | B94: JOMBANG | C94: 0 | D94: 0 | E94: 0 | F94: ='ubi kayu'!C15 -> 0 | G94: ='ubi kayu'!D15 -> 0 | H94: ='ubi kayu'!E15 -> 0 | I94: =SUM(C94:H94) -> 0 | J94: ='ubi kayu'!F15 -> 0 | K94: ='ubi kayu'!G15 -> 0 | L94: ='ubi kayu'!H15 -> 0 | M94: ='ubi kayu'!I15 -> 0 | N94: ='ubi kayu'!J15 -> 0 | O94: ='ubi kayu'!K15 -> 0 | P94: =SUM(J94:O94) -> 0 | Q94: =SUM(I94,P94) -> 0
A95: 8 | B95: CIBEBER | C95: 0 | D95: 0 | E95: 2 | F95: ='ubi kayu'!C16 -> 0 | G95: ='ubi kayu'!D16 -> 2 | H95: ='ubi kayu'!E16 -> 2 | I95: =SUM(C95:H95) -> 6 | J95: ='ubi kayu'!F16 -> 2 | K95: ='ubi kayu'!G16 -> 0 | L95: ='ubi kayu'!H16 -> 0 | M95: ='ubi kayu'!I16 -> 2 | N95: ='ubi kayu'!J16 -> 0 | O95: ='ubi kayu'!K16 -> 3 | P95: =SUM(J95:O95) -> 7 | Q95: =SUM(I95,P95) -> 13
A96: JUMLAH | C96: =SUM(C88:C95) -> 0 | D96: =SUM(D88:D95) -> 0 | E96: =SUM(E88:E95) -> 9 | F96: =SUM(F88:F95) -> 3 | G96: =SUM(G88:G95) -> 12 | H96: =SUM(H88:H95) -> 7 | I96: =SUM(I88:I95) -> 31 | J96: =SUM(J88:J95) -> 2 | ... Q96: =SUM(Q88:Q95) -> 48
A98: REALISASI TANAM UBI JALAR OKTOBER 2015 S/D MARET 2016 DAN APRIL S/D SEPTEMBER 2016
A99: KOTA CILEGON
Q100: (Ha)
A101: No | B101: Kecamatan | C101: 2015 S/D 2016 | I101: Okt-Mar | J101: 2016 | P101: Apr-Sep | Q101: Jumlah
C102: Okt | D102: Nov | E102: Des | F102: Jan | G102: Peb | H102: Mar | J102: April | K102: Mei | L102: Juni | M102: Juli | N102: Agust | O102: Sep
A103: 1 | B103: 2 | C103: 3 | D103: 4 | E103: 5 | F103: 6 | G103: 7 | H103: 8 | I103: 9 | J103: 10 | K103: 11 | L103: 12 | M103: 13 | N103: 14 | O103: 15 | P103: 16 | Q103: 17
A104: 1 | B104: CIWANDAN | C104: 0 | D104: 0 | E104: 0 | F104: ='ubi jalar'!C9 -> 1 | G104: ='ubi jalar'!D9 -> 4 | H104: ='ubi jalar'!E9 -> 0 | I104: =SUM(C104:H104) -> 5 | J104: ='ubi jalar'!F9 -> 2 | K104: ='ubi jalar'!G9 -> 0 | L104: ='ubi jalar'!H9 -> 0 | M104: ='ubi jalar'!I9 -> 0 | N104: ='ubi jalar'!J9 -> 0 | O104: ='ubi jalar'!K9 -> 0 | P104: =SUM(J104:O104) -> 2 | Q104: =SUM(I104,P104) -> 7
A105: 2 | B105: CITANGKIL | C105: 1 | D105: 1 | E105: 0 | F105: ='ubi jalar'!C10 -> 2 | G105: ='ubi jalar'!D10 -> 0 | H105: ='ubi jalar'!E10 -> 0 | I105: =SUM(C105:H105) -> 4 | J105: ='ubi jalar'!F10 -> 0 | K105: ='ubi jalar'!G10 -> 0 | L105: ='ubi jalar'!H10 -> 1 | M105: ='ubi jalar'!I10 -> 1 | N105: ='ubi jalar'!J10 -> 0 | O105: ='ubi jalar'!K10 -> 1 | P105: =SUM(J105:O105) -> 3 | Q105: =SUM(I105,P105) -> 7
A106: 3 | B106: PULOMERAK | C106: 0 | D106: 0 | E106: 0 | F106: ='ubi jalar'!C11 -> 0 | G106: ='ubi jalar'!D11 -> 0 | H106: ='ubi jalar'!E11 -> 0 | I106: =SUM(C106:H106) -> 0 | J106: ='ubi jalar'!F11 -> 0 | K106: ='ubi jalar'!G11 -> 0 | L106: ='ubi jalar'!H11 -> 0 | M106: ='ubi jalar'!I11 -> 0 | N106: ='ubi jalar'!J11 -> 0 | O106: ='ubi jalar'!K11 -> 0 | P106: =SUM(J106:O106) -> 0 | Q106: =SUM(I106,P106) -> 0
...

Sheet target-realisasi
A1: REALISASI TANAM PADI SAWAH OKTOBER 2015 S/D MARET 2016 DAN APRIL S/D SEPTEMBER 2016
A2: KOTA CILEGON
AF3: (Ha)
A4: No | B4: Kecamatan | C4: 2015 S/D 2016 | O4: Okt-Mar | Q4: 2016 | AC4: Apr-Sep | AE4: Jumlah
C5: Okt | E5: Nov | G5: Des | I5: Jan | K5: Peb | M5: Mar | Q5: April | S5: Mei | U5: Juni | W5: Juli* | Y5: Agust | AA5: Sep
C6: Target | D6: Realisasi | E6: Target | F6: Realisasi | G6: Target | H6: Realisasi | I6: Target | J6: Realisasi | K6: Target | L6: Realisasi | M6: Target | N6: Realisasi | O6: Target | P6: Realisasi | Q6: Target | R6: Realisasi | S6: Target | T6: Realisasi | U6: Target | V6: Realisasi | W6: Target | X6: Realisasi | Y6: Target | Z6: Realisasi | AA6: Target | AB6: Realisasi | AC6: Target | AD6: Realisasi | AE6: Target | AF6: Realisasi
A7: 1 | B7: 2 | C7: 3 | D7: 4 | E7: 5 | F7: 6 | G7: 7 | H7: 8 | I7: 9 | J7: 10 | K7: 11 | L7: 12 | M7: 13 | N7: 14 | O7: 15 | P7: 16 | Q7: 17 | R7: 18 | S7: 19 | T7: 20 | U7: 21 | V7: 22 | W7: 23 | X7: 24 | Y7: 25 | Z7: 26 | AA7: 27 | AB7: 28 | AC7: 29 | AD7: 30 | AE7: 31 | AF7: 32
A8: 1 | B8: CIWANDAN | C8: 0 | D8: ='okt-mar'!C8 -> 0 | E8: 0 | F8: ='okt-mar'!D8 -> 0 | G8: 31 | H8: ='okt-mar'!E8 -> 0 | I8: 210 | J8: ='okt-mar'!F8 -> 7 | K8: 25 | L8: ='okt-mar'!G8 -> 248 | M8: 0 | N8: ='okt-mar'!H8 -> 0 | O8: =SUM(C8,E8,G8,I8,K8,M8) -> 266 | P8: =SUM(D8,F8,H8,J8,L8,N8) -> 255 | Q8: 0 | R8: 0 | S8: 10 | T8: 3 | U8: 75 | V8: 37 | W8: 0 | X8: 15 | Y8: 0 | Z8: ='padi sawah'!J9 -> 8 | AA8: 0 | AB8: ='padi sawah'!K9 -> 0 | AC8: =SUM(Q8,S8,U8,W8,Y8,AA8) -> 85 | AD8: =SUM(R8,T8,V8,X8,Z8,AB8) -> 63 | AE8: =SUM(O8,AC8) -> 351 | AF8: =SUM(P8,AD8) -> 318
A9: 2 | B9: CITANGKIL | C9: 10 | D9: ='okt-mar'!C9 -> 4 | E9: 10 | F9: ='okt-mar'!D9 -> 2 | G9: 105 | H9: ='okt-mar'!E9 -> 29 | I9: 78 | J9: ='okt-mar'!F9 -> 49 | K9: 0 | L9: ='okt-mar'!G9 -> 128 | M9: 95 | N9: ='okt-mar'!H9 -> 4 | O9: =SUM(C9,E9,G9,I9,K9,M9) -> 298 | P9: =SUM(D9,F9,H9,J9,L9,N9) -> 216 | Q9: 10 | R9: 5 | S9: 11 | T9: 13 | U9: 73 | V9: 38 | W9: 0 | X9: 13 | Y9: 15 | Z9: ='padi sawah'!J10 -> 31 | AA9: 0 | AB9: ='padi sawah'!K10 -> 11 | AC9: =SUM(Q9,S9,U9,W9,Y9,AA9) -> 109 | AD9: =SUM(R9,T9,V9,X9,Z9,AB9) -> 111 | AE9: =SUM(O9,AC9) -> 407 | AF9: =SUM(P9,AD9) -> 327
A10: 3 | B10: PULOMERAK | C10: 0 | D10: ='okt-mar'!C10 -> 0 | E10: 0 | F10: ='okt-mar'!D10 -> 0 | G10: 10 | H10: ='okt-mar'!E10 -> 0 | I10: 14 | J10: ='okt-mar'!F10 -> 10 | K10: 0 | L10: ='okt-mar'!G10 -> 15 | M10: 0 | N10: ='okt-mar'!H10 -> 0 | O10: =SUM(C10,E10,G10,I10,K10,M10) -> 24 | P10: =SUM(D10,F10,H10,J10,L10,N10) -> 25 | Q10: 0 | R10: 0 | S10: 10 | T10: 10 | U10: 15 | V10: 5 | W10: 0 | X10: 0 | Y10: 0 | Z10: ='padi sawah'!J11 -> 0 | AA10: 25 | AB10: ='padi sawah'!K11 -> 5 | AC10: =SUM(Q10,S10,U10,W10,Y10,AA10) -> 50 | AD10: =SUM(R10,T10,V10,X10,Z10,AB10) -> 20 | AE10: =SUM(O10,AC10) -> 74 | AF10: =SUM(P10,AD10) -> 45
A11: 4 | B11: PURWAKARTA | C11: 0 | D11: ='okt-mar'!C11 -> 1 | E11: 0 | F11: ='okt-mar'!D11 -> 2 | G11: 68 | H11: ='okt-mar'!E11 -> 16 | I11: 144 | J11: ='okt-mar'!F11 -> 182 | K11: 0 | L11: ='okt-mar'!G11 -> 1 | M11: 0 | N11: ='okt-mar'!H11 -> 1 | O11: =SUM(C11,E11,G11,I11,K11,M11) -> 212 | P11: =SUM(D11,F11,H11,J11,L11,N11) -> 203 | Q11: 5 | R11: 0 | S11: 35 | T11: 21 | U11: 0 | V11: 11 | W11: 0 | X11: 4 | Y11: 0 | Z11: ='padi sawah'!J12 -> 1 | AA11: 0 | AB11: ='padi sawah'!K12 -> 5 | AC11: =SUM(Q11,S11,U11,W11,Y11,AA11) -> 40 | AD11: =SUM(R11,T11,V11,X11,Z11,AB11) -> 42 | AE11: =SUM(O11,AC11) -> 252 | AF11: =SUM(P11,AD11) -> 245
A12: 5 | B12: GROGOL | C12: 0 | D12: ='okt-mar'!C12 -> 0 | E12: 0 | F12: ='okt-mar'!D12 -> 0 | G12: 50 | H12: ='okt-mar'!E12 -> 0 | I12: 124 | J12: ='okt-mar'!F12 -> 45 | K12: 0 | L12: ='okt-mar'!G12 -> 119 | M12: 0 | N12: ='okt-mar'!H12 -> 0 | O12: =SUM(C12,E12,G12,I12,K12,M12) -> 174 | P12: =SUM(D12,F12,H12,J12,L12,N12) -> 164 | Q12: 0 | R12: 0 | S12: 20 | T12: 20 | U12: 0 | V12: 0 | W12: 0 | X12: 0 | Y12: 10 | Z12: ='padi sawah'!J13 -> 0 | AA12: 0 | AB12: ='padi sawah'!K13 -> 10 | AC12: =SUM(Q12,S12,U12,W12,Y12,AA12) -> 30 | AD12: =SUM(R12,T12,V12,X12,Z12,AB12) -> 30 | AE12: =SUM(O12,AC12) -> 204 | AF12: =SUM(P12,AD12) -> 194
A13: 6 | B13: CILEGON | C13: 0 | D13: ='okt-mar'!C13 -> 0 | E13: 10 | F13: ='okt-mar'!D13 -> 5 | G13: 25 | H13: ='okt-mar'!E13 -> 7 | I13: 19 | J13: ='okt-mar'!F13 -> 29 | K13: 0 | L13: ='okt-mar'!G13 -> 18 | M13: 4 | N13: ='okt-mar'!H13 -> 0 | O13: =SUM(C13,E13,G13,I13,K13,M13) -> 58 | P13: =SUM(D13,F13,H13,J13,L13,N13) -> 59 | Q13: 35 | R13: 0 | S13: 0 | T13: 10 | U13: 0 | V13: 25 | W13: 0 | X13: 0 | Y13: 0 | Z13: ='padi sawah'!J14 -> 0 | AA13: 0 | AB13: ='padi sawah'!K14 -> 0 | AC13: =SUM(Q13,S13,U13,W13,Y13,AA13) -> 35 | AD13: =SUM(R13,T13,V13,X13,Z13,AB13) -> 35 | AE13: =SUM(O13,AC13) -> 93 | AF13: =SUM(P13,AD13) -> 94
A14: 7 | B14: JOMBANG | C14: 0 | D14: ='okt-mar'!C14 -> 0 | E14: 0 | F14: ='okt-mar'!D14 -> 5 | G14: 122 | H14: ='okt-mar'!E14 -> 179 | I14: 245 | J14: ='okt-mar'!F14 -> 104 | K14: 0 | L14: ='okt-mar'!G14 -> 59 | M14: 0 | N14: ='okt-mar'!H14 -> 1 | O14: =SUM(C14,E14,G14,I14,K14,M14) -> 367 | P14: =SUM(D14,F14,H14,J14,L14,N14) -> 348 | Q14: 103 | R14: 1 | S14: 104 | T14: 48 | U14: 0 | V14: 189 | W14: 0 | X14: 12 | Y14: 0 | Z14: ='padi sawah'!J15 -> 3 | AA14: 0 | AB14: ='padi sawah'!K15 -> 1 | AC14: =SUM(Q14,S14,U14,W14,Y14,AA14) -> 207 | AD14: =SUM(R14,T14,V14,X14,Z14,AB14) -> 254 | AE14: =SUM(O14,AC14) -> 574 | AF14: =SUM(P14,AD14) -> 602
A15: 8 | B15: CIBEBER | C15: 0 | D15: ='okt-mar'!C15 -> 1 | E15: 25 | F15: ='okt-mar'!D15 -> 1 | G15: 126 | H15: ='okt-mar'!E15 -> 42 | I15: 125 | J15: ='okt-mar'!F15 -> 64 | K15: 0 | L15: ='okt-mar'!G15 -> 145 | M15: 20 | N15: ='okt-mar'!H15 -> 6 | O15: =SUM(C15,E15,G15,I15,K15,M15) -> 296 | P15: =SUM(D15,F15,H15,J15,L15,N15) -> 259 | Q15: 25 | R15: 26 | S15: 142 | T15: 66 | U15: 41 | V15: 101 | W15: 0 | X15: 0 | Y15: 0 | Z15: ='padi sawah'!J16 -> 48 | AA15: 5 | AB15: ='padi sawah'!K16 -> 27 | AC15: =SUM(Q15,S15,U15,W15,Y15,AA15) -> 213 | AD15: =SUM(R15,T15,V15,X15,Z15,AB15) -> 268 | AE15: =SUM(O15,AC15) -> 509 | AF15: =SUM(P15,AD15) -> 527
A16: JUMLAH | C16: =SUM(C8:C15) -> 10 | D16: =SUM(D8:D15) -> 6 | E16: =SUM(E8:E15) -> 45 | F16: =SUM(F8:F15) -> 15 | G16: =SUM(G8:G15) -> 537 | H16: =SUM(H8:H15) -> 273 | I16: =SUM(I8:I15) -> 959 | J16: =SUM(J8:J15) -> 490 | ... AD16: =SUM(AD8:AD15) -> 823 | AE16: =SUM(O16,AC16) -> 2464 | AF16: =SUM(AF8:AF15) -> 2352
A17: Ket : * Tanam sampai minggu 3
A19: REALISASI TANAM PADI SAWAH OKTOBER 2015 S/D MARET 2016 DAN APRIL S/D SEPTEMBER 2016
A20: KOTA CILEGON
AF21: (Ha)
A22: No | B22: Kecamatan | C22: 2015 S/D 2016 | O22: Okt-Mar | Q22: 2016 | AC22: Apr-Sep | AE22: Jumlah
C23: Okt | E23: Nov | G23: Des | I23: Jan | K23: Peb | M23: Mar | Q23: April | S23: Mei | U23: Juni* | W23: Juli | Y23: Agust | AA23: Sep
C24: Target | D24: Realisasi | E24: Target | F24: Realisasi | G24: Target | H24: Realisasi | I24: Target | J24: Realisasi | K24: Target | L24: Realisasi | M24: Target | N24: Realisasi | O24: Target | P24: Realisasi | Q24: Target | R24: Realisasi | S24: Target | T24: Realisasi | U24: Target | V24: Realisasi | W24: Target | X24: Realisasi | Y24: Target | Z24: Realisasi | AA24: Target | AB24: Realisasi | AC24: Target | AD24: Realisasi | AE24: Target | AF24: Realisasi
A25: 1 | B25: 2 | C25: 3 | D25: 4 | E25: 5 | F25: 6 | G25: 7 | H25: 8 | I25: 9 | J25: 10 | K25: 11 | L25: 12 | M25: 13 | N25: 14 | O25: 15 | P25: 16 | Q25: 17 | R25: 18 | S25: 19 | T25: 20 | U25: 21 | V25: 22 | W25: 23 | X25: 24 | Y25: 25 | Z25: 26 | AA25: 27 | AB25: 28 | AC25: 29 | AD25: 30 | AE25: 31 | AF25: 32
A26: 1 | B26: CIWANDAN | C26: 0 | D26: 0 | E26: 0 | F26: 0 | G26: 31 | H26: 0 | I26: 210 | J26: 7 | K26: 25 | L26: 237 | M26: 0 | N26: 0 | O26: =SUM(C26,E26,G26,I26,K26,M26) -> 266 | P26: =SUM(D26,F26,H26,J26,L26,N26) -> 244 | Q26: 0 | R26: 0 | S26: 10 | T26: 3 | U26: 75 | V26: 0 | W26: 0 | X26: ='padi sawah'!I27 -> 0 | Y26: 0 | Z26: ='padi sawah'!J27 -> 0 | AA26: 0 | AB26: ='padi sawah'!K27 -> 0 | AC26: =SUM(Q26,S26,U26,W26,Y26,AA26) -> 85 | AD26: =SUM(R26,T26,V26,X26,Z26,AB26) -> 3 | AE26: =SUM(O26,AC26) -> 351 | AF26: =SUM(P26,AD26) -> 247
A27: 2 | B27: CITANGKIL | C27: 10 | D27: 4 | E27: 10 | F27: 2 | G27: 105 | H27: 29 | I27: 78 | J27: 49 | K27: 0 | L27: 57 | M27: 95 | N27: 4 | O27: =SUM(C27,E27,G27,I27,K27,M27) -> 298 | P27: =SUM(D27,F27,H27,J27,L27,N27) -> 145 | Q27: 10 | R27: 5 | S27: 11 | T27: 13 | U27: 73 | V27: 26 | W27: 0 | X27: ='padi sawah'!I28 -> 0 | Y27: 15 | Z27: ='padi sawah'!J28 -> 0 | AA27: 0 | AB27: ='padi sawah'!K28 -> 0 | AC27: =SUM(Q27,S27,U27,W27,Y27,AA27) -> 109 | AD27: =SUM(R27,T27,V27,X27,Z27,AB27) -> 44 | AE27: =SUM(O27,AC27) -> 407 | AF27: =SUM(P27,AD27) -> 189
A28: 3 | B28: PULOMERAK | C28: 0 | D28: 0 | E28: 0 | F28: 0 | G28: 10 | H28: 0 | I28: 14 | J28: 10 | K28: 0 | L28: 15 | M28: 0 | N28: 0 | O28: =SUM(C28,E28,G28,I28,K28,M28) -> 24 | P28: =SUM(D28,F28,H28,J28,L28,N28) -> 25 | Q28: 0 | R28: 0 | S28: 10 | T28: 10 | U28: 15 | V28: 0 | W28: 0 | X28: ='padi sawah'!I29 -> 0 | Y28: 0 | Z28: ='padi sawah'!J29 -> 0 | AA28: 25 | AB28: ='padi sawah'!K29 -> 0 | AC28: =SUM(Q28,S28,U28,W28,Y28,AA28) -> 50 | AD28: =SUM(R28,T28,V28,X28,Z28,AB28) -> 10 | AE28: =SUM(O28,AC28) -> 74 | AF28: =SUM(P28,AD28) -> 35
A29: 4 | B29: PURWAKARTA | C29: 0 | D29: 1 | E29: 0 | F29: 2 | G29: 68 | H29: 16 | I29: 144 | J29: 182 | K29: 0 | L29: 1 | M29: 0 | N29: 1 | O29: =SUM(C29,E29,G29,I29,K29,M29) -> 212 | P29: =SUM(D29,F29,H29,J29,L29,N29) -> 203 | Q29: 5 | R29: 0 | S29: 35 | T29: 21 | U29: 0 | V29: 0 | W29: 0 | X29: ='padi sawah'!I30 -> 0 | Y29: 0 | Z29: ='padi sawah'!J30 -> 0 | AA29: 0 | AB29: ='padi sawah'!K30 -> 0 | AC29: =SUM(Q29,S29,U29,W29,Y29,AA29) -> 40 | AD29: =SUM(R29,T29,V29,X29,Z29,AB29) -> 21 | AE29: =SUM(O29,AC29) -> 252 | AF29: =SUM(P29,AD29) -> 224
A30: 5 | B30: GROGOL | C30: 0 | D30: 0 | E30: 0 | F30: 0 | G30: 50 | H30: 0 | I30: 124 | J30: 45 | K30: 0 | L30: 119 | M30: 0 | N30: 0 | O30: =SUM(C30,E30,G30,I30,K30,M30) -> 174 | P30: =SUM(D30,F30,H30,J30,L30,N30) -> 164 | Q30: 0 | R30: 0 | S30: 20 | T30: 20 | U30: 0 | V30: 0 | W30: 0 | X30: ='padi sawah'!I31 -> 0 | Y30: 10 | Z30: ='padi sawah'!J31 -> 0 | AA30: 0 | AB30: ='padi sawah'!K31 -> 0 | AC30: =SUM(Q30,S30,U30,W30,Y30,AA30) -> 30 | AD30: =SUM(R30,T30,V30,X30,Z30,AB30) -> 20 | AE30: =SUM(O30,AC30) -> 204 | AF30: =SUM(P30,AD30) -> 184
A31: 6 | B31: CILEGON | C31: 0 | D31: 0 | E31: 10 | F31: 5 | G31: 25 | H31: 7 | I31: 19 | J31: 29 | K31: 0 | L31: 25 | M31: 4 | N31: 0 | O31: =SUM(C31,E31,G31,I31,K31,M31) -> 58 | P31: =SUM(D31,F31,H31,J31,L31,N31) -> 66 | Q31: 35 | R31: 0 | S31: 0 | T31: 10 | U31: 0 | V31: 25 | W31: 0 | X31: ='padi sawah'!I32 -> 0 | Y31: 0 | Z31: ='padi sawah'!J32 -> 0 | AA31: 0 | AB31: ='padi sawah'!K32 -> 0 | AC31: =SUM(Q31,S31,U31,W31,Y31,AA31) -> 35 | AD31: =SUM(R31,T31,V31,X31,Z31,AB31) -> 35 | AE31: =SUM(O31,AC31) -> 93 | AF31: =SUM(P31,AD31) -> 101
A32: 7 | B32: JOMBANG | C32: 0 | D32: 0 | E32: 0 | F32: 5 | G32: 122 | H32: 179 | I32: 245 | J32: 104 | K32: 0 | L32: 59 | M32: 0 | N32: 1 | O32: =SUM(C32,E32,G32,I32,K32,M32) -> 367 | P32: =SUM(D32,F32,H32,J32,L32,N32) -> 348 | Q32: 103 | R32: 1 | S32: 104 | T32: 48 | U32: 0 | V32: 171 | W32: 0 | X32: ='padi sawah'!I33 -> 0 | Y32: 0 | Z32: ='padi sawah'!J33 -> 0 | AA32: 0 | AB32: ='padi sawah'!K33 -> 0 | AC32: =SUM(Q32,S32,U32,W32,Y32,AA32) -> 207 | AD32: =SUM(R32,T32,V32,X32,Z32,AB32) -> 220 | AE32: =SUM(O32,AC32) -> 574 | AF32: =SUM(P32,AD32) -> 568
A33: 8 | B33: CIBEBER | C33: 0 | D33: 1 | E33: 25 | F33: 1 | G33: 126 | H33: 42 | I33: 125 | J33: 64 | K33: 0 | L33: 145 | M33: 20 | N33: 6 | O33: =SUM(C33,E33,G33,I33,K33,M33) -> 296 | P33: =SUM(D33,F33,H33,J33,L33,N33) -> 259 | Q33: 25 | R33: 26 | S33: 142 | T33: 66 | U33: 41 | V33: 6 | W33: 0 | X33: ='padi sawah'!I34 -> 0 | Y33: 0 | Z33: ='padi sawah'!J34 -> 0 | AA33: 5 | AB33: ='padi sawah'!K34 -> 0 | AC33: =SUM(Q33,S33,U33,W33,Y33,AA33) -> 213 | AD33: =SUM(R33,T33,V33,X33,Z33,AB33) -> 98 | AE33: =SUM(O33,AC33) -> 509 | AF33: =SUM(P33,AD33) -> 357
A34: JUMLAH | C34: =SUM(C26:C33) -> 10 | D34: =SUM(D26:D33) -> 6 | E34: =SUM(E26:E33) -> 45 | F34: =SUM(F26:F33) -> 15 | G34: =SUM(G26:G33) -> 537 | H34: =SUM(H26:H33) -> 273 | I34: =SUM(I26:I33) -> 959 | J34: =SUM(J26:J33) -> 490 | ... AD34: =SUM(AD26:AD33) -> 451 | AE34: =SUM(O34,AC34) -> 2464 | AF34: =SUM(AF26:AF33) -> 1905
A35: Ket : * Tanam sampai minggu 2
A39: REALISASI TANAM PADI LADANG OKTOBER 2015 S/D MARET 2016 DAN APRIL S/D SEPTEMBER 2016
A40: KOTA CILEGON
AF41: (Ha)
A42: No | B42: Kecamatan | C42: 2015 S/D 2016 | O42: Okt-Mar | Q42: 2016 | AC42: Apr-Sep | AE42: Jumlah
C43: Okt | E43: Nov | G43: Des | I43: Jan | K43: Peb* | M43: Mar | Q43: April | S43: Mei | U43: Juni | W43: Juli | Y43: Agust | AA43: Sep
C44: Target | D44: Realisasi | E44: Target | F44: Realisasi | G44: Target | H44: Realisasi | I44: Target | J44: Realisasi | K44: Target | L44: Realisasi | M44: Target | N44: Realisasi | O44: Target | P44: Realisasi | Q44: Target | R44: Realisasi | S44: Target | T44: Realisasi | U44: Target | V44: Realisasi | W44: Target | X44: Realisasi | Y44: Target | Z44: Realisasi | AA44: Target | AB44: Realisasi | AC44: Target | AD44: Realisasi | AE44: Target | AF44: Realisasi
A45: 1 | B45: 2 | C45: 3 | D45: 4 | E45: 5 | F45: 6 | G45: 7 | H45: 8 | I45: 9 | J45: 10 | K45: 11 | L45: 12 | M45: 13 | N45: 14 | O45: 15 | P45: 16 | Q45: 17 | R45: 18 | S45: 19 | T45: 20 | U45: 21 | V45: 22 | W45: 23 | X45: 24 | Y45: 25 | Z45: 26 | AA45: 27 | AB45: 28 | AC45: 29 | AD45: 30 | AE45: 31 | AF45: 32
A46: 1 | B46: CIWANDAN | C46: 0 | D46: 0 | E46: 0 | F46: 0 | G46: 0 | H46: 0 | I46: 0 | J46: ='padi ladang'!C9 -> 0 | K46: 0 | L46: ='padi ladang'!D9 -> 0 | M46: 0 | N46: ='padi ladang'!E9 -> 0 | O46: =SUM(C46,E46,G46,I46,K46,M46) -> 0 | P46: =SUM(D46,F46,H46,J46,L46,N46) -> 0 | Q46: 0 | R46: ='padi ladang'!F9 -> 0 | S46: 0 | T46: ='padi ladang'!G9 -> 0 | U46: 0 | V46: ='padi ladang'!H9 -> 0 | W46: 0 | X46: ='padi ladang'!I9 -> 0 | Y46: 0 | Z46: ='padi ladang'!J9 -> 0 | AA46: 0 | AB46: ='padi ladang'!K9 -> 0 | AC46: =SUM(Q46,S46,U46,W46,Y46,AA46) -> 0 | AD46: =SUM(R46,T46,V46,X46,Z46,AB46) -> 0 | AE46: =SUM(O46,AC46) -> 0 | AF46: =SUM(P46,AD46) -> 0
A47: 2 | B47: CITANGKIL | C47: 0 | D47: 0 | E47: 0 | F47: 0 | G47: 0 | H47: 0 | I47: 0 | J47: ='padi ladang'!C10 -> 0 | K47: 0 | L47: ='padi ladang'!D10 -> 0 | M47: 0 | N47: ='padi ladang'!E10 -> 0 | O47: =SUM(C47,E47,G47,I47,K47,M47) -> 0 | P47: =SUM(D47,F47,H47,J47,L47,N47) -> 0 | Q47: 0 | R47: ='padi ladang'!F10 -> 0 | S47: 0 | T47: ='padi ladang'!G10 -> 0 | U47: 0 | V47: ='padi ladang'!H10 -> 0 | W47: 0 | X47: ='padi ladang'!I10 -> 0 | Y47: 0 | Z47: ='padi ladang'!J10 -> 0 | AA47: 0 | AB47: ='padi ladang'!K10 -> 0 | AC47: =SUM(Q47,S47,U47,W47,Y47,AA47) -> 0 | AD47: =SUM(R47,T47,V47,X47,Z47,AB47) -> 0 | AE47: =SUM(O47,AC47) -> 0 | AF47: =SUM(P47,AD47) -> 0
A48: 3 | B48: PULOMERAK | C48: 0 | D48: 0 | E48: 0 | F48: 0 | G48: 20 | H48: 5 | I48: 5 | J48: ='padi ladang'!C11 -> 10 | K48: 0 | L48: ='padi ladang'!D11 -> 0 | M48: 0 | N48: ='padi ladang'!E11 -> 0 | O48: =SUM(C48,E48,G48,I48,K48,M48) -> 25 | P48: =SUM(D48,F48,H48,J48,L48,N48) -> 15 | Q48: 0 | R48: ='padi ladang'!F11 -> 0 | S48: 0 | T48: ='padi ladang'!G11 -> 0 | U48: 0 | V48: ='padi ladang'!H11 -> 0 | W48: 0 | X48: ='padi ladang'!I11 -> 0 | Y48: 0 | Z48: ='padi ladang'!J11 -> 0 | AA48: 0 | AB48: ='padi ladang'!K11 -> 35 | AC48: =SUM(Q48,S48,U48,W48,Y48,AA48) -> 0 | AD48: =SUM(R48,T48,V48,X48,Z48,AB48) -> 35 | AE48: =SUM(O48,AC48) -> 25 | AF48: =SUM(P48,AD48) -> 50
A49: 4 | B49: PURWAKARTA | C49: 0 | D49: 0 | E49: 0 | F49: 0 | G49: 0 | H49: 0 | I49: 0 | J49: ='padi ladang'!C12 -> 0 | K49: 0 | L49: ='padi ladang'!D12 -> 0 | M49: 0 | N49: ='padi ladang'!E12 -> 0 | O49: =SUM(C49,E49,G49,I49,K49,M49) -> 0 | P49: =SUM(D49,F49,H49,J49,L49,N49) -> 0 | Q49: 0 | R49: ='padi ladang'!F12 -> 0 | S49: 0 | T49: ='padi ladang'!G12 -> 0 | U49: 0 | V49: ='padi ladang'!H12 -> 0 | W49: 0 | X49: ='padi ladang'!I12 -> 0 | Y49: 0 | Z49: ='padi ladang'!J12 -> 0 | AA49: 0 | AB49: ='padi ladang'!K12 -> 0 | AC49: =SUM(Q49,S49,U49,W49,Y49,AA49) -> 0 | AD49: =SUM(R49,T49,V49,X49,Z49,AB49) -> 0 | AE49: =SUM(O49,AC49) -> 0 | AF49: =SUM(P49,AD49) -> 0
A50: 5 | B50: GROGOL | C50: 0 | D50: 0 | E50: 0 | F50: 0 | G50: 0 | H50: 0 | I50: 0 | J50: ='padi ladang'!C13 -> 0 | K50: 0 | L50: ='padi ladang'!D13 -> 0 | M50: 0 | N50: ='padi ladang'!E13 -> 0 | O50: =SUM(C50,E50,G50,I50,K50,M50) -> 0 | P50: =SUM(D50,F50,H50,J50,L50,N50) -> 0 | Q50: 0 | R50: ='padi ladang'!F13 -> 0 | S50: 0 | T50: ='padi ladang'!G13 -> 0 | U50: 0 | V50: ='padi ladang'!H13 -> 0 | W50: 0 | X50: ='padi ladang'!I13 -> 0 | Y50: 0 | Z50: ='padi ladang'!J13 -> 0 | AA50: 0 | AB50: ='padi ladang'!K13 -> 0 | AC50: =SUM(Q50,S50,U50,W50,Y50,AA50) -> 0 | AD50: =SUM(R50,T50,V50,X50,Z50,AB50) -> 0 | AE50: =SUM(O50,AC50) -> 0 | AF50: =SUM(P50,AD50) -> 0
A51: 6 | B51: CILEGON | C51: 0 | D51: 0 | E51: 0 | F51: 0 | G51: 0 | H51: 0 | I51: 0 | J51: ='padi ladang'!C14 -> 0 | K51: 0 | L51: ='padi ladang'!D14 -> 0 | M51: 0 | N51: ='padi ladang'!E14 -> 0 | O51: =SUM(C51,E51,G51,I51,K51,M51) -> 0 | P51: =SUM(D51,F51,H51,J51,L51,N51) -> 0 | Q51: 0 | R51: ='padi ladang'!F14 -> 0 | S51: 0 | T51: ='padi ladang'!G14 -> 0 | U51: 0 | V51: ='padi ladang'!H14 -> 0 | W51: 0 | X51: ='padi ladang'!I14 -> 0 | Y51: 0 | Z51: ='padi ladang'!J14 -> 0 | AA51: 0 | AB51: ='padi ladang'!K14 -> 0 | AC51: =SUM(Q51,S51,U51,W51,Y51,AA51) -> 0 | AD51: =SUM(R51,T51,V51,X51,Z51,AB51) -> 0 | AE51: =SUM(O51,AC51) -> 0 | AF51: =SUM(P51,AD51) -> 0
A52: 7 | B52: JOMBANG | C52: 0 | D52: 0 | E52: 0 | F52: 0 | G52: 0 | H52: 0 | I52: 0 | J52: ='padi ladang'!C15 -> 0 | K52: 0 | L52: ='padi ladang'!D15 -> 0 | M52: 0 | N52: ='padi ladang'!E15 -> 0 | O52: =SUM(C52,E52,G52,I52,K52,M52) -> 0 | P52: =SUM(D52,F52,H52,J52,L52,N52) -> 0 | Q52: 0 | R52: ='padi ladang'!F15 -> 0 | S52: 0 | T52: ='padi ladang'!G15 -> 0 | U52: 0 | V52: ='padi ladang'!H15 -> 0 | W52: 0 | X52: ='padi ladang'!I15 -> 0 | Y52: 0 | Z52: ='padi ladang'!J15 -> 0 | AA52: 0 | AB52: ='padi ladang'!K15 -> 0 | AC52: =SUM(Q52,S52,U52,W52,Y52,AA52) -> 0 | AD52: =SUM(R52,T52,V52,X52,Z52,AB52) -> 0 | AE52: =SUM(O52,AC52) -> 0 | AF52: =SUM(P52,AD52) -> 0
A53: 8 | B53: CIBEBER | C53: 0 | D53: 0 | E53: 0 | F53: 0 | G53: 0 | H53: 0 | I53: 0 | J53: ='padi ladang'!C16 -> 0 | K53: 0 | L53: ='padi ladang'!D16 -> 0 | M53: 0 | N53: ='padi ladang'!E16 -> 0 | O53: =SUM(C53,E53,G53,I53,K53,M53) -> 0 | P53: =SUM(D53,F53,H53,J53,L53,N53) -> 0 | Q53: 0 | R53: ='padi ladang'!F16 -> 0 | S53: 0 | T53: ='padi ladang'!G16 -> 0 | U53: 0 | V53: ='padi ladang'!H16 -> 0 | W53: 0 | X53: ='padi ladang'!I16 -> 0 | Y53: 0 | Z53: ='padi ladang'!J16 -> 0 | AA53: 0 | AB53: ='padi ladang'!K16 -> 0 | AC53: =SUM(Q53,S53,U53,W53,Y53,AA53) -> 0 | AD53: =SUM(R53,T53,V53,X53,Z53,AB53) -> 0 | AE53: =SUM(O53,AC53) -> 0 | AF53: =SUM(P53,AD53) -> 0
A54: JUMLAH | C54: =SUM(C46:C53) -> 0 | D54: =SUM(D46:D53) -> 0 | E54: =SUM(E46:E53) -> 0 | F54: =SUM(F46:F53) -> 0 | G54: =SUM(G46:G53) -> 20 | H54: =SUM(H46:H53) -> 5 | I54: =SUM(I46:I53) -> 5 | J54: =SUM(J46:J53) -> 10 | ... AF54: =SUM(AF46:AF53) -> 50
A55: Ket : * Tanam sampai minggu 2
A56: REALISASI TANAM JAGUNG OKTOBER 2015 S/D MARET 2016 DAN APRIL S/D SEPTEMBER 2016
A57: KOTA CILEGON
AF58: (Ha)
A59: No | B59: Kecamatan | C59: 2015 S/D 2016 | O59: Okt-Mar | Q59: 2016 | AC59: Apr-Sep | AE59: Jumlah
C60: Okt | E60: Nov | G60: Des | I60: Jan | K60: Peb* | M60: Mar | Q60: April | S60: Mei | U60: Juni | W60: Juli | Y60: Agust | AA60: Sep
C61: Target | D61: Realisasi | E61: Target | F61: Realisasi | G61: Target | H61: Realisasi | I61: Target | J61: Realisasi | K61: Target | L61: Realisasi | M61: Target | N61: Realisasi | O61: Target | P61: Realisasi | Q61: Target | R61: Realisasi | S61: Target | T61: Realisasi | U61: Target | V61: Realisasi | W61: Target | X61: Realisasi | Y61: Target | Z61: Realisasi | AA61: Target | AB61: Realisasi | AC61: Target | AD61: Realisasi | AE61: Target | AF61: Realisasi
A62: 1 | B62: 2 | C62: 3 | D62: 4 | E62: 5 | F62: 6 | G62: 7 | H62: 8 | I62: 9 | J62: 10 | K62: 11 | L62: 12 | M62: 13 | N62: 14 | O62: 15 | P62: 16 | Q62: 17 | R62: 18 | S62: 19 | T62: 20 | U62: 21 | V62: 22 | W62: 23 | X62: 24 | Y62: 25 | Z62: 26 | AA62: 27 | AB62: 28 | AC62: 29 | AD62: 30 | AE62: 31 | AF62: 32
A63: 1 | B63: CIWANDAN | C63: 0 | D63: 0 | E63: 0 | F63: 0 | G63: 0 | H63: 0 | I63: 1 | J63: =jagung!C9 -> 2 | K63: 1 | L63: =jagung!D9 -> 5 | M63: 0 | N63: =jagung!E9 -> 0 | O63: =SUM(C63,E63,G63,I63,K63,M63) -> 2 | P63: =SUM(D63,F63,H63,J63,L63,N63) -> 7 | Q63: 0 | R63: =jagung!F9 -> 1 | S63: 0 | T63: =jagung!G9 -> 0 | U63: 0 | V63: =jagung!H9 -> 0 | W63: 0 | X63: =jagung!I9 -> 0 | Y63: 3 | Z63: =jagung!J9 -> 0 | AA63: 0 | AB63: =jagung!K9 -> 1 | AC63: =SUM(Q63,S63,U63,W63,Y63,AA63) -> 3 | AD63: =SUM(R63,T63,V63,X63,Z63,AB63) -> 2 | AE63: =SUM(O63,AC63) -> 5 | AF63: =SUM(P63,AD63) -> 9
A64: 2 | B64: CITANGKIL | C64: 0 | D64: 0 | E64: 0 | F64: 0 | G64: 0 | H64: 1 | I64: 0 | J64: =jagung!C10 -> 0 | K64: 0 | L64: =jagung!D10 -> 0 | M64: 0 | N64: =jagung!E10 -> 0 | O64: =SUM(C64,E64,G64,I64,K64,M64) -> 0 | P64: =SUM(D64,F64,H64,J64,L64,N64) -> 1 | R64: =jagung!F10 -> 0 | S64: 1 | T64: =jagung!G10 -> 1 | U64: 0 | V64: =jagung!H10 -> 0 | W64: 0 | X64: =jagung!I10 -> 1 | Y64: 2 | Z64: =jagung!J10 -> 0 | AA64: 0 | AB64: =jagung!K10 -> 0 | AC64: =SUM(Q64,S64,U64,W64,Y64,AA64) -> 3 | AD64: =SUM(R64,T64,V64,X64,Z64,AB64) -> 2 | AE64: =SUM(O64,AC64) -> 3 | AF64: =SUM(P64,AD64) -> 3
A65: 3 | B65: PULOMERAK | C65: 0 | D65: 0 | E65: 0 | F65: 2 | G65: 0 | H65: 2 | I65: 0 | J65: =jagung!C11 -> 1 | K65: 1 | L65: =jagung!D11 -> 0 | M65: 1 | N65: =jagung!E11 -> 0 | O65: =SUM(C65,E65,G65,I65,K65,M65) -> 2 | P65: =SUM(D65,F65,H65,J65,L65,N65) -> 5 | Q65: 0 | R65: =jagung!F11 -> 0 | S65: 2 | T65: =jagung!G11 -> 3 | U65: 2 | V65: =jagung!H11 -> 4 | W65: 2 | X65: =jagung!I11 -> 0 | Y65: 0 | Z65: =jagung!J11 -> 0 | AA65: 0 | AB65: =jagung!K11 -> 1 | AC65: =SUM(Q65,S65,U65,W65,Y65,AA65) -> 6 | AD65: =SUM(R65,T65,V65,X65,Z65,AB65) -> 8 | AE65: =SUM(O65,AC65) -> 8 | AF65: =SUM(P65,AD65) -> 13
A66: 4 | B66: PURWAKARTA | C66: 0 | D66: 0 | E66: 0 | F66: 0 | G66: 0 | H66: 0 | I66: 0 | J66: =jagung!C12 -> 1 | K66: 0 | L66: =jagung!D12 -> 0 | M66: 1 | N66: =jagung!E12 -> 0 | O66: =SUM(C66,E66,G66,I66,K66,M66) -> 1 | P66: =SUM(D66,F66,H66,J66,L66,N66) -> 1 | Q66: 0 | R66: =jagung!F12 -> 1 | S66: 1 | T66: =jagung!G12 -> 1 | U66: 0 | V66: =jagung!H12 -> 0 | W66: 2 | X66: =jagung!I12 -> 1 | Y66: 0 | Z66: =jagung!J12 -> 0 | AA66: 0 | AB66: =jagung!K12 -> 1 | AC66: =SUM(Q66,S66,U66,W66,Y66,AA66) -> 3 | AD66: =SUM(R66,T66,V66,X66,Z66,AB66) -> 4 | AE66: =SUM(O66,AC66) -> 4 | AF66: =SUM(P66,AD66) -> 5
A67: 5 | B67: GROGOL | C67: 0 | D67: 1 | E67: 0 | F67: 0 | G67: 0 | H67: 0 | I67: 0 | J67: =jagung!C13 -> 0 | K67: 1 | L67: =jagung!D13 -> 0 | M67: 0 | N67: =jagung!E13 -> 1 | O67: =SUM(C67,E67,G67,I67,K67,M67) -> 1 | P67: =SUM(D67,F67,H67,J67,L67,N67) -> 2 | Q67: 0 | R67: =jagung!F13 -> 0 | S67: 1 | T67: =jagung!G13 -> 0 | U67: 1 | V67: =jagung!H13 -> 0 | W67: 0 | X67: =jagung!I13 -> 3 | Y67: 1 | Z67: =jagung!J13 -> 0 | AA67: 0 | AB67: =jagung!K13 -> 1 | AC67: =SUM(Q67,S67,U67,W67,Y67,AA67) -> 3 | AD67: =SUM(R67,T67,V67,X67,Z67,AB67) -> 4 | AE67: =SUM(O67,AC67) -> 4 | AF67: =SUM(P67,AD67) -> 6
A68: 6 | B68: CILEGON | C68: 0 | D68: 0 | E68: 0 | F68: 0 | G68: 0 | H68: 0 | I68: 0 | J68: =jagung!C14 -> 0 | K68: 0 | L68: =jagung!D14 -> 0 | M68: 0 | N68: =jagung!E14 -> 0 | O68: =SUM(C68,E68,G68,I68,K68,M68) -> 0 | P68: =SUM(D68,F68,H68,J68,L68,N68) -> 0 | Q68: 0 | R68: =jagung!F14 -> 1 | S68: 1 | T68: =jagung!G14 -> 0 | U68: 0 | V68: =jagung!H14 -> 0 | W68: 0 | X68: =jagung!I14 -> 0 | Y68: 0 | Z68: =jagung!J14 -> 0 | AA68: 0 | AB68: =jagung!K14 -> 2 | AC68: =SUM(Q68,S68,U68,W68,Y68,AA68) -> 1 | AD68: =SUM(R68,T68,V68,X68,Z68,AB68) -> 3 | AE68: =SUM(O68,AC68) -> 1 | AF68: =SUM(P68,AD68) -> 3
A69: 7 | B69: JOMBANG | C69: 0 | D69: 0 | E69: 0 | F69: 0 | G69: 0 | H69: 0 | I69: 0 | J69: =jagung!C15 -> 0 | K69: 0 | L69: =jagung!D15 -> 0 | M69: 0 | N69: =jagung!E15 -> 0 | O69: =SUM(C69,E69,G69,I69,K69,M69) -> 0 | P69: =SUM(D69,F69,H69,J69,L69,N69) -> 0 | Q69: 0 | R69: =jagung!F15 -> 0.2 | S69: 1 | T69: =jagung!G15 -> 0 | U69: 0 | V69: =jagung!H15 -> 0 | W69: 0 | X69: =jagung!I15 -> 0 | Y69: 0 | Z69: =jagung!J15 -> 0.5 | AA69: 0 | AB69: =jagung!K15 -> 0 | AC69: =SUM(Q69,S69,U69,W69,Y69,AA69) -> 1 | AD69: =SUM(R69,T69,V69,X69,Z69,AB69) -> 0.7 | AE69: =SUM(O69,AC69) -> 1 | AF69: =SUM(P69,AD69) -> 0.7
A70: 8 | B70: CIBEBER | C70: 0 | D70: 0 | E70: 0 | F70: 0 | G70: 0 | H70: 3 | I70: 0 | J70: =jagung!C16 -> 0 | K70: 0 | L70: =jagung!D16 -> 1 | M70: 1 | N70: =jagung!E16 -> 0 | O70: =SUM(C70,E70,G70,I70,K70,M70) -> 1 | P70: =SUM(D70,F70,H70,J70,L70,N70) -> 4 | Q70: 1 | R70: =jagung!F16 -> 0 | S70: 0 | T70: =jagung!G16 -> 1 | U70: 2 | V70: =jagung!H16 -> 0 | W70: 0 | X70: =jagung!I16 -> 0 | Y70: 0 | Z70: =jagung!J16 -> 1 | AA70: 0 | AB70: =jagung!K16 -> 0 | AC70: =SUM(Q70,S70,U70,W70,Y70,AA70) -> 3 | AD70: =SUM(R70,T70,V70,X70,Z70,AB70) -> 2 | AE70: =SUM(O70,AC70) -> 4 | AF70: =SUM(P70,AD70) -> 6
A71: JUMLAH | C71: =SUM(C63:C70) -> 0 | D71: =SUM(D63:D70) -> 1 | E71: =SUM(E63:E70) -> 0 | F71: =SUM(F63:F70) -> 2 | G71: =SUM(G63:G70) -> 0 | H71: =SUM(H63:H70) -> 6 | I71: =SUM(I63:I70) -> 1 | J71: =SUM(J63:J70) -> 4 | ... AF71: =SUM(AF63:AF70) -> 45.7
A72: Ket : * Tanam sampai minggu 2
A73: REALISASI TANAM KEDELAI OKTOBER 2015 S/D MARET 2016 DAN APRIL S/D SEPTEMBER 2016
A74: KOTA CILEGON
AF75: (Ha)
A76: No | B76: Kecamatan | D76: 2015 S/D 2016 | P76: Okt-Mar | R76: 2016 | AD76: Apr-Sep | AF76: Jumlah
D77: Okt | F77: Nov | H77: Des | J77: Jan | L77: Peb | N77: Mar | R77: April | T77: Mei | V77: Juni | X77: Juli | Z77: Agust | AB77: Sep
A78: 1 | B78: 2 | D78: 3 | F78: 4 | H78: 5 | J78: 6 | L78: 7 | N78: 8 | P78: 9 | R78: 10 | T78: 11 | V78: 12 | X78: 13 | Z78: 14 | AB78: 15 | AD78: 16 | AF78: 17
A79: 1 | B79: CIWANDAN | D79: 0 | F79: 0 | H79: 0 | J79: =kedelai!C9 -> 0 | L79: =kedelai!D9 -> 0 | N79: =kedelai!E9 -> 0 | P79: =SUM(D79:N79) -> 0 | R79: =kedelai!F9 -> 0 | T79: =kedelai!G9 -> 0 | V79: =kedelai!H9 -> 0 | X79: =kedelai!I9 -> 0 | Z79: =kedelai!J9 -> 0 | AB79: =kedelai!K9 -> 0 | AD79: =SUM(R79:AB79) -> 0 | AF79: =SUM(P79,AD79) -> 0
A80: 2 | B80: CITANGKIL | D80: 1 | F80: 5 | H80: 5 | J80: =kedelai!C10 -> 5 | L80: =kedelai!D10 -> 9 | N80: =kedelai!E10 -> 6 | P80: =SUM(D80:N80) -> 31 | R80: =kedelai!F10 -> 0 | T80: =kedelai!G10 -> 0 | V80: =kedelai!H10 -> 0 | X80: =kedelai!I10 -> 0 | Z80: =kedelai!J10 -> 0 | AB80: =kedelai!K10 -> 0 | AD80: =SUM(R80:AB80) -> 0 | AF80: =SUM(P80,AD80) -> 31
A81: 3 | B81: PULOMERAK | D81: 0 | F81: 0 | H81: 25 | J81: =kedelai!C11 -> 15 | L81: =kedelai!D11 -> 0 | N81: =kedelai!E11 -> 0 | P81: =SUM(D81:N81) -> 40 | R81: =kedelai!F11 -> 0 | T81: =kedelai!G11 -> 0 | V81: =kedelai!H11 -> 0 | X81: =kedelai!I11 -> 0 | Z81: =kedelai!J11 -> 0 | AB81: =kedelai!K11 -> 0 | AD81: =SUM(R81:AB81) -> 0 | AF81: =SUM(P81,AD81) -> 40
A82: 4 | B82: PURWAKARTA | D82: 0 | F82: 0 | H82: 0 | J82: =kedelai!C12 -> 0 | L82: =kedelai!D12 -> 0 | N82: =kedelai!E12 -> 0 | P82: =SUM(D82:N82) -> 0 | R82: =kedelai!F12 -> 0 | T82: =kedelai!G12 -> 0 | V82: =kedelai!H12 -> 0 | X82: =kedelai!I12 -> 0 | Z82: =kedelai!J12 -> 0 | AB82: =kedelai!K12 -> 0 | AD82: =SUM(R82:AB82) -> 0 | AF82: =SUM(P82,AD82) -> 0
A83: 5 | B83: GROGOL | D83: 2 | F83: 2 | H83: 4 | J83: =kedelai!C13 -> 0 | L83: =kedelai!D13 -> 10 | N83: =kedelai!E13 -> 25 | P83: =SUM(D83:N83) -> 43 | R83: =kedelai!F13 -> 0 | T83: =kedelai!G13 -> 0 | V83: =kedelai!H13 -> 0 | X83: =kedelai!I13 -> 0 | Z83: =kedelai!J13 -> 0 | AB83: =kedelai!K13 -> 0 | AD83: =SUM(R83:AB83) -> 0 | AF83: =SUM(P83,AD83) -> 43
A84: 6 | B84: CILEGON | D84: 0 | F84: 0 | H84: 0 | J84: =kedelai!C14 -> 0 | L84: =kedelai!D14 -> 0 | N84: =kedelai!E14 -> 0 | P84: =SUM(D84:N84) -> 0 | R84: =kedelai!F14 -> 0 | T84: =kedelai!G14 -> 0 | V84: =kedelai!H14 -> 0 | X84: =kedelai!I14 -> 0 | Z84: =kedelai!J14 -> 0 | AB84: =kedelai!K14 -> 0 | AD84: =SUM(R84:AB84) -> 0 | AF84: =SUM(P84,AD84) -> 0
A85: 7 | B85: JOMBANG | D85: 0 | F85: 0 | H85: 0 | J85: =kedelai!C15 -> 0 | L85: =kedelai!D15 -> 0 | N85: =kedelai!E15 -> 0 | P85: =SUM(D85:N85) -> 0 | R85: =kedelai!F15 -> 0 | T85: =kedelai!G15 -> 0 | V85: =kedelai!H15 -> 0 | X85: =kedelai!I15 -> 0 | Z85: =kedelai!J15 -> 0 | AB85: =kedelai!K15 -> 0 | AD85: =SUM(R85:AB85) -> 0 | AF85: =SUM(P85,AD85) -> 0
A86: 8 | B86: CIBEBER | D86: 0 | F86: 0 | H86: 2 | J86: =kedelai!C16 -> 0 | L86: =kedelai!D16 -> 0 | N86: =kedelai!E16 -> 28 | P86: =SUM(D86:N86) -> 30 | R86: =kedelai!F16 -> 0 | T86: =kedelai!G16 -> 0 | V86: =kedelai!H16 -> 0 | X86: =kedelai!I16 -> 0 | Z86: =kedelai!J16 -> 0 | AB86: =kedelai!K16 -> 0 | AD86: =SUM(R86:AB86) -> 0 | AF86: =SUM(P86,AD86) -> 30
A87: JUMLAH | D87: =SUM(D79:D86) -> 3 | F87: =SUM(F79:F86) -> 7 | H87: =SUM(H79:H86) -> 36 | J87: =SUM(J79:J86) -> 20 | L87: =SUM(L79:L86) -> 19 | N87: =SUM(N79:N86) -> 59 | P87: =SUM(P79:P86) -> 144 | R87: =SUM(R79:R86) -> 0 | T87: =SUM(T79:T86) -> 0 | V87: =SUM(V79:V86) -> 0 | X87: =SUM(X79:X86) -> 0 | Z87: =SUM(Z79:Z86) -> 0 | AB87: =SUM(AB79:AB86) -> 0 | AD87: =SUM(AD79:AD86) -> 0 | AF87: =SUM(AF79:AF86) -> 144
A89: REALISASI TANAM KACANG TANAH OKTOBER 2015 S/D MARET 2016 DAN APRIL S/D SEPTEMBER 2016
A90: KOTA CILEGON
AF91: (Ha)
A92: No | B92: Kecamatan | D92: 2015 S/D 2016 | P92: Okt-Mar | R92: 2016 | AD92: Apr-Sep | AF92: Jumlah
D93: Okt | F93: Nov | H93: Des | J93: Jan | L93: Peb | N93: Mar | R93: April | T93: Mei | V93: Juni | X93: Juli | Z93: Agust | AB93: Sep
A94: 1 | B94: 2 | D94: 3 | F94: 4 | H94: 5 | J94: 6 | L94: 7 | N94: 8 | P94: 9 | R94: 10 | T94: 11 | V94: 12 | X94: 13 | Z94: 14 | AB94: 15 | AD94: 16 | AF94: 17
A95: 1 | B95: CIWANDAN | D95: 0 | F95: 0 | H95: 185 | J95: ='kc tanah'!C9 -> 31 | L95: ='kc tanah'!D9 -> 0 | N95: ='kc tanah'!E9 -> 0 | P95: =SUM(D95:N95) -> 216 | R95: ='kc tanah'!F9 -> 25 | T95: ='kc tanah'!G9 -> 105 | V95: ='kc tanah'!H9 -> 0 | X95: ='kc tanah'!I9 -> 0 | Z95: ='kc tanah'!J9 -> 0 | AB95: ='kc tanah'!K9 -> 0 | AD95: =SUM(R95:AB95) -> 130 | AF95: =SUM(P95,AD95) -> 346
A96: 2 | B96: CITANGKIL | D96: 1 | F96: 3 | H96: 57 | J96: ='kc tanah'!C10 -> 125 | L96: ='kc tanah'!D10 -> 0 | N96: ='kc tanah'!E10 -> 0 | P96: =SUM(D96:N96) -> 186 | R96: ='kc tanah'!F10 -> 0 | T96: ='kc tanah'!G10 -> 0 | V96: ='kc tanah'!H10 -> 0 | X96: ='kc tanah'!I10 -> 0 | Z96: ='kc tanah'!J10 -> 0 | AB96: ='kc tanah'!K10 -> 0 | AD96: =SUM(R96:AB96) -> 0 | AF96: =SUM(P96,AD96) -> 186
A97: 3 | B97: PULOMERAK | D97: 0 | F97: 0 | H97: 275 | J97: ='kc tanah'!C11 -> 20 | L97: ='kc tanah'!D11 -> 0 | N97: ='kc tanah'!E11 -> 0 | P97: =SUM(D97:N97) -> 295 | R97: ='kc tanah'!F11 -> 280 | T97: ='kc tanah'!G11 -> 0 | V97: ='kc tanah'!H11 -> 0 | X97: ='kc tanah'!I11 -> 0 | Z97: ='kc tanah'!J11 -> 0 | AB97: ='kc tanah'!K11 -> 0 | AD97: =SUM(R97:AB97) -> 280 | AF97: =SUM(P97,AD97) -> 575
A98: 4 | B98: PURWAKARTA | D98: 0 | F98: 5 | H98: 141 | J98: ='kc tanah'!C12 -> 22 | L98: ='kc tanah'!D12 -> 0 | N98: ='kc tanah'!E12 -> 18 | P98: =SUM(D98:N98) -> 186 | R98: ='kc tanah'!F12 -> 0 | T98: ='kc tanah'!G12 -> 15 | V98: ='kc tanah'!H12 -> 3 | X98: ='kc tanah'!I12 -> 17 | Z98: ='kc tanah'!J12 -> 0 | AB98: ='kc tanah'!K12 -> 0 | AD98: =SUM(R98:AB98) -> 35 | AF98: =SUM(P98,AD98) -> 221
A99: 5 | B99: GROGOL | D99: 0 | F99: 0 | H99: 102 | J99: ='kc tanah'!C13 -> 96 | L99: ='kc tanah'!D13 -> 0 | N99: ='kc tanah'!E13 -> 0 | P99: =SUM(D99:N99) -> 198 | R99: ='kc tanah'!F13 -> 115 | T99: ='kc tanah'!G13 -> 0 | V99: ='kc tanah'!H13 -> 0 | X99: ='kc tanah'!I13 -> 0 | Z99: ='kc tanah'!J13 -> 0 | AB99: ='kc tanah'!K13 -> 0 | AD99: =SUM(R99:AB99) -> 115 | AF99: =SUM(P99,AD99) -> 313
A100: 6 | B100: CILEGON | D100: 0 | F100: 15 | H100: 50 | J100: ='kc tanah'!C14 -> 15 | L100: ='kc tanah'!D14 -> 0 | N100: ='kc tanah'!E14 -> 20 | P100: =SUM(D100:N100) -> 100 | R100: ='kc tanah'!F14 -> 30 | T100: ='kc tanah'!G14 -> 0 | V100: ='kc tanah'!H14 -> 0 | X100: ='kc tanah'!I14 -> 15 | Z100: ='kc tanah'!J14 -> 5 | AB100: ='kc tanah'!K14 -> 0 | AD100: =SUM(R100:AB100) -> 50 | AF100: =SUM(P100,AD100) -> 150
A101: 7 | B101: JOMBANG | D101: 0 | F101: 0 | H101: 0 | J101: ='kc tanah'!C15 -> 1 | L101: ='kc tanah'!D15 -> 0 | N101: ='kc tanah'!E15 -> 1 | P101: =SUM(D101:N101) -> 2 | R101: ='kc tanah'!F15 -> 0 | T101: ='kc tanah'!G15 -> 0 | V101: ='kc tanah'!H15 -> 0 | X101: ='kc tanah'!I15 -> 0 | Z101: ='kc tanah'!J15 -> 0 | AB101: ='kc tanah'!K15 -> 0 | AD101: =SUM(R101:AB101) -> 0 | AF101: =SUM(P101,AD101) -> 2
A102: 8 | B102: CIBEBER | D102: 0 | F102: 0 | H102: 332 | J102: ='kc tanah'!C16 -> 0 | L102: ='kc tanah'!D16 -> 2 | N102: ='kc tanah'!E16 -> 75 | P102: =SUM(D102:N102) -> 409 | R102: ='kc tanah'!F16 -> 248 | T102: ='kc tanah'!G16 -> 0 | V102: ='kc tanah'!H16 -> 0 | X102: ='kc tanah'!I16 -> 225 | Z102: ='kc tanah'!J16 -> 25 | AB102: ='kc tanah'!K16 -> 35 | AD102: =SUM(R102:AB102) -> 533 | AF102: =SUM(P102,AD102) -> 942
A103: JUMLAH | D103: =SUM(D95:D102) -> 1 | F103: =SUM(F95:F102) -> 23 | H103: =SUM(H95:H102) -> 1142 | J103: =SUM(J95:J102) -> 310 | L103: =SUM(L95:L102) -> 2 | N103: =SUM(N95:N102) -> 114 | P103: =SUM(P95:P102) -> 1592 | R103: =SUM(R95:R102) -> 698 | T103: =SUM(T95:T102) -> 120 | V103: =SUM(V95:V102) -> 3 | X103: =SUM(X95:X102) -> 257 | Z103: =SUM(Z95:Z102) -> 30 | AB103: =SUM(AB95:AB102) -> 35 | AD103: =SUM(AD95:AD102) -> 1143 | AF103: =SUM(AF95:AF102) -> 2735
A105: REALISASI TANAM UBI KAYU OKTOBER 2015 S/D MARET 2016 DAN APRIL S/D SEPTEMBER 2016
A106: KOTA CILEGON
...

Sheet target-realisasibaru
A1: REALISASI TANAM PADI SAWAH OKTOBER 2015 S/D MARET 2016
A2: KOTA CILEGON
AJ3: (Ha)
A4: No | B4: Kecamatan | C4: 2015 S/D 2016 | O4: Okt-Mar | Y4: 2016 | AM4: Apr-Sep | AO4: Jumlah
C5: Okt | E5: Nov | G5: Des | I5: Jan | K5: Peb | M5: Mar | Y5: April | AB5: Mei | AE5: Juni* | AG5: Juli | AI5: Agust | AK5: Sep
C6: Target | D6: Realisasi | E6: Target | F6: Realisasi | G6: Target | H6: Realisasi | I6: Target | J6: Realisasi | K6: Target | L6: Realisasi | M6: Target | N6: Realisasi | O6: Target | P6: Realisasi | Q6: Selisih | Y6: Target | AA6: Realisasi | AB6: Target | AD6: Realisasi | AE6: Target | AF6: Realisasi | AG6: Target | AH6: Realisasi | AI6: Target | AJ6: Realisasi | AK6: Target | AL6: Realisasi | AM6: Target | AN6: Realisasi | AO6: Target | AP6: Realisasi
A7: 1 | B7: 2 | C7: 3 | D7: 4 | E7: 5 | F7: 6 | G7: 7 | H7: 8 | I7: 9 | J7: 10 | K7: 11 | L7: 12 | M7: 13 | N7: 14 | O7: 15 | P7: 16 | Q7: 17 | Y7: 18 | AA7: 19 | AB7: 20 | AD7: 21 | AE7: 22 | AF7: 23 | AG7: 24 | AH7: 25 | AI7: 26 | AJ7: 27 | AK7: 28 | AL7: 29 | AM7: 30 | AN7: 31 | AO7: 32 | AP7: 33
A8: 1 | B8: CIWANDAN | C8: 0 | D8: ='okt-mar'!C8 -> 0 | E8: 0 | F8: ='okt-mar'!D8 -> 0 | G8: 31 | H8: ='okt-mar'!E8 -> 0 | I8: 210 | J8: ='okt-mar'!F8 -> 7 | K8: 25 | L8: ='okt-mar'!G8 -> 248 | M8: 0 | N8: ='okt-mar'!H8 -> 0 | O8: =SUM(C8,E8,G8,I8,K8,M8) -> 266 | P8: =SUM(D8,F8,H8,J8,L8,N8) -> 255 | Q8: =O8-P8 -> 11 | Y8: 0 | AA8: 0 | AB8: 10 | AD8: 3 | AE8: 75 | AF8: 0 | AG8: 0 | AH8: ='padi sawah'!I9 -> 27 | AI8: 0 | AJ8: ='padi sawah'!J9 -> 8 | AK8: 0 | AL8: ='padi sawah'!K9 -> 0 | AM8: =SUM(Y8,AB8,AE8,AG8,AI8,AK8) -> 85 | AN8: =SUM(AA8,AD8,AF8,AH8,AJ8,AL8) -> 38 | AO8: =SUM(O8,AM8) -> 351 | AP8: =SUM(P8,AN8) -> 293
A9: 2 | B9: CITANGKIL | C9: 10 | D9: ='okt-mar'!C9 -> 4 | E9: 10 | F9: ='okt-mar'!D9 -> 2 | G9: 105 | H9: ='okt-mar'!E9 -> 29 | I9: 78 | J9: ='okt-mar'!F9 -> 49 | K9: 0 | L9: ='okt-mar'!G9 -> 128 | M9: 95 | N9: ='okt-mar'!H9 -> 4 | O9: =SUM(C9,E9,G9,I9,K9,M9) -> 298 | P9: =SUM(D9,F9,H9,J9,L9,N9) -> 216 | Q9: =O9-P9 -> 82 | Y9: 10 | AA9: 5 | AB9: 11 | AD9: 13 | AE9: 73 | AF9: 26 | AG9: 0 | AH9: ='padi sawah'!I10 -> 37 | AI9: 15 | AJ9: ='padi sawah'!J10 -> 31 | AK9: 0 | AL9: ='padi sawah'!K10 -> 11 | AM9: =SUM(Y9,AB9,AE9,AG9,AI9,AK9) -> 109 | AN9: =SUM(AA9,AD9,AF9,AH9,AJ9,AL9) -> 123 | AO9: =SUM(O9,AM9) -> 407 | AP9: =SUM(P9,AN9) -> 339
A10: 3 | B10: PULOMERAK | C10: 0 | D10: ='okt-mar'!C10 -> 0 | E10: 0 | F10: ='okt-mar'!D10 -> 0 | G10: 10 | H10: ='okt-mar'!E10 -> 0 | I10: 14 | J10: ='okt-mar'!F10 -> 10 | K10: 0 | L10: ='okt-mar'!G10 -> 15 | M10: 0 | N10: ='okt-mar'!H10 -> 0 | O10: =SUM(C10,E10,G10,I10,K10,M10) -> 24 | P10: =SUM(D10,F10,H10,J10,L10,N10) -> 25 | Q10: =O10-P10 -> -1 | Y10: 0 | AA10: 0 | AB10: 10 | AD10: 10 | AE10: 15 | AF10: 0 | AG10: 0 | AH10: ='padi sawah'!I11 -> 0 | AI10: 0 | AJ10: ='padi sawah'!J11 -> 0 | AK10: 25 | AL10: ='padi sawah'!K11 -> 5 | AM10: =SUM(Y10,AB10,AE10,AG10,AI10,AK10) -> 50 | AN10: =SUM(AA10,AD10,AF10,AH10,AJ10,AL10) -> 15 | AO10: =SUM(O10,AM10) -> 74 | AP10: =SUM(P10,AN10) -> 40
A11: 4 | B11: PURWAKARTA | C11: 0 | D11: ='okt-mar'!C11 -> 1 | E11: 0 | F11: ='okt-mar'!D11 -> 2 | G11: 68 | H11: ='okt-mar'!E11 -> 16 | I11: 144 | J11: ='okt-mar'!F11 -> 182 | K11: 0 | L11: ='okt-mar'!G11 -> 1 | M11: 0 | N11: ='okt-mar'!H11 -> 1 | O11: =SUM(C11,E11,G11,I11,K11,M11) -> 212 | P11: =SUM(D11,F11,H11,J11,L11,N11) -> 203 | Q11: =O11-P11 -> 9 | Y11: 5 | AA11: 0 | AB11: 35 | AD11: 21 | AE11: 0 | AF11: 0 | AG11: 0 | AH11: ='padi sawah'!I12 -> 2 | AI11: 0 | AJ11: ='padi sawah'!J12 -> 1 | AK11: 0 | AL11: ='padi sawah'!K12 -> 5 | AM11: =SUM(Y11,AB11,AE11,AG11,AI11,AK11) -> 40 | AN11: =SUM(AA11,AD11,AF11,AH11,AJ11,AL11) -> 29 | AO11: =SUM(O11,AM11) -> 252 | AP11: =SUM(P11,AN11) -> 232
A12: 5 | B12: GROGOL | C12: 0 | D12: ='okt-mar'!C12 -> 0 | E12: 0 | F12: ='okt-mar'!D12 -> 0 | G12: 50 | H12: ='okt-mar'!E12 -> 0 | I12: 124 | J12: ='okt-mar'!F12 -> 45 | K12: 0 | L12: ='okt-mar'!G12 -> 119 | M12: 0 | N12: ='okt-mar'!H12 -> 0 | O12: =SUM(C12,E12,G12,I12,K12,M12) -> 174 | P12: =SUM(D12,F12,H12,J12,L12,N12) -> 164 | Q12: =O12-P12 -> 10 | Y12: 0 | AA12: 0 | AB12: 20 | AD12: 20 | AE12: 0 | AF12: 0 | AG12: 0 | AH12: ='padi sawah'!I13 -> 0 | AI12: 10 | AJ12: ='padi sawah'!J13 -> 0 | AK12: 0 | AL12: ='padi sawah'!K13 -> 10 | AM12: =SUM(Y12,AB12,AE12,AG12,AI12,AK12) -> 30 | AN12: =SUM(AA12,AD12,AF12,AH12,AJ12,AL12) -> 30 | AO12: =SUM(O12,AM12) -> 204 | AP12: =SUM(P12,AN12) -> 194
A13: 6 | B13: CILEGON | C13: 0 | D13: ='okt-mar'!C13 -> 0 | E13: 10 | F13: ='okt-mar'!D13 -> 5 | G13: 25 | H13: ='okt-mar'!E13 -> 7 | I13: 19 | J13: ='okt-mar'!F13 -> 29 | K13: 0 | L13: ='okt-mar'!G13 -> 18 | M13: 4 | N13: ='okt-mar'!H13 -> 0 | O13: =SUM(C13,E13,G13,I13,K13,M13) -> 58 | P13: =SUM(D13,F13,H13,J13,L13,N13) -> 59 | Q13: =O13-P13 -> -1 | Y13: 35 | AA13: 0 | AB13: 0 | AD13: 10 | AE13: 0 | AF13: 25 | AG13: 0 | AH13: ='padi sawah'!I14 -> 6 | AI13: 0 | AJ13: ='padi sawah'!J14 -> 0 | AK13: 0 | AL13: ='padi sawah'!K14 -> 0 | AM13: =SUM(Y13,AB13,AE13,AG13,AI13,AK13) -> 35 | AN13: =SUM(AA13,AD13,AF13,AH13,AJ13,AL13) -> 41 | AO13: =SUM(O13,AM13) -> 93 | AP13: =SUM(P13,AN13) -> 100
A14: 7 | B14: JOMBANG | C14: 0 | D14: ='okt-mar'!C14 -> 0 | E14: 0 | F14: ='okt-mar'!D14 -> 5 | G14: 122 | H14: ='okt-mar'!E14 -> 179 | I14: 245 | J14: ='okt-mar'!F14 -> 104 | K14: 0 | L14: ='okt-mar'!G14 -> 59 | M14: 0 | N14: ='okt-mar'!H14 -> 1 | O14: =SUM(C14,E14,G14,I14,K14,M14) -> 367 | P14: =SUM(D14,F14,H14,J14,L14,N14) -> 348 | Q14: =O14-P14 -> 19 | Y14: 103 | AA14: 1 | AB14: 104 | AD14: 48 | AE14: 0 | AF14: 171 | AG14: 0 | AH14: ='padi sawah'!I15 -> 27 | AI14: 0 | AJ14: ='padi sawah'!J15 -> 3 | AK14: 0 | AL14: ='padi sawah'!K15 -> 1 | AM14: =SUM(Y14,AB14,AE14,AG14,AI14,AK14) -> 207 | AN14: =SUM(AA14,AD14,AF14,AH14,AJ14,AL14) -> 251 | AO14: =SUM(O14,AM14) -> 574 | AP14: =SUM(P14,AN14) -> 599
A15: 8 | B15: CIBEBER | C15: 0 | D15: ='okt-mar'!C15 -> 1 | E15: 25 | F15: ='okt-mar'!D15 -> 1 | G15: 126 | H15: ='okt-mar'!E15 -> 42 | I15: 125 | J15: ='okt-mar'!F15 -> 64 | K15: 0 | L15: ='okt-mar'!G15 -> 145 | M15: 20 | N15: ='okt-mar'!H15 -> 6 | O15: =SUM(C15,E15,G15,I15,K15,M15) -> 296 | P15: =SUM(D15,F15,H15,J15,L15,N15) -> 259 | Q15: =O15-P15 -> 37 | Y15: 25 | AA15: 26 | AB15: 142 | AD15: 66 | AE15: 41 | AF15: 6 | AG15: 0 | AH15: ='padi sawah'!I16 -> 0 | AI15: 0 | AJ15: ='padi sawah'!J16 -> 48 | AK15: 5 | AL15: ='padi sawah'!K16 -> 27 | AM15: =SUM(Y15,AB15,AE15,AG15,AI15,AK15) -> 213 | AN15: =SUM(AA15,AD15,AF15,AH15,AJ15,AL15) -> 173 | AO15: =SUM(O15,AM15) -> 509 | AP15: =SUM(P15,AN15) -> 432
A16: JUMLAH | C16: =SUM(C8:C15) -> 10 | D16: =SUM(D8:D15) -> 6 | E16: =SUM(E8:E15) -> 45 | F16: =SUM(F8:F15) -> 15 | G16: =SUM(G8:G15) -> 537 | H16: =SUM(H8:H15) -> 273 | I16: =SUM(I8:I15) -> 959 | J16: =SUM(J8:J15) -> 490 | ... Q16: =SUM(Q8:Q15) -> 166 | Y16: =SUM(Y8:Y15) -> 178 | AA16: =SUM(AA8:AA15) -> 32 | AB16: =SUM(AB8:AB15) -> 332 | AD16: =SUM(AD8:AD15) -> 191 | AE16: =SUM(AE8:AE15) -> 204 | AF16: =SUM(AF8:AF15) -> 228 | AG16: =SUM(AG8:AG15) -> 0 | AH16: =SUM(AH8:AH15) -> 99 | AI16: =SUM(AI8:AI15) -> 25 | AJ16: =SUM(AJ8:AJ15) -> 91 | AK16: =SUM(AK8:AK15) -> 30 | ... AN16: =SUM(AN8:AN15) -> 700 | AO16: =SUM(O16,AM16) -> 2464 | AP16: =SUM(AP8:AP15) -> 2229
A19: REALISASI TANAM PADI SAWAH OKTOBER 2015 S/D MARET 2016 DAN APRIL S/D SEPTEMBER 2016
A20: KOTA CILEGON
AJ21: (Ha)
A22: No | B22: Kecamatan | C22: MT. 2015 s/d 2016 Okt-Mar | F22: MT. 2016 | R22: Apr-Sep | U22: Jumlah | AH22: Apr-Sep | AJ22: Jumlah
F23: April | H23: Mei | J23: Juni | L23: Juli*) | N23: Agust | P23: Sep | Z23: Juni* | AB23: Juli | AD23: Agust | AF23: Sep
C24: Target | D24: Realisasi | E24: Selisih | F24: Target | G24: Realisasi | H24: Target | I24: Realisasi | J24: Target | K24: Realisasi | L24: Target | M24: Realisasi | N24: Target | O24: Realisasi | P24: Target | Q24: Realisasi | R24: Target | S24: Realisasi | T24: Selisih | U24: Target | V24: Realisasi | W24: Selisih | Y24: Realisasi | Z24: Target | AA24: Realisasi | AB24: Target | AC24: Realisasi | AD24: Target | AE24: Realisasi | AF24: Target | AG24: Realisasi | AH24: Target | AI24: Realisasi | AJ24: Target | AK24: Realisasi
A25: 1 | B25: 2 | C25: 3 | D25: 4 | E25: 5 | F25: 6 | G25: 7 | H25: 8 | I25: 9 | J25: 10 | K25: 11 | L25: 12 | M25: 13 | N25: 14 | O25: 15 | P25: 16 | Q25: 17 | R25: 18 | S25: 19 | T25: 20 | U25: 21 | V25: 22 | W25: 23 | Y25: 20 | Z25: 21 | AA25: 22 | AB25: 23 | AC25: 24 | AD25: 25 | AE25: 26 | AF25: 27 | AG25: 28 | AH25: 29 | AI25: 30 | AJ25: 31 | AK25: 32
A26: 1 | B26: CIWANDAN | C26: 266 | D26: 244 | E26: 22 | F26: 0 | G26: 0 | H26: 10 | I26: 3 | J26: 75 | K26: 37 | L26: 0 | M26: ='target-realisasi'!X8 -> 15 | N26: 0 | O26: 0 | P26: 0 | Q26: 0 | R26: =SUM(F26,H26,J26,L26,N26,P26) -> 85 | S26: =SUM(G26,I26,K26,M26,O26,Q26) -> 55 | T26: =R26-S26 -> 30 | U26: =C26-E26+R26 -> 329 | V26: =D26+S26 -> 299 | W26: =U26-V26 -> 30 | X26: 329 | Y26: 3 | Z26: 75 | AA26: 0 | AB26: 0 | AC26: ='padi sawah'!I27 -> 0 | AD26: 0 | AE26: ='padi sawah'!J27 -> 0 | AF26: 0 | AG26: ='padi sawah'!K27 -> 0 | AH26: =SUM(S26,V26,Z26,AB26,AD26,AF26) -> 429 | AI26: =SUM(U26,Y26,AA26,AC26,AE26,AG26) -> 332 | AJ26: =SUM(O26,AH26) -> 429 | AK26: =SUM(P26,AI26) -> 332
A27: 2 | B27: CITANGKIL | C27: 298 | D27: 145 | E27: 153 | F27: 10 | G27: 5 | H27: 11 | I27: 13 | J27: 73 | K27: 38 | L27: 0 | M27: ='target-realisasi'!X9 -> 13 | N27: 15 | O27: 0 | P27: 0 | Q27: 0 | R27: =SUM(F27,H27,J27,L27,N27,P27) -> 109 | S27: =SUM(G27,I27,K27,M27,O27,Q27) -> 69 | T27: =R27-S27 -> 40 | U27: =C27-E27+R27 -> 254 | V27: =D27+S27 -> 214 | W27: =U27-V27 -> 40 | X27: 254 | Y27: 13 | Z27: 73 | AA27: 26 | AB27: 0 | AC27: ='padi sawah'!I28 -> 0 | AD27: 15 | AE27: ='padi sawah'!J28 -> 0 | AF27: 0 | AG27: ='padi sawah'!K28 -> 0 | AH27: =SUM(S27,V27,Z27,AB27,AD27,AF27) -> 371 | AI27: =SUM(U27,Y27,AA27,AC27,AE27,AG27) -> 293 | AJ27: =SUM(O27,AH27) -> 371 | AK27: =SUM(P27,AI27) -> 293
A28: 3 | B28: PULOMERAK | C28: 24 | D28: 25 | E28: -1 | F28: 0 | G28: 0 | H28: 10 | I28: 10 | J28: 15 | K28: 5 | L28: 0 | M28: ='target-realisasi'!X10 -> 0 | N28: 0 | O28: 0 | P28: 25 | Q28: 0 | R28: =SUM(F28,H28,J28,L28,N28,P28) -> 50 | S28: =SUM(G28,I28,K28,M28,O28,Q28) -> 15 | T28: =R28-S28 -> 35 | U28: =C28-E28+R28 -> 75 | V28: =D28+S28 -> 40 | W28: =U28-V28 -> 35 | X28: 75 | Y28: 10 | Z28: 15 | AA28: 0 | AB28: 0 | AC28: ='padi sawah'!I29 -> 0 | AD28: 0 | AE28: ='padi sawah'!J29 -> 0 | AF28: 25 | AG28: ='padi sawah'!K29 -> 0 | AH28: =SUM(S28,V28,Z28,AB28,AD28,AF28) -> 95 | AI28: =SUM(U28,Y28,AA28,AC28,AE28,AG28) -> 85 | AJ28: =SUM(O28,AH28) -> 95 | AK28: =SUM(P28,AI28) -> 110
A29: 4 | B29: PURWAKARTA | C29: 212 | D29: 203 | E29: 9 | F29: 5 | G29: 0 | H29: 35 | I29: 21 | J29: 0 | K29: 11 | L29: 0 | M29: ='target-realisasi'!X11 -> 4 | N29: 0 | O29: 0 | P29: 0 | Q29: 0 | R29: =SUM(F29,H29,J29,L29,N29,P29) -> 40 | S29: =SUM(G29,I29,K29,M29,O29,Q29) -> 36 | T29: =R29-S29 -> 4 | U29: =C29-E29+R29 -> 243 | V29: =D29+S29 -> 239 | W29: =U29-V29 -> 4 | X29: 243 | Y29: 21 | Z29: 0 | AA29: 0 | AB29: 0 | AC29: ='padi sawah'!I30 -> 0 | AD29: 0 | AE29: ='padi sawah'!J30 -> 0 | AF29: 0 | AG29: ='padi sawah'!K30 -> 0 | AH29: =SUM(S29,V29,Z29,AB29,AD29,AF29) -> 275 | AI29: =SUM(U29,Y29,AA29,AC29,AE29,AG29) -> 264 | AJ29: =SUM(O29,AH29) -> 275 | AK29: =SUM(P29,AI29) -> 264
A30: 5 | B30: GROGOL | C30: 174 | D30: 164 | E30: 10 | F30: 0 | G30: 0 | H30: 20 | I30: 20 | J30: 0 | K30: 0 | L30: 0 | M30: ='target-realisasi'!X12 -> 0 | N30: 10 | O30: 0 | P30: 0 | Q30: 0 | R30: =SUM(F30,H30,J30,L30,N30,P30) -> 30 | S30: =SUM(G30,I30,K30,M30,O30,Q30) -> 20 | T30: =R30-S30 -> 10 | U30: =C30-E30+R30 -> 194 | V30: =D30+S30 -> 184 | W30: =U30-V30 -> 10 | X30: 194 | Y30: 20 | Z30: 0 | AA30: 0 | AB30: 0 | AC30: ='padi sawah'!I31 -> 0 | AD30: 10 | AE30: ='padi sawah'!J31 -> 0 | AF30: 0 | AG30: ='padi sawah'!K31 -> 0 | AH30: =SUM(S30,V30,Z30,AB30,AD30,AF30) -> 214 | AI30: =SUM(U30,Y30,AA30,AC30,AE30,AG30) -> 214 | AJ30: =SUM(O30,AH30) -> 214 | AK30: =SUM(P30,AI30) -> 214
A31: 6 | B31: CILEGON | C31: 58 | D31: 66 | E31: -8 | F31: 35 | G31: 0 | H31: 0 | I31: 10 | J31: 0 | K31: 25 | L31: 0 | M31: ='target-realisasi'!X13 -> 0 | N31: 0 | O31: 0 | P31: 0 | Q31: 0 | R31: =SUM(F31,H31,J31,L31,N31,P31) -> 35 | S31: =SUM(G31,I31,K31,M31,O31,Q31) -> 35 | T31: =R31-S31 -> 0 | U31: =C31-E31+R31 -> 101 | V31: =D31+S31 -> 101 | W31: =U31-V31 -> 0 | X31: 101 | Y31: 10 | Z31: 0 | AA31: 25 | AB31: 0 | AC31: ='padi sawah'!I32 -> 0 | AD31: 0 | AE31: ='padi sawah'!J32 -> 0 | AF31: 0 | AG31: ='padi sawah'!K32 -> 0 | AH31: =SUM(S31,V31,Z31,AB31,AD31,AF31) -> 136 | AI31: =SUM(U31,Y31,AA31,AC31,AE31,AG31) -> 136 | AJ31: =SUM(O31,AH31) -> 136 | AK31: =SUM(P31,AI31) -> 136
A32: 7 | B32: JOMBANG | C32: 367 | D32: 348 | E32: 19 | F32: 103 | G32: 1 | H32: 104 | I32: 48 | J32: 0 | K32: 189 | L32: 0 | M32: ='target-realisasi'!X14 -> 12 | N32: 0 | O32: 0 | P32: 0 | Q32: 0 | R32: =SUM(F32,H32,J32,L32,N32,P32) -> 207 | S32: =SUM(G32,I32,K32,M32,O32,Q32) -> 250 | T32: =R32-S32 -> -43 | U32: =C32-E32+R32 -> 555 | V32: =D32+S32 -> 598 | W32: =U32-V32 -> -43 | X32: 555 | Y32: 48 | Z32: 0 | AA32: 171 | AB32: 0 | AC32: ='padi sawah'!I33 -> 0 | AD32: 0 | AE32: ='padi sawah'!J33 -> 0 | AF32: 0 | AG32: ='padi sawah'!K33 -> 0 | AH32: =SUM(S32,V32,Z32,AB32,AD32,AF32) -> 848 | AI32: =SUM(U32,Y32,AA32,AC32,AE32,AG32) -> 774 | AJ32: =SUM(O32,AH32) -> 848 | AK32: =SUM(P32,AI32) -> 774
A33: 8 | B33: CIBEBER | C33: 296 | D33: 259 | E33: 37 | F33: 25 | G33: 26 | H33: 142 | I33: 66 | J33: 41 | K33: 101 | L33: 0 | M33: ='target-realisasi'!X15 -> 0 | N33: 0 | O33: 0 | P33: 5 | Q33: 0 | R33: =SUM(F33,H33,J33,L33,N33,P33) -> 213 | S33: =SUM(G33,I33,K33,M33,O33,Q33) -> 193 | T33: =R33-S33 -> 20 | U33: =C33-E33+R33 -> 472 | V33: =D33+S33 -> 452 | W33: =U33-V33 -> 20 | X33: 472 | Y33: 66 | Z33: 41 | AA33: 6 | AB33: 0 | AC33: ='padi sawah'!I34 -> 0 | AD33: 0 | AE33: ='padi sawah'!J34 -> 0 | AF33: 5 | AG33: ='padi sawah'!K34 -> 0 | AH33: =SUM(S33,V33,Z33,AB33,AD33,AF33) -> 691 | AI33: =SUM(U33,Y33,AA33,AC33,AE33,AG33) -> 544 | AJ33: =SUM(O33,AH33) -> 691 | AK33: =SUM(P33,AI33) -> 549
A34: JUMLAH | C34: =SUM(C26:C33) -> 1695 | D34: =SUM(D26:D33) -> 1454 | E34: =SUM(E26:E33) -> 241 | F34: =SUM(F26:F33) -> 178 | G34: =SUM(G26:G33) -> 32 | H34: =SUM(H26:H33) -> 332 | I34: =SUM(I26:I33) -> 191 | J34: =SUM(J26:J33) -> 204 | ... P34: =SUM(P26:P33) -> 30 | R34: =SUM(R26:R33) -> 769 | S34: =SUM(S26:S33) -> 673 | T34: =SUM(T26:T33) -> 96 | U34: =SUM(U26:U33) -> 2223 | V34: =SUM(V26:V33) -> 2127 | W34: =SUM(W26:W33) -> 96 | Y34: =SUM(Y26:Y33) -> 191 | Z34: =SUM(Z26:Z33) -> 204 | AA34: =SUM(AA26:AA33) -> 228 | AB34: =SUM(AB26:AB33) -> 0 | AC34: =SUM(AC26:AC33) -> 0 | AD34: =SUM(AD26:AD33) -> 25 | AE34: =SUM(AE26:AE33) -> 0 | AF34: =SUM(AF26:AF33) -> 30 | ... AI34: =SUM(AI26:AI33) -> 2642 | AJ34: =SUM(O34,AH34) -> 3059 | AK34: =SUM(AK26:AK33) -> 2672
A36: Ket : *) data sampai dengan minggu 2
A38: TARGET DAN REALISASI TANAM PADI SAWAH OKTOBER 2015 S/D MARET 2016 DAN APRIL S/D SEPTEMBER 2016
A39: KOTA CILEGON
A41: No | B41: Kecamatan | C41: MT. 2015 s/d 2016 Okt-Mar | F41: MT. 2016 | R41: Apr-Sep | U41: Jumlah
F42: April | H42: Mei | J42: Juni | L42: Juli | N42: Agust | P42: Sep
C43: Target | D43: Realisasi | E43: Selisih | F43: Target | G43: Realisasi | H43: Target | I43: Realisasi | J43: Target | K43: Realisasi | L43: Target | M43: Realisasi | N43: Target | O43: Realisasi | P43: Target | Q43: Realisasi | R43: Target | S43: Realisasi | T43: Selisih | U43: Target | V43: Realisasi | W43: Selisih
