Workbook

Sheet padi sawah
A2: DATA LUAS TANAM PADI (SAWAH) PER BULAN
A3: KOTA CILEGON TAHUN 2015
O5: (Ha)
A6: No | B6: Kecamatan | C6: Bulan | O6: Jumlah
C7: Jan | D7: Feb | E7: Maret | F7: Apr | G7: Mei | H7: Juni | I7: Juli | J7: Agst | K7: Sept | L7: Okt | M7: Nov | N7: Des | S7: JAN-APR | T7: MEI-AGST
A8: 1 | B8: 2 | C8: 3 | D8: 4 | E8: 5 | F8: 6 | G8: 7 | H8: 8 | I8: 9 | J8: 10 | K8: 11 | L8: 12 | M8: 13 | N8: 14 | O8: 15 | Q8: ok-nop
A9: 1 | B9: CIWANDAN | C9: 204 | D9: 0 | E9: 0 | F9: 2 | G9: 18 | H9: 8 | I9: 0 | J9: 1 | K9: 0 | L9: 0 | M9: 0 | N9: 0 | O9: =SUM(C9:N9) -> 233 | Q9: =SUM(L9:M9) -> 0 | S9: =SUM(C9:F9) -> 206 | T9: =SUM(G9:J9) -> 27
A10: 2 | B10: CITANGKIL | C10: 114 | D10: 0 | E10: 15 | F10: 29 | G10: 7 | H10: 65 | I10: 1 | J10: 4 | K10: 4 | L10: 4 | M10: 2 | N10: 29 | O10: =SUM(C10:N10) -> 274 | Q10: =SUM(L10:M10) -> 6 | S10: =SUM(C10:F10) -> 158 | T10: =SUM(G10:J10) -> 77
A11: 3 | B11: PULOMERAK | C11: 38 | D11: 0 | E11: 0 | F11: 5 | G11: 10 | H11: 0 | I11: 0 | J11: 0 | K11: 0 | L11: 0 | M11: 0 | N11: 0 | O11: =SUM(C11:N11) -> 53 | Q11: =SUM(L11:M11) -> 0 | S11: =SUM(C11:F11) -> 43 | T11: =SUM(G11:J11) -> 10
A12: 4 | B12: PURWAKARTA | C12: 16 | D12: 0 | E12: 0 | F12: 0 | G12: 7 | H12: 7 | I12: 0 | J12: 2 | K12: 0 | L12: 1 | M12: 2 | N12: 16 | O12: =SUM(C12:N12) -> 51 | Q12: =SUM(L12:M12) -> 3 | S12: =SUM(C12:F12) -> 16 | T12: =SUM(G12:J12) -> 16
A13: 5 | B13: GROGOL | C13: 225 | D13: 0 | E13: 0 | F13: 0 | G13: 10 | H13: 10 | I13: 0 | J13: 0 | K13: 0 | L13: 0 | M13: 0 | N13: 0 | O13: =SUM(C13:N13) -> 245 | Q13: =SUM(L13:M13) -> 0 | S13: =SUM(C13:F13) -> 225 | T13: =SUM(G13:J13) -> 20
A14: 6 | B14: CILEGON | C14: 0 | D14: 0 | E14: 0 | F14: 6 | G14: 15 | H14: 10 | I14: 0 | J14: 7 | K14: 0 | L14: 0 | M14: 5 | N14: 7 | O14: =SUM(C14:N14) -> 50 | Q14: =SUM(L14:M14) -> 5 | S14: =SUM(C14:F14) -> 6 | T14: =SUM(G14:J14) -> 32
A15: 7 | B15: JOMBANG | C15: 133 | D15: 0 | E15: 0 | F15: 0 | G15: 8 | H15: 183 | I15: 110 | J15: 6 | K15: 0 | L15: 0 | M15: 5 | N15: 179 | O15: =SUM(C15:N15) -> 624 | Q15: =SUM(L15:M15) -> 5 | S15: =SUM(C15:F15) -> 133 | T15: =SUM(G15:J15) -> 307
A16: 8 | B16: CIBEBER | C16: 201 | D16: 0 | E16: 0 | F16: 36 | G16: 116 | H16: 11 | I16: 1 | J16: 0 | K16: 24 | L16: 1 | M16: 1 | N16: 42 | O16: =SUM(C16:N16) -> 433 | Q16: =SUM(L16:M16) -> 2 | S16: =SUM(C16:F16) -> 237 | T16: =SUM(G16:J16) -> 128
A17: JUMLAH | C17: =SUM(C9:C16) -> 931 | D17: =SUM(D9:D16) -> 0 | E17: =SUM(E9:E16) -> 15 | F17: =SUM(F9:F16) -> 78 | G17: =SUM(G9:G16) -> 191 | H17: =SUM(H9:H16) -> 294 | I17: =SUM(I9:I16) -> 112 | J17: =SUM(J9:J16) -> 20 | ... O17: =SUM(O9:O16) -> 1963 | Q17: =SUM(L17:M17) -> 21
J19: =SUM(C17:J17) -> 1641 | K19: =SUM(F17:K17) -> 723 | N19: =SUM(L17:N17) -> 294
K20: =SUM(K17:M17) -> 49
A35: DATA LUAS PANEN PADI (SAWAH) PER BULAN
A36: KOTA CILEGON TAHUN 2015
O38: (Ha)
A39: No | B39: Kecamatan | C39: Bulan | O39: Jumlah
C40: Jan | D40: Feb | E40: Maret | F40: Apr | G40: Mei | H40: Juni | I40: Juli | J40: Agst | K40: Sept | L40: Okt | M40: Nov | N40: Des
A41: 1 | B41: 2 | C41: 3 | D41: 4 | E41: 5 | F41: 6 | G41: 7 | H41: 8 | I41: 9 | J41: 10 | K41: 11 | L41: 12 | M41: 13 | N41: 14 | O41: 15
A42: 1 | B42: CIWANDAN | C42: 0 | D42: 0 | E42: 0 | F42: 204 | G42: 0 | H42: 2 | I42: 0 | J42: 20 | K42: 6 | L42: 0 | M42: 1 | N42: 0 | O42: =SUM(C42:N42) -> 233 | Q42: =SUM(C42:E42) -> 0
A43: 2 | B43: CITANGKIL | C43: 0 | D43: 25 | E43: 64 | F43: 75 | G43: 90 | H43: 0 | I43: 32 | J43: 81 | K43: 12 | L43: 0 | M43: 0 | N43: 8 | O43: =SUM(C43:N43) -> 387 | Q43: =SUM(C43:E43) -> 89
A44: 3 | B44: PULOMERAK | C44: 0 | D44: 0 | E44: 10 | F44: 38 | G44: 0 | H44: 0 | I44: 5 | J44: 10 | K44: 0 | L44: 0 | M44: 0 | N44: 0 | O44: =SUM(C44:N44) -> 63 | Q44: =SUM(C44:E44) -> 10
A45: 4 | B45: PURWAKARTA | C45: 0 | D45: 3 | E45: 165 | F45: 16 | G45: 0 | H45: 0 | I45: 0 | J45: 7 | K45: 7 | L45: 0 | M45: 2 | N45: 0 | O45: =SUM(C45:N45) -> 200 | Q45: =SUM(C45:E45) -> 168
A46: 5 | B46: GROGOL | C46: 0 | D46: 0 | E46: 25 | F46: 225 | G46: 0 | H46: 0 | I46: 0 | J46: 10 | K46: 10 | L46: 0 | M46: 0 | N46: 0 | O46: =SUM(C46:N46) -> 270 | Q46: =SUM(C46:E46) -> 25
A47: 6 | B47: CILEGON | C47: 0 | D47: 0 | E47: 44 | F47: 0 | G47: 0 | H47: 6 | I47: 0 | J47: 10 | K47: 14 | L47: 0 | M47: 7 | N47: 0 | O47: =SUM(C47:N47) -> 81 | Q47: =SUM(C47:E47) -> 44
A48: 7 | B48: JOMBANG | C48: 1 | D48: 1 | E48: 92 | F48: 162 | G48: 23 | H48: 0 | I48: 2 | J48: 30 | K48: 183 | L48: 92 | M48: 0 | N48: 0 | O48: =SUM(C48:N48) -> 586 | Q48: =SUM(C48:E48) -> 94
A49: 8 | B49: CIBEBER | C49: 0 | D49: 30 | E49: 206 | F49: 68 | G49: 0 | H49: 4 | I49: 40 | J49: 107 | K49: 11 | L49: 0 | M49: 0 | N49: 0 | O49: =SUM(C49:N49) -> 466 | Q49: =SUM(C49:E49) -> 236
A50: JUMLAH | C50: =SUM(C42:C49) -> 1 | D50: =SUM(D42:D49) -> 59 | E50: =SUM(E42:E49) -> 606 | F50: =SUM(F42:F49) -> 788 | G50: =SUM(G42:G49) -> 113 | H50: =SUM(H42:H49) -> 12 | I50: =SUM(I42:I49) -> 79 | J50: =SUM(J42:J49) -> 275 | ... O50: =SUM(O42:O49) -> 2286
A68: DATA PRODUKSI PADI (SAWAH) PER BULAN
A69: KOTA CILEGON TAHUN 2015
O71: (Ton)
A72: No | B72: Kecamatan | C72: Bulan | O72: Jumlah
C73: Jan | D73: Feb | E73: Maret | F73: Apr | G73: Mei | H73: Juni | I73: Juli | J73: Agst | K73: Sept | L73: Okt | M73: Nov | N73: Des
A74: 1 | B74: 2 | C74: 3 | D74: 4 | E74: 5 | F74: 6 | G74: 7 | H74: 8 | I74: 9 | J74: 10 | K74: 11 | L74: 12 | M74: 13 | N74: 14 | O74: 15
A75: 1 | B75: CIWANDAN | C75: 0 | D75: 0 | E75: 0 | F75: 1327 | G75: 0 | H75: 10 | I75: 0 | J75: 90 | K75: 35 | L75: 0 | M75: 4 | N75: 0 | O75: =SUM(C75:N75) -> 1466 | Q75: =SUM(C75:E75) -> 0
A76: 2 | B76: CITANGKIL | C76: 0 | D76: 173 | E76: 523 | F76: 455 | G76: 805 | H76: 0 | I76: 245 | J76: 639 | K76: 102 | L76: 0 | M76: 0 | N76: 71 | O76: =SUM(C76:N76) -> 3013 | Q76: =SUM(C76:E76) -> 696
A77: 3 | B77: PULOMERAK | C77: 0 | D77: 0 | E77: 52 | F77: 231 | G77: 0 | H77: 0 | I77: 28 | J77: 30 | K77: 0 | L77: 0 | M77: 0 | N77: 0 | O77: =SUM(C77:N77) -> 341 | Q77: =SUM(C77:E77) -> 52
A78: 4 | B78: PURWAKARTA | C78: 0 | D78: 16 | E78: 943 | F78: 104 | G78: 0 | H78: 0 | I78: 0 | J78: 37 | K78: 35 | L78: 0 | M78: 10 | N78: 0 | O78: =SUM(C78:N78) -> 1145 | Q78: =SUM(C78:E78) -> 959
A79: 5 | B79: GROGOL | C79: 0 | D79: 0 | E79: 144 | F79: 1406 | G79: 0 | H79: 0 | I79: 0 | K79: 59 | L79: 0 | M79: 0 | N79: 0 | O79: =SUM(C79:N79) -> 1609 | Q79: =SUM(C79:E79) -> 144
A80: 6 | B80: CILEGON | C80: 0 | D80: 0 | E80: 325 | F80: 0 | G80: 0 | H80: 42 | I80: 0 | J80: 70 | K80: 94 | L80: 0 | M80: 53 | N80: 0 | O80: =SUM(C80:N80) -> 584 | Q80: =SUM(C80:E80) -> 325
A81: 7 | B81: JOMBANG | C81: 5 | D81: 6 | E81: 479 | F81: 1000 | G81: 129 | H81: 0 | I81: 9 | J81: 206 | K81: 1114 | L81: 490 | M81: 0 | N81: 0 | O81: =SUM(C81:N81) -> 3438 | Q81: =SUM(C81:E81) -> 490
A82: 8 | B82: CIBEBER | C82: 0 | D82: 174 | E82: 1590 | F82: 443 | G82: 0 | H82: 27 | I82: 248 | J82: 590 | K82: 66 | L82: 0 | M82: 0 | N82: 0 | O82: =SUM(C82:N82) -> 3138 | Q82: =SUM(C82:E82) -> 1764
A83: JUMLAH | C83: =SUM(C75:C82) -> 5 | D83: =SUM(D75:D82) -> 369 | E83: =SUM(E75:E82) -> 4056 | F83: =SUM(F75:F82) -> 4966 | G83: =SUM(G75:G82) -> 934 | H83: =SUM(H75:H82) -> 79 | I83: =SUM(I75:I82) -> 530 | J83: =SUM(J75:J82) -> 1662 | ... O83: =SUM(O75:O82) -> 14734
C84: =SUM(C83:E83) -> 4430 | F84: =SUM(F83:H83) -> 5979 | I84: =SUM(I83:K83) -> 3697 | L84: =SUM(L83:N83) -> 628
I85: =SUM(C83:I83) -> 10939 | J85: =SUM(G83:J83) -> 3205
J86: =SUM(G83:J83) -> 3205 | N86: =SUM(K83:N83) -> 2133
A101: DATA PRODUKTIVITAS PADI (SAWAH) PER BULAN
A102: KOTA CILEGON TAHUN 2015
O104: (Ku/Ha)
A105: No | B105: Kecamatan | C105: Bulan | O105: Jumlah
C106: Jan | D106: Feb | E106: Maret | F106: Apr | G106: Mei | H106: Juni | I106: Juli | J106: Agst | K106: Sept | L106: Okt | M106: Nov | N106: Des
A107: 1 | B107: 2 | C107: 3 | D107: 4 | E107: 5 | F107: 6 | G107: 7 | H107: 8 | I107: 9 | J107: 10 | K107: 11 | L107: 12 | M107: 13 | N107: 14 | O107: 15
A108: 1 | B108: CIWANDAN | C108: 0 | D108: 0 | E108: 0 | F108: 65.08 | G108: 0 | H108: 52.02 | I108: 0 | J108: 45.25 | K108: 58 | L108: 0 | M108: 45.02 | N108: 0 | O108: =O75/O42*10 -> 62.918455
A109: 2 | B109: CITANGKIL | C109: 0 | D109: 69.14 | E109: 81.67 | F109: 60.63 | G109: 89.44 | H109: 0 | I109: 92.16 | J109: 78.89 | K109: 84.5 | L109: 0 | M109: 0 | N109: 88.8 | O109: =O76/O43*10 -> 77.855297
A110: 3 | B110: PULOMERAK | C110: 0 | D110: 0 | E110: 50.74 | F110: 60.81 | G110: 0 | H110: 0 | I110: 57 | J110: 26.5 | K110: 0 | L110: 0 | M110: 0 | N110: 0 | O110: =O77/O44*10 -> 54.126984
A111: 4 | B111: PURWAKARTA | C111: 0 | D111: 53.22 | E111: 57.15 | F111: 65.01 | G111: 0 | H111: 0 | I111: 0 | J111: 52.36 | K111: 49.86 | L111: 0 | M111: 52.44 | N111: 0 | O111: =O78/O45*10 -> 57.25
A112: 5 | B112: GROGOL | C112: 0 | D112: 0 | E112: 57.6 | F112: 62.5 | G112: 0 | H112: 0 | I112: 0 | J112: 58.72 | K112: 58.95 | L112: 0 | M112: 0 | N112: 0 | O112: =O79/O46*10 -> 59.592593
A113: 6 | B113: CILEGON | C113: 0 | D113: 0 | E113: 73.96 | F113: 0 | G113: 0 | H113: 70.45 | I113: 0 | J113: 70.25 | K113: 67.12 | L113: 0 | M113: 75 | N113: 0 | O113: =O80/O47*10 -> 72.098765
A114: 7 | B114: JOMBANG | C114: 52.5 | D114: 58.48 | E114: 52.05 | F114: 61.75 | G114: 56.15 | H114: 0 | I114: 45.11 | J114: 68.8 | K114: 60.89 | L114: 53.32 | M114: 0 | N114: 0 | O114: =O81/O48*10 -> 58.668942
A115: 8 | B115: CIBEBER | C115: 0 | D115: 58.05 | E115: 77.2 | F115: 65.2 | G115: 0 | H115: 68.8 | I115: 61.92 | J115: 55.15 | K115: 60 | L115: 0 | M115: 0 | N115: 0 | O115: =O82/O49*10 -> 67.339056
A116: JUMLAH | C116: 52.5 | D116: =D83/D50*10 -> 62.542373 | E116: =E83/E50*10 -> 66.930693 | F116: =F83/F50*10 -> 63.020305 | G116: =G83/G50*10 -> 82.654867 | H116: =H83/H50*10 -> 65.833333 | I116: =I83/I50*10 -> 67.088608 | J116: =J83/J50*10 -> 60.436364 | K116: =K83/K50*10 -> 61.934156 | L116: 53.32 | M116: =M83/M50*10 -> 67 | N116: =SUM(N108:N115) -> 88.8 | O116: =O83/O50*10 -> 64.453193
M119: Cilegon, Desember 2015
M120: Kepala Dinas Pertanian dan Kelautan
M121: Kota Cilegon
M125: H. ANDI AFFANDI, S.Sos
M126: NIP. 19681006 198803 1 001

Sheet puso
A1: DATA LUAS PUSO PADI (SAWAH) PER BULAN
A2: KOTA CILEGON TAHUN 2015
O3: (Ha)
A4: No | B4: Kecamatan | C4: Bulan | O4: Jumlah
C5: Jan | D5: Feb | E5: Maret | F5: Apr | G5: Mei | H5: Juni | I5: Juli | J5: Agst | K5: Sept | L5: Okt | M5: Nov | N5: Des
A6: 1 | B6: 2 | C6: 3 | D6: 4 | E6: 5 | F6: 6 | G6: 7 | H6: 8 | I6: 9 | J6: 10 | K6: 11 | L6: 12 | M6: 13 | N6: 14 | O6: 15
A7: 1 | B7: CIWANDAN | C7: 0 | D7: 0 | E7: 0 | F7: 0 | G7: 0 | H7: 0 | I7: 0 | J7: 0 | K7: 0 | L7: 0 | M7: 0 | N7: 0 | O7: =SUM(C7:N7) -> 0
A8: 2 | B8: CITANGKIL | C8: 0 | D8: 0 | E8: 0 | F8: 0 | G8: 0 | H8: 0 | I8: 0 | J8: 2 | K8: 0 | L8: 0 | M8: 0 | N8: 0 | O8: =SUM(C8:N8) -> 2
A9: 3 | B9: PULOMERAK | C9: 0 | D9: 0 | E9: 0 | F9: 0 | G9: 0 | H9: 0 | I9: 0 | J9: 0 | K9: 0 | L9: 0 | M9: 0 | N9: 0 | O9: =SUM(C9:N9) -> 0
A10: 4 | B10: PURWAKARTA | C10: 0 | D10: 0 | E10: 0 | F10: 0 | G10: 0 | H10: 0 | I10: 0 | J10: 0 | K10: 0 | L10: 0 | M10: 0 | N10: 0 | O10: =SUM(C10:N10) -> 0
A11: 5 | B11: GROGOL | C11: 0 | D11: 0 | E11: 0 | F11: 0 | G11: 0 | H11: 0 | I11: 0 | J11: 0 | K11: 0 | L11: 0 | M11: 0 | N11: 0 | O11: =SUM(C11:N11) -> 0
A12: 6 | B12: CILEGON | C12: 0 | D12: 0 | E12: 0 | F12: 0 | G12: 0 | H12: 0 | I12: 0 | J12: 1 | K12: 0 | L12: 0 | M12: 0 | N12: 0 | O12: =SUM(C12:N12) -> 1
A13: 7 | B13: JOMBANG | C13: 0 | D13: 0 | E13: 0 | F13: 0 | G13: 0 | H13: 0 | I13: 0 | J13: 0 | K13: 0 | L13: 0 | M13: 0 | N13: 0 | O13: =SUM(C13:N13) -> 0
A14: 8 | B14: CIBEBER | C14: 0 | D14: 0 | E14: 0 | F14: 0 | G14: 0 | H14: 0 | I14: 0 | J14: 2 | K14: 0 | L14: 0 | M14: 0 | N14: 0 | O14: =SUM(C14:N14) -> 2
A15: JUMLAH | C15: =SUM(C7:C14) -> 0 | D15: =SUM(D7:D14) -> 0 | E15: =SUM(E7:E14) -> 0 | F15: =SUM(F7:F14) -> 0 | G15: =SUM(G7:G14) -> 0 | H15: =SUM(H7:H14) -> 0 | I15: =SUM(I7:I14) -> 0 | J15: =SUM(J7:J14) -> 5 | ... O15: =SUM(O7:O14) -> 5
A17: DATA LUAS PUSO KEDELAI PER BULAN
A18: KOTA CILEGON TAHUN 2015
O19: (Ha)
A20: No | B20: Kecamatan | C20: Bulan | O20: Jumlah
C21: Jan | D21: Feb | E21: Maret | F21: Apr | G21: Mei | H21: Juni | I21: Juli | J21: Agst | K21: Sept | L21: Okt | M21: Nov | N21: Des
A22: 1 | B22: 2 | C22: 3 | D22: 4 | E22: 5 | F22: 6 | G22: 7 | H22: 8 | I22: 9 | J22: 10 | K22: 11 | L22: 12 | M22: 13 | N22: 14 | O22: 15
A23: 1 | B23: CIWANDAN | C23: 2 | D23: 0 | E23: 0 | F23: 0 | G23: 0 | H23: 0 | I23: 0 | J23: 0 | K23: 0 | L23: 0 | M23: 0 | N23: 0 | O23: =SUM(C23:N23) -> 2
A24: 2 | B24: CITANGKIL | C24: 0 | D24: 0 | E24: 0 | F24: 0 | G24: 0 | H24: 0 | I24: 0 | J24: 0 | K24: 0 | L24: 0 | M24: 0 | N24: 0 | O24: =SUM(C24:N24) -> 0
A25: 3 | B25: PULOMERAK | C25: 0 | D25: 0 | E25: 0 | F25: 0 | G25: 0 | H25: 0 | I25: 0 | J25: 0 | K25: 0 | L25: 0 | M25: 0 | N25: 0 | O25: =SUM(C25:N25) -> 0
A26: 4 | B26: PURWAKARTA | C26: 0 | D26: 0 | E26: 0 | F26: 0 | G26: 0 | H26: 0 | I26: 0 | J26: 0 | K26: 0 | L26: 0 | M26: 0 | N26: 0 | O26: =SUM(C26:N26) -> 0
A27: 5 | B27: GROGOL | C27: 0 | D27: 0 | E27: 0 | F27: 0 | G27: 0 | H27: 0 | I27: 0 | J27: 0 | K27: 0 | L27: 0 | M27: 0 | N27: 0 | O27: =SUM(C27:N27) -> 0
A28: 6 | B28: CILEGON | C28: 0 | D28: 0 | E28: 0 | F28: 0 | G28: 0 | H28: 0 | I28: 0 | J28: 0 | K28: 0 | L28: 0 | M28: 0 | N28: 0 | O28: =SUM(C28:N28) -> 0
A29: 7 | B29: JOMBANG | C29: 0 | D29: 0 | E29: 0 | F29: 0 | G29: 0 | H29: 0 | I29: 0 | J29: 0 | K29: 0 | L29: 0 | M29: 0 | N29: 0 | O29: =SUM(C29:N29) -> 0
A30: 8 | B30: CIBEBER | C30: 0 | D30: 0 | E30: 0 | F30: 0 | G30: 0 | H30: 0 | I30: 0 | J30: 0 | K30: 0 | L30: 0 | M30: 0 | N30: 0 | O30: =SUM(C30:N30) -> 0
A31: JUMLAH | C31: =SUM(C23:C30) -> 2 | D31: =SUM(D23:D30) -> 0 | E31: =SUM(E23:E30) -> 0 | F31: =SUM(F23:F30) -> 0 | G31: =SUM(G23:G30) -> 0 | H31: =SUM(H23:H30) -> 0 | I31: =SUM(I23:I30) -> 0 | J31: =SUM(J23:J30) -> 0 | ... O31: =SUM(O23:O30) -> 2

Sheet padi ladang
A2: DATA LUAS TANAM PADI (DARAT) PER BULAN
A3: KOTA CILEGON TAHUN 2015
O5: (Ha)
A6: No | B6: Kecamatan | C6: Bulan | O6: Jumlah
C7: Jan | D7: Feb | E7: Maret | F7: Apr | G7: Mei | H7: Juni | I7: Juli | J7: Agst | K7: Sept | L7: Okt | M7: Nov | N7: Des
A8: 1 | B8: 2 | C8: 3 | D8: 4 | E8: 5 | F8: 6 | G8: 7 | H8: 8 | I8: 9 | J8: 10 | K8: 11 | L8: 12 | M8: 13 | N8: 14 | O8: 15
A9: 1 | B9: CIWANDAN | C9: 0 | D9: 0 | E9: 0 | F9: 0 | G9: 0 | H9: 0 | I9: 0 | J9: 0 | K9: 0 | L9: 0 | M9: 0 | N9: 0 | O9: =SUM(C9:N9) -> 0
A10: 2 | B10: CITANGKIL | C10: 0 | D10: 0 | E10: 0 | F10: 0 | G10: 0 | H10: 0 | I10: 0 | J10: 0 | K10: 0 | L10: 0 | M10: 0 | N10: 0 | O10: =SUM(C10:N10) -> 0
A11: 3 | B11: PULOMERAK | C11: 10 | D11: 0 | E11: 0 | F11: 0 | G11: 0 | H11: 0 | I11: 0 | J11: 0 | K11: 0 | L11: 0 | M11: 0 | N11: 5 | O11: =SUM(C11:N11) -> 15
A12: 4 | B12: PURWAKARTA | C12: 0 | D12: 0 | E12: 0 | F12: 0 | G12: 0 | H12: 0 | I12: 0 | J12: 0 | K12: 0 | L12: 0 | M12: 0 | N12: 0 | O12: =SUM(C12:N12) -> 0
A13: 5 | B13: GROGOL | C13: 0 | D13: 0 | E13: 0 | F13: 0 | G13: 0 | H13: 0 | I13: 0 | J13: 0 | K13: 0 | L13: 0 | M13: 0 | N13: 0 | O13: =SUM(C13:N13) -> 0
A14: 6 | B14: CILEGON | C14: 0 | D14: 0 | E14: 0 | F14: 0 | G14: 0 | H14: 0 | I14: 0 | J14: 0 | K14: 0 | L14: 0 | M14: 0 | N14: 0 | O14: =SUM(C14:N14) -> 0
A15: 7 | B15: JOMBANG | C15: 0 | D15: 0 | E15: 0 | F15: 0 | G15: 0 | H15: 0 | I15: 0 | J15: 0 | K15: 0 | L15: 0 | M15: 0 | N15: 0 | O15: =SUM(C15:N15) -> 0
A16: 8 | B16: CIBEBER | C16: 0 | D16: 0 | E16: 0 | F16: 0 | G16: 0 | H16: 0 | I16: 0 | J16: 0 | K16: 0 | L16: 0 | M16: 0 | N16: 0 | O16: =SUM(C16:N16) -> 0
A17: JUMLAH | C17: =SUM(C9:C16) -> 10 | D17: =SUM(D9:D16) -> 0 | E17: =SUM(E9:E16) -> 0 | F17: =SUM(F9:F16) -> 0 | G17: =SUM(G9:G16) -> 0 | H17: =SUM(H9:H16) -> 0 | I17: =SUM(I9:I16) -> 0 | J17: =SUM(J9:J16) -> 0 | ... O17: =SUM(O9:O16) -> 15
A35: DATA LUAS PANEN PADI (DARAT) PER BULAN
A36: KOTA CILEGON TAHUN 2015
O38: (Ha)
A39: No | B39: Kecamatan | C39: Bulan | O39: Jumlah
C40: Jan | D40: Feb | E40: Maret | F40: Apr | G40: Mei | H40: Juni | I40: Juli | J40: Agst | K40: Sept | L40: Okt | M40: Nov | N40: Des
A41: 1 | B41: 2 | C41: 3 | D41: 4 | E41: 5 | F41: 6 | G41: 7 | H41: 8 | I41: 9 | J41: 10 | K41: 11 | L41: 12 | M41: 13 | N41: 14 | O41: 15
A42: 1 | B42: CIWANDAN | C42: 0 | D42: 0 | E42: 0 | F42: 0 | G42: 0 | H42: 0 | I42: 0 | J42: 0 | K42: 0 | L42: 0 | M42: 0 | N42: 0 | O42: =SUM(C42:N42) -> 0
A43: 2 | B43: CITANGKIL | C43: 0 | D43: 0 | E43: 0 | F43: 0 | G43: 0 | H43: 0 | I43: 0 | J43: 0 | K43: 0 | L43: 0 | M43: 0 | N43: 0 | O43: =SUM(C43:N43) -> 0
A44: 3 | B44: PULOMERAK | C44: 0 | D44: 0 | E44: 15 | F44: 10 | G44: 0 | H44: 0 | I44: 0 | J44: 0 | K44: 0 | L44: 0 | M44: 0 | N44: 0 | O44: =SUM(C44:N44) -> 25
A45: 4 | B45: PURWAKARTA | C45: 0 | D45: 0 | E45: 0 | F45: 0 | G45: 0 | H45: 0 | I45: 0 | J45: 0 | K45: 0 | L45: 0 | M45: 0 | N45: 0 | O45: =SUM(C45:N45) -> 0
A46: 5 | B46: GROGOL | C46: 0 | D46: 0 | E46: 0 | F46: 0 | G46: 0 | H46: 0 | I46: 0 | J46: 0 | K46: 0 | L46: 0 | M46: 0 | N46: 0 | O46: =SUM(C46:N46) -> 0
A47: 6 | B47: CILEGON | C47: 0 | D47: 0 | E47: 0 | F47: 0 | G47: 0 | H47: 0 | I47: 0 | J47: 0 | K47: 0 | L47: 0 | M47: 0 | N47: 0 | O47: =SUM(C47:N47) -> 0
A48: 7 | B48: JOMBANG | C48: 0 | D48: 0 | E48: 0 | F48: 0 | G48: 0 | H48: 0 | I48: 0 | J48: 0 | K48: 0 | L48: 0 | M48: 0 | N48: 0 | O48: =SUM(C48:N48) -> 0
A49: 8 | B49: CIBEBER | C49: 0 | D49: 0 | E49: 0 | F49: 0 | G49: 0 | H49: 0 | I49: 0 | J49: 0 | K49: 0 | L49: 0 | M49: 0 | N49: 0 | O49: =SUM(C49:N49) -> 0
A50: JUMLAH | C50: =SUM(C42:C49) -> 0 | D50: =SUM(D42:D49) -> 0 | E50: =SUM(E42:E49) -> 15 | F50: =SUM(F42:F49) -> 10 | G50: =SUM(G42:G49) -> 0 | H50: =SUM(H42:H49) -> 0 | I50: =SUM(I42:I49) -> 0 | J50: =SUM(J42:J49) -> 0 | ... O50: =SUM(O42:O49) -> 25
A68: DATA PRODUKSI PADI (DARAT) PER BULAN
A69: KOTA CILEGON TAHUN 2015
O71: (Ton)
A72: No | B72: Kecamatan | C72: Bulan | O72: Jumlah
C73: Jan | D73: Feb | E73: Maret | F73: Apr | G73: Mei | H73: Juni | I73: Juli | J73: Agst | K73: Sept | L73: Okt | M73: Nov | N73: Des
A74: 1 | B74: 2 | C74: 3 | D74: 4 | E74: 5 | F74: 6 | G74: 7 | H74: 8 | I74: 9 | J74: 10 | K74: 11 | L74: 12 | M74: 13 | N74: 14 | O74: 15
A75: 1 | B75: CIWANDAN | C75: 0 | D75: 0 | E75: 0 | F75: 0 | G75: 0 | H75: 0 | I75: 0 | J75: 0 | K75: 0 | L75: 0 | M75: 0 | N75: 0 | O75: =SUM(C75:N75) -> 0
A76: 2 | B76: CITANGKIL | C76: 0 | D76: 0 | E76: 0 | F76: 0 | G76: 0 | H76: 0 | I76: 0 | J76: 0 | K76: 0 | L76: 0 | M76: 0 | N76: 0 | O76: =SUM(C76:N76) -> 0
A77: 3 | B77: PULOMERAK | C77: 0 | D77: 0 | E77: 46 | F77: 30 | G77: 0 | H77: 0 | I77: 0 | J77: 0 | K77: 0 | L77: 0 | M77: 0 | N77: 0 | O77: =SUM(C77:N77) -> 76
A78: 4 | B78: PURWAKARTA | C78: 0 | D78: 0 | E78: 0 | F78: 0 | G78: 0 | H78: 0 | I78: 0 | J78: 0 | K78: 0 | L78: 0 | M78: 0 | N78: 0 | O78: =SUM(C78:N78) -> 0
A79: 5 | B79: GROGOL | C79: 0 | D79: 0 | E79: 0 | F79: 0 | G79: 0 | H79: 0 | I79: 0 | J79: 0 | K79: 0 | L79: 0 | M79: 0 | N79: 0 | O79: =SUM(C79:N79) -> 0
A80: 6 | B80: CILEGON | C80: 0 | D80: 0 | E80: 0 | F80: 0 | G80: 0 | H80: 0 | I80: 0 | J80: 0 | K80: 0 | L80: 0 | M80: 0 | N80: 0 | O80: =SUM(C80:N80) -> 0
A81: 7 | B81: JOMBANG | C81: 0 | D81: 0 | E81: 0 | F81: 0 | G81: 0 | H81: 0 | I81: 0 | J81: 0 | K81: 0 | L81: 0 | M81: 0 | N81: 0 | O81: =SUM(C81:N81) -> 0
A82: 8 | B82: CIBEBER | C82: 0 | D82: 0 | E82: 0 | F82: 0 | G82: 0 | H82: 0 | I82: 0 | J82: 0 | K82: 0 | L82: 0 | M82: 0 | N82: 0 | O82: =SUM(C82:N82) -> 0
A83: JUMLAH | C83: =SUM(C75:C82) -> 0 | D83: =SUM(D75:D82) -> 0 | E83: =SUM(E75:E82) -> 46 | F83: =SUM(F75:F82) -> 30 | G83: =SUM(G75:G82) -> 0 | H83: =SUM(H75:H82) -> 0 | I83: =SUM(I75:I82) -> 0 | J83: =SUM(J75:J82) -> 0 | ... O83: =SUM(O75:O82) -> 76
A101: DATA PRODUKTIVITAS PADI (DARAT) PER BULAN
A102: KOTA CILEGON TAHUN 2015
O104: (Ku/Ha)
A105: No | B105: Kecamatan | C105: Bulan | O105: Jumlah
C106: Jan | D106: Feb | E106: Maret | F106: Apr | G106: Mei | H106: Juni | I106: Juli | J106: Agst | K106: Sept | L106: Okt | M106: Nov | N106: Des
A107: 1 | B107: 2 | C107: 3 | D107: 4 | E107: 5 | F107: 6 | G107: 7 | H107: 8 | I107: 9 | J107: 10 | K107: 11 | L107: 12 | M107: 13 | N107: 14 | O107: 15
A108: 1 | B108: CIWANDAN | C108: 0 | D108: 0 | E108: 0 | F108: 0 | G108: 0 | H108: 0 | I108: 0 | J108: 0 | K108: 0 | L108: 0 | M108: 0 | N108: 0 | O108: =SUM(C108:N108) -> 0
A109: 2 | B109: CITANGKIL | C109: 0 | D109: 0 | E109: 0 | F109: 0 | G109: 0 | H109: 0 | I109: 0 | J109: 0 | K109: 0 | L109: 0 | M109: 0 | N109: 0 | O109: =SUM(C109:N109) -> 0
A110: 3 | B110: PULOMERAK | C110: 0 | D110: 0 | E110: 30.96 | F110: 30.15 | G110: 0 | H110: 0 | I110: 0 | J110: 0 | K110: 0 | L110: 0 | M110: 0 | N110: 0 | O110: =O77/O44*10 -> 30.4
A111: 4 | B111: PURWAKARTA | C111: 0 | D111: 0 | E111: 0 | F111: 0 | G111: 0 | H111: 0 | I111: 0 | J111: 0 | K111: 0 | L111: 0 | M111: 0 | N111: 0 | O111: =SUM(C111:N111) -> 0
A112: 5 | B112: GROGOL | C112: 0 | D112: 0 | E112: 0 | F112: 0 | G112: 0 | H112: 0 | I112: 0 | J112: 0 | K112: 0 | L112: 0 | M112: 0 | N112: 0 | O112: =SUM(C112:N112) -> 0
A113: 6 | B113: CILEGON | C113: 0 | D113: 0 | E113: 0 | F113: 0 | G113: 0 | H113: 0 | I113: 0 | J113: 0 | K113: 0 | L113: 0 | M113: 0 | N113: 0 | O113: =SUM(C113:N113) -> 0
A114: 7 | B114: JOMBANG | C114: 0 | D114: 0 | E114: 0 | F114: 0 | G114: 0 | H114: 0 | I114: 0 | J114: 0 | K114: 0 | L114: 0 | M114: 0 | N114: 0 | O114: =SUM(C114:N114) -> 0
A115: 8 | B115: CIBEBER | C115: 0 | D115: 0 | E115: 0 | F115: 0 | G115: 0 | H115: 0 | I115: 0 | J115: 0 | K115: 0 | L115: 0 | M115: 0 | N115: 0 | O115: =SUM(C115:N115) -> 0
A116: JUMLAH | C116: =SUM(C108:C115) -> 0 | D116: =SUM(D108:D115) -> 0 | E116: =SUM(E108:E115) -> 30.96 | F116: =SUM(F108:F115) -> 30.15 | G116: =SUM(G108:G115) -> 0 | H116: =SUM(H108:H115) -> 0 | I116: =SUM(I108:I115) -> 0 | J116: =SUM(J108:J115) -> 0 | ... O116: =SUM(O108:O115) -> 30.4
M119: Cilegon, Desember 2015
M120: Kepala Dinas Pertanian dan Kelautan
M121: Kota Cilegon
M125: H. ANDI AFFANDI, S.Sos
M126: NIP. 19681006 198803 1 001

Sheet jagung
A2: DATA LUAS TANAM JAGUNG PER BULAN
A3: KOTA CILEGON TAHUN 2015
O5: (Ha)
A6: No | B6: Kecamatan | C6: Bulan | O6: Jumlah
C7: Jan | D7: Feb | E7: Maret | F7: Apr | G7: Mei | H7: Juni | I7: Juli | J7: Agst | K7: Sept | L7: Okt | M7: Nov | N7: Des
A8: 1 | B8: 2 | C8: 3 | D8: 4 | E8: 5 | F8: 6 | G8: 7 | H8: 8 | I8: 9 | J8: 10 | K8: 11 | L8: 12 | M8: 13 | N8: 14 | O8: 15 | Q8: ok-nop
A9: 1 | B9: CIWANDAN | C9: 0 | D9: 0 | E9: 0 | F9: 0 | G9: 0 | H9: 0 | I9: 0 | J9: 0 | K9: 0 | L9: 0 | M9: 0 | N9: 0 | O9: =SUM(C9:N9) -> 0 | Q9: =SUM(L9:M9) -> 0
A10: 2 | B10: CITANGKIL | C10: 0 | D10: 0 | E10: 1 | F10: 0 | G10: 0 | H10: 1 | I10: 0 | J10: 0 | K10: 0 | L10: 0 | M10: 0 | N10: 1 | O10: =SUM(C10:N10) -> 3 | Q10: =SUM(L10:M10) -> 0
A11: 3 | B11: PULOMERAK | C11: 2 | D11: 3 | E11: 0 | F11: 0 | G11: 2 | H11: 0 | I11: 0 | J11: 0 | K11: 0 | L11: 0 | M11: 2 | N11: 2 | O11: =SUM(C11:N11) -> 11 | Q11: =SUM(L11:M11) -> 2
A12: 4 | B12: PURWAKARTA | C12: 0 | D12: 0 | E12: 1 | F12: 1 | G12: 1 | H12: 2 | I12: 0 | J12: 0 | K12: 0 | L12: 0 | M12: 0 | N12: 0 | O12: =SUM(C12:N12) -> 5 | Q12: =SUM(L12:M12) -> 0
A13: 5 | B13: GROGOL | C13: 0 | D13: 0 | E13: 0 | F13: 0 | G13: 2 | H13: 0 | I13: 0 | J13: 0 | K13: 0 | L13: 1 | M13: 0 | N13: 0 | O13: =SUM(C13:N13) -> 3 | Q13: =SUM(L13:M13) -> 1
A14: 6 | B14: CILEGON | C14: 0 | D14: 0 | E14: 0 | F14: 0 | G14: 0 | H14: 0 | I14: 0 | J14: 0 | K14: 0 | L14: 0 | M14: 0 | N14: 0 | O14: =SUM(C14:N14) -> 0 | Q14: =SUM(L14:M14) -> 0
A15: 7 | B15: JOMBANG | C15: 0 | D15: 0 | E15: 0 | F15: 0 | G15: 0 | H15: 0 | I15: 0 | J15: 0 | K15: 0 | L15: 0 | M15: 0 | N15: 0 | O15: =SUM(C15:N15) -> 0 | Q15: =SUM(L15:M15) -> 0
A16: 8 | B16: CIBEBER | C16: 0 | D16: 1 | E16: 0 | F16: 1 | G16: 0 | H16: 0 | I16: 0 | J16: 0 | K16: 0 | L16: 0 | M16: 0 | N16: 3 | O16: =SUM(C16:N16) -> 5 | Q16: =SUM(L16:M16) -> 0
A17: JUMLAH | C17: =SUM(C9:C16) -> 2 | D17: =SUM(D9:D16) -> 4 | E17: =SUM(E9:E16) -> 2 | F17: =SUM(F9:F16) -> 2 | G17: =SUM(G9:G16) -> 5 | H17: =SUM(H9:H16) -> 3 | I17: =SUM(I9:I16) -> 0 | J17: =SUM(J9:J16) -> 0 | ... O17: =SUM(O9:O16) -> 27
A35: DATA LUAS PANEN JAGUNG PER BULAN
A36: KOTA CILEGON TAHUN 2015
O38: (Ha)
A39: No | B39: Kecamatan | C39: Bulan | O39: Jumlah
C40: Jan | D40: Feb | E40: Maret | F40: Apr | G40: Mei | H40: Juni | I40: Juli | J40: Agst | K40: Sept | L40: Okt | M40: Nov | N40: Des
A41: 1 | B41: 2 | C41: 3 | D41: 4 | E41: 5 | F41: 6 | G41: 7 | H41: 8 | I41: 9 | J41: 10 | K41: 11 | L41: 12 | M41: 13 | N41: 14 | O41: 15
A42: 1 | B42: CIWANDAN | C42: 0 | D42: 5* | E42: 0 | F42: 0 | G42: 0 | H42: 0 | I42: 0 | J42: 0 | K42: 0 | L42: 0 | M42: 0 | N42: 0 | O42: =SUM(C42:N42) -> 0 | Q42: 5 | R42: *
A43: 2 | B43: CITANGKIL | C43: 0 | D43: 0 | E43: 0 | F43: 0 | G43: 0 | H43: 1* | I43: 0 | J43: 1* | K43: 0 | L43: 0 | M43: 0 | N43: 0 | O43: =SUM(C43:N43) -> 0 | Q43: 2 | R43: *
A44: 3 | B44: PULOMERAK | C44: 0 | D44: 0 | E44: 4 | F44: 3 | G44: 0 | H44: 0 | I44: 0 | J44: 2 | K44: 0 | L44: 0 | M44: 0 | N44: 0 | O44: =SUM(C44:N44) -> 9 | Q44: =SUM(C44:N44) -> 9
A45: 4 | B45: PURWAKARTA | C45: 0 | D45: 0 | E45: 0 | F45: 0 | G45: 1 | H45: 0 | I45: 0 | J45: 1 | K45: 2 | L45: 0 | M45: 0 | N45: 0 | O45: =SUM(C45:N45) -> 4 | Q45: =SUM(C45:N45) -> 4
A46: 5 | B46: GROGOL | C46: 0 | D46: 0 | E46: 0 | F46: 0 | G46: 0 | H46: 0 | I46: 0 | J46: 2 | K46: 0 | L46: 0 | M46: 0 | N46: 1 | O46: =SUM(C46:N46) -> 3 | Q46: =SUM(C46:N46) -> 3
A47: 6 | B47: CILEGON | C47: 0 | D47: 0 | E47: 0 | F47: 0 | G47: 0 | H47: 0 | I47: 0 | J47: 0 | K47: 0 | L47: 0 | M47: 0 | N47: 0 | O47: =SUM(C47:N47) -> 0 | Q47: =SUM(C47:N47) -> 0
A48: 7 | B48: JOMBANG | C48: 0 | D48: 0 | E48: 0 | F48: 0 | G48: 0 | H48: 0 | I48: 0 | J48: 0 | K48: 0 | L48: 0 | M48: 0 | N48: 0 | O48: =SUM(C48:N48) -> 0 | Q48: =SUM(C48:N48) -> 0
A49: 8 | B49: CIBEBER | C49: 1* | D49: 0 | E49: 0 | F49: 1 | G49: 0 | H49: 0 | I49: 1 | J49: 0 | K49: 0 | L49: 0 | M49: 0 | N49: 0 | O49: =SUM(C49:N49) -> 2 | Q49: 3 | R49: *
A50: JUMLAH | C50: 1 | D50: 5 | E50: =SUM(E42:E49) -> 4 | F50: =SUM(F42:F49) -> 4 | G50: =SUM(G42:G49) -> 1 | H50: 1 | I50: =SUM(I42:I49) -> 1 | J50: 6 | K50: =SUM(K42:K49) -> 2 | L50: =SUM(L42:L49) -> 0 | M50: =SUM(M42:M49) -> 0 | N50: =SUM(N42:N49) -> 1 | O50: =SUM(O42:O49) -> 18 | Q50: =SUM(Q42:Q49) -> 26
A52: Ket : * : Panen Muda
A68: DATA PRODUKSI JAGUNG PER BULAN
A69: KOTA CILEGON TAHUN 2015
O71: (Ton)
A72: No | B72: Kecamatan | C72: Bulan | O72: Jumlah
C73: Jan | D73: Feb | E73: Maret | F73: Apr | G73: Mei | H73: Juni | I73: Juli | J73: Agst | K73: Sept | L73: Okt | M73: Nov | N73: Des
A74: 1 | B74: 2 | C74: 3 | D74: 4 | E74: 5 | F74: 6 | G74: 7 | H74: 8 | I74: 9 | J74: 10 | K74: 11 | L74: 12 | M74: 13 | N74: 14 | O74: 15
A75: 1 | B75: CIWANDAN | C75: 0 | D75: 0 | E75: 0 | F75: 0 | G75: 0 | H75: 0 | I75: 0 | J75: 0 | K75: 0 | L75: 0 | M75: 0 | N75: 0 | O75: =SUM(C75:N75) -> 0
A76: 2 | B76: CITANGKIL | C76: 0 | D76: 0 | E76: 0 | F76: 0 | G76: 0 | H76: 0 | I76: 0 | J76: 0 | K76: 0 | L76: 0 | M76: 0 | N76: 0 | O76: =SUM(C76:N76) -> 0
A77: 3 | B77: PULOMERAK | C77: 0 | D77: 0 | E77: 11 | F77: 9 | G77: 0 | H77: 0 | I77: 0 | J77: 5 | K77: 0 | L77: 0 | M77: 0 | N77: 0 | O77: =SUM(C77:N77) -> 25
A78: 4 | B78: PURWAKARTA | C78: 0 | D78: 0 | E78: 0 | F78: 0 | G78: 2 | H78: 0 | I78: 0 | J78: 2 | K78: 5 | L78: 0 | M78: 0 | N78: 0 | O78: =SUM(C78:N78) -> 9
A79: 5 | B79: GROGOL | C79: 0 | D79: 0 | E79: 0 | F79: 0 | G79: 0 | H79: 0 | I79: 0 | J79: 5 | K79: 0 | L79: 0 | M79: 0 | N79: 2 | O79: =SUM(C79:N79) -> 7
A80: 6 | B80: CILEGON | C80: 0 | D80: 0 | E80: 0 | F80: 0 | G80: 0 | H80: 0 | I80: 0 | J80: 0 | K80: 0 | L80: 0 | M80: 0 | N80: 0 | O80: =SUM(C80:N80) -> 0
A81: 7 | B81: JOMBANG | C81: 0 | D81: 0 | E81: 0 | F81: 0 | G81: 0 | H81: 0 | I81: 0 | J81: 0 | K81: 0 | L81: 0 | M81: 0 | N81: 0 | O81: =SUM(C81:N81) -> 0
A82: 8 | B82: CIBEBER | C82: 0 | D82: 0 | E82: 0 | F82: 3 | G82: 0 | H82: 0 | I82: 3 | J82: 0 | K82: 0 | L82: 0 | M82: 0 | N82: 0 | O82: =SUM(C82:N82) -> 6
A83: JUMLAH | C83: =SUM(C75:C82) -> 0 | D83: =SUM(D75:D82) -> 0 | E83: =SUM(E75:E82) -> 11 | F83: =SUM(F75:F82) -> 12 | G83: =SUM(G75:G82) -> 2 | H83: =SUM(H75:H82) -> 0 | I83: =SUM(I75:I82) -> 3 | J83: =SUM(J75:J82) -> 12 | ... O83: =SUM(O75:O82) -> 47
A101: DATA PRODUKTIVITAS JAGUNG PER BULAN
A102: KOTA CILEGON TAHUN 2015
O104: (Ku/Ha)
A105: No | B105: Kecamatan | C105: Bulan | O105: Jumlah
C106: Jan | D106: Feb | E106: Maret | F106: Apr | G106: Mei | H106: Juni | I106: Juli | J106: Agst | K106: Sept | L106: Okt | M106: Nov | N106: Des
A107: 1 | B107: 2 | C107: 3 | D107: 4 | E107: 5 | F107: 6 | G107: 7 | H107: 8 | I107: 9 | J107: 10 | K107: 11 | L107: 12 | M107: 13 | N107: 14 | O107: 15
A108: 1 | B108: CIWANDAN | C108: 0 | D108: 0 | E108: 0 | F108: 0 | G108: 0 | H108: 0 | I108: 0 | J108: 0 | K108: 0 | L108: 0 | M108: 0 | N108: 0 | O108: 0
A109: 2 | B109: CITANGKIL | C109: 0 | D109: 0 | E109: 0 | F109: 0 | G109: 0 | H109: 0 | I109: 0 | J109: 0 | K109: 0 | L109: 0 | M109: 0 | N109: 0 | O109: 0
A110: 3 | B110: PULOMERAK | C110: 0 | D110: 0 | E110: 27.01 | F110: 30.55 | G110: 0 | H110: 0 | I110: 0 | J110: 25.5 | K110: 0 | L110: 0 | M110: 0 | N110: 0 | O110: =O77/O44*10 -> 27.777778
A111: 4 | B111: PURWAKARTA | C111: 0 | D111: 0 | E111: 0 | F111: 0 | G111: 23.2 | H111: 0 | I111: 0 | J111: 24.6 | K111: 23.66 | L111: 0 | M111: 0 | N111: 0 | O111: =O78/O45*10 -> 22.5
A112: 5 | B112: GROGOL | C112: 0 | D112: 0 | E112: 0 | F112: 0 | G112: 0 | H112: 0 | I112: 0 | J112: 25.04 | K112: 0 | L112: 0 | M112: 0 | N112: 22.68 | O112: =O79/O46*10 -> 23.333333
A113: 6 | B113: CILEGON | C113: 0 | D113: 0 | E113: 0 | F113: 0 | G113: 0 | H113: 0 | I113: 0 | J113: 0 | K113: 0 | L113: 0 | M113: 0 | N113: 0 | O113: 0
A114: 7 | B114: JOMBANG | C114: 0 | D114: 0 | E114: 0 | F114: 0 | G114: 0 | H114: 0 | I114: 0 | J114: 0 | K114: 0 | L114: 0 | M114: 0 | N114: 0 | O114: 0
A115: 8 | B115: CIBEBER | C115: 0 | D115: 0 | E115: 0 | F115: 30.25 | G115: 0 | H115: 0 | I115: 30.25 | J115: 0 | K115: 0 | L115: 0 | M115: 0 | N115: 0 | O115: =O82/O49*10 -> 30
A116: JUMLAH | C116: 0 | D116: 0 | E116: =SUM(E108:E115) -> 27.01 | F116: =F83/F50*10 -> 30 | G116: =SUM(G108:G115) -> 23.2 | H116: =SUM(H108:H115)/2 -> 0 | I116: 30.25 | J116: =J83/J50*10 -> 20 | K116: 23.66 | L116: 0 | M116: 0 | N116: =SUM(N108:N115) -> 22.68 | O116: =O83/O50*10 -> 26.111111
M119: Cilegon, Desember 2015
M120: Kepala Dinas Pertanian dan Kelautan
M121: Kota Cilegon
M125: H. ANDI AFFANDI, S.Sos
M126: NIP. 19681006 198803 1 001

Sheet kedelai
A2: DATA LUAS TANAM KEDELAI PER BULAN
A3: KOTA CILEGON TAHUN 2015
O5: (Ha)
A6: No | B6: Kecamatan | C6: Bulan | O6: Jumlah
C7: Jan | D7: Feb | E7: Maret | F7: Apr | G7: Mei | H7: Juni | I7: Juli | J7: Agst | K7: Sept | L7: Okt | M7: Nov | N7: Des
A8: 1 | B8: 2 | C8: 3 | D8: 4 | E8: 5 | F8: 6 | G8: 7 | H8: 8 | I8: 9 | J8: 10 | K8: 11 | L8: 12 | M8: 13 | N8: 14 | O8: 15 | Q8: ok-nop
A9: 1 | B9: CIWANDAN | C9: 0 | D9: 0 | E9: 0 | F9: 0 | G9: 0 | H9: 0 | I9: 0 | J9: 0 | K9: 0 | L9: 0 | M9: 0 | N9: 0 | O9: =SUM(C9:N9) -> 0 | Q9: =SUM(L9:M9) -> 0
A10: 2 | B10: CITANGKIL | C10: 0 | D10: 0 | E10: 0 | F10: 0 | G10: 0 | H10: 0 | I10: 0 | J10: 0 | K10: 0 | L10: 1 | M10: 5 | N10: 5 | O10: =SUM(C10:N10) -> 11 | Q10: =SUM(L10:M10) -> 6
A11: 3 | B11: PULOMERAK | C11: 0 | D11: 0 | E11: 0 | F11: 0 | G11: 0 | H11: 0 | I11: 0 | J11: 0 | K11: 0 | L11: 0 | M11: 0 | N11: 25 | O11: =SUM(C11:N11) -> 25 | Q11: =SUM(L11:M11) -> 0
A12: 4 | B12: PURWAKARTA | C12: 0 | D12: 0 | E12: 0 | F12: 0 | G12: 0 | H12: 0 | I12: 0 | J12: 0 | K12: 0 | L12: 0 | M12: 0 | N12: 0 | O12: =SUM(C12:N12) -> 0 | Q12: =SUM(L12:M12) -> 0
A13: 5 | B13: GROGOL | C13: 0 | D13: 5 | E13: 5 | F13: 0 | G13: 0 | H13: 0 | I13: 0 | J13: 0 | K13: 2 | L13: 2 | M13: 2 | N13: 4 | O13: =SUM(C13:N13) -> 20 | Q13: =SUM(L13:M13) -> 4
A14: 6 | B14: CILEGON | C14: 0 | D14: 0 | E14: 0 | F14: 0 | G14: 0 | H14: 0 | I14: 0 | J14: 0 | K14: 0 | L14: 0 | M14: 0 | N14: 0 | O14: =SUM(C14:N14) -> 0 | Q14: =SUM(L14:M14) -> 0
A15: 7 | B15: JOMBANG | C15: 0 | D15: 0 | E15: 0 | F15: 0 | G15: 0 | H15: 0 | I15: 0 | J15: 0 | K15: 0 | L15: 0 | M15: 0 | N15: 0 | O15: =SUM(C15:N15) -> 0 | Q15: =SUM(L15:M15) -> 0
A16: 8 | B16: CIBEBER | C16: 0 | D16: 0 | E16: 0 | F16: 0 | G16: 0 | H16: 0 | I16: 0 | J16: 0 | K16: 0 | L16: 0 | M16: 0 | N16: 2 | O16: =SUM(C16:N16) -> 2 | Q16: =SUM(L16:M16) -> 0
A17: JUMLAH | C17: =SUM(C9:C16) -> 0 | D17: =SUM(D9:D16) -> 5 | E17: =SUM(E9:E16) -> 5 | F17: =SUM(F9:F16) -> 0 | G17: =SUM(G9:G16) -> 0 | H17: =SUM(H9:H16) -> 0 | I17: =SUM(I9:I16) -> 0 | J17: =SUM(J9:J16) -> 0 | ... O17: =SUM(O9:O16) -> 58
A35: DATA LUAS PANEN KEDELAI PER BULAN
A36: KOTA CILEGON TAHUN 2015
O38: (Ha)
A39: No | B39: Kecamatan | C39: Bulan | O39: Jumlah
C40: Jan | D40: Feb | E40: Maret | F40: Apr | G40: Mei | H40: Juni | I40: Juli | J40: Agst | K40: Sept | L40: Okt | M40: Nov | N40: Des
A41: 1 | B41: 2 | C41: 3 | D41: 4 | E41: 5 | F41: 6 | G41: 7 | H41: 8 | I41: 9 | J41: 10 | K41: 11 | L41: 12 | M41: 13 | N41: 14 | O41: 15
A42: 1 | B42: CIWANDAN | C42: 0 | D42: 0 | E42: 0 | F42: 0 | G42: 0 | H42: 0 | I42: 0 | J42: 0 | K42: 0 | L42: 0 | M42: 0 | N42: 0 | O42: =SUM(C42:N42) -> 0 | Q42: =SUM(C42:E42) -> 0
A43: 2 | B43: CITANGKIL | C43: 0 | D43: 0 | E43: 0 | F43: 0 | G43: 0 | H43: 0 | I43: 0 | J43: 0 | K43: 0 | L43: 0 | M43: 0 | N43: 0 | O43: =SUM(C43:N43) -> 0 | Q43: =SUM(C43:E43) -> 0
A44: 3 | B44: PULOMERAK | C44: 10 | D44: 0 | E44: 0 | F44: 0 | G44: 0 | H44: 0 | I44: 0 | J44: 0 | K44: 0 | L44: 0 | M44: 0 | N44: 0 | O44: =SUM(C44:N44) -> 10 | Q44: =SUM(C44:E44) -> 10
A45: 4 | B45: PURWAKARTA | C45: 0 | D45: 0 | E45: 0 | F45: 0 | G45: 0 | H45: 0 | I45: 0 | J45: 0 | K45: 0 | L45: 0 | M45: 0 | N45: 0 | O45: =SUM(C45:N45) -> 0 | Q45: =SUM(C45:E45) -> 0
A46: 5 | B46: GROGOL | C46: 0 | D46: 0 | E46: 0 | F46: 0 | G46: 10 | H46: 0 | I46: 0 | J46: 0 | K46: 0 | L46: 0 | M46: 0 | N46: 6 | O46: =SUM(C46:N46) -> 16 | Q46: =SUM(C46:E46) -> 0
A47: 6 | B47: CILEGON | C47: 0 | D47: 0 | E47: 0 | F47: 0 | G47: 0 | H47: 0 | I47: 0 | J47: 0 | K47: 0 | L47: 0 | M47: 0 | N47: 0 | O47: =SUM(C47:N47) -> 0 | Q47: =SUM(C47:E47) -> 0
A48: 7 | B48: JOMBANG | C48: 0 | D48: 0 | E48: 0 | F48: 0 | G48: 0 | H48: 0 | I48: 0 | J48: 0 | K48: 0 | L48: 0 | M48: 0 | N48: 0 | O48: =SUM(C48:N48) -> 0 | Q48: =SUM(C48:E48) -> 0
A49: 8 | B49: CIBEBER | C49: 15 | D49: 0 | E49: 0 | F49: 0 | G49: 0 | H49: 0 | I49: 0 | J49: 0 | K49: 0 | L49: 0 | M49: 0 | N49: 0 | O49: =SUM(C49:N49) -> 15 | P49: 15 | Q49: =SUM(C49:E49) -> 15
A50: JUMLAH | C50: 25 | D50: =SUM(D42:D49) -> 0 | E50: =SUM(E42:E49) -> 0 | F50: =SUM(F42:F49) -> 0 | G50: =SUM(G42:G49) -> 10 | H50: =SUM(H42:H49) -> 0 | I50: =SUM(I42:I49) -> 0 | J50: =SUM(J42:J49) -> 0 | K50: =SUM(K42:K49) -> 0 | ... P50: =SUM(P42:P49) -> 15
A51: Catatan : Cibeber panen muda 5 Ha
A68: DATA PRODUKSI KEDELAI PER BULAN
A69: KOTA CILEGON TAHUN 2015
O71: (Ton)
A72: No | B72: Kecamatan | C72: Bulan | O72: Jumlah
C73: Jan | D73: Feb | E73: Maret | F73: Apr | G73: Mei | H73: Juni | I73: Juli | J73: Agst | K73: Sept | L73: Okt | M73: Nov | N73: Des
A74: 1 | B74: 2 | C74: 3 | D74: 4 | E74: 5 | F74: 6 | G74: 7 | H74: 8 | I74: 9 | J74: 10 | K74: 11 | L74: 12 | M74: 13 | N74: 14 | O74: 15
A75: 1 | B75: CIWANDAN | C75: 0 | D75: 0 | E75: 0 | F75: 0 | G75: 0 | H75: 0 | I75: 0 | J75: 0 | K75: 0 | L75: 0 | M75: 0 | N75: 0 | O75: =SUM(C75:N75) -> 0 | Q75: =SUM(C75:E75) -> 0
A76: 2 | B76: CITANGKIL | C76: 0 | D76: 0 | E76: 0 | F76: 0 | G76: 0 | H76: 0 | I76: 0 | J76: 0 | K76: 0 | L76: 0 | M76: 0 | N76: 0 | O76: =SUM(C76:N76) -> 0 | Q76: =SUM(C76:E76) -> 0
A77: 3 | B77: PULOMERAK | C77: 9 | D77: 0 | E77: 0 | F77: 0 | G77: 0 | H77: 0 | I77: 0 | J77: 0 | K77: 0 | L77: 0 | M77: 0 | N77: 0 | O77: =SUM(C77:N77) -> 9 | Q77: =SUM(C77:E77) -> 9
A78: 4 | B78: PURWAKARTA | C78: 0 | D78: 0 | E78: 0 | F78: 0 | G78: 0 | H78: 0 | I78: 0 | J78: 0 | K78: 0 | L78: 0 | M78: 0 | N78: 0 | O78: =SUM(C78:N78) -> 0 | Q78: =SUM(C78:E78) -> 0
A79: 5 | B79: GROGOL | C79: 0 | D79: 0 | E79: 0 | F79: 0 | G79: 10 | H79: 0 | I79: 0 | J79: 0 | K79: 0 | L79: 0 | M79: 0 | N79: 6 | O79: =SUM(C79:N79) -> 16 | Q79: =SUM(C79:E79) -> 0
A80: 6 | B80: CILEGON | C80: 0 | D80: 0 | E80: 0 | F80: 0 | G80: 0 | H80: 0 | I80: 0 | J80: 0 | K80: 0 | L80: 0 | M80: 0 | N80: 0 | O80: =SUM(C80:N80) -> 0 | Q80: =SUM(C80:E80) -> 0
A81: 7 | B81: JOMBANG | C81: 0 | D81: 0 | E81: 0 | F81: 0 | G81: 0 | H81: 0 | I81: 0 | J81: 0 | K81: 0 | L81: 0 | M81: 0 | N81: 0 | O81: =SUM(C81:N81) -> 0 | Q81: =SUM(C81:E81) -> 0
A82: 8 | B82: CIBEBER | C82: 13 | D82: 0 | E82: 0 | F82: 0 | G82: 0 | H82: 0 | I82: 0 | J82: 0 | K82: 0 | L82: 0 | M82: 0 | N82: 0 | O82: =SUM(C82:N82) -> 13 | Q82: =SUM(C82:E82) -> 13
A83: JUMLAH | C83: =SUM(C75:C82) -> 22 | D83: =SUM(D75:D82) -> 0 | E83: =SUM(E75:E82) -> 0 | F83: =SUM(F75:F82) -> 0 | G83: =SUM(G75:G82) -> 10 | H83: =SUM(H75:H82) -> 0 | I83: =SUM(I75:I82) -> 0 | J83: =SUM(J75:J82) -> 0 | ... O83: =SUM(O75:O82) -> 38
A101: DATA PRODUKTIVITAS KEDELAI PER BULAN
A102: KOTA CILEGON TAHUN 2015
O104: (Ku/Ha)
A105: No | B105: Kecamatan | C105: Bulan | O105: Jumlah
C106: Jan | D106: Feb | E106: Maret | F106: Apr | G106: Mei | H106: Juni | I106: Juli | J106: Agst | K106: Sept | L106: Okt | M106: Nov | N106: Des
A107: 1 | B107: 2 | C107: 3 | D107: 4 | E107: 5 | F107: 6 | G107: 7 | H107: 8 | I107: 9 | J107: 10 | K107: 11 | L107: 12 | M107: 13 | N107: 14 | O107: 15
A108: 1 | B108: CIWANDAN | C108: 0 | D108: 0 | E108: 0 | F108: 0 | G108: 0 | H108: 0 | I108: 0 | J108: 0 | K108: 0 | L108: 0 | M108: 0 | N108: 0 | O108: 0
A109: 2 | B109: CITANGKIL | C109: 0 | D109: 0 | E109: 0 | F109: 0 | G109: 0 | H109: 0 | I109: 0 | J109: 0 | K109: 0 | L109: 0 | M109: 0 | N109: 0 | O109: 0
A110: 3 | B110: PULOMERAK | C110: 9.11 | D110: 0 | E110: 0 | F110: 0 | G110: 0 | H110: 0 | I110: 0 | J110: 0 | K110: 0 | L110: 0 | M110: 0 | N110: 0 | O110: =O77/O44*10 -> 9
A111: 4 | B111: PURWAKARTA | C111: 0 | D111: 0 | E111: 0 | F111: 0 | G111: 0 | H111: 0 | I111: 0 | J111: 0 | K111: 0 | L111: 0 | M111: 0 | N111: 0 | O111: 0
A112: 5 | B112: GROGOL | C112: 0 | D112: 0 | E112: 0 | F112: 0 | G112: 10 | H112: 0 | I112: 0 | J112: 0 | K112: 0 | L112: 0 | M112: 0 | N112: 10 | O112: =O79/O46*10 -> 10
A113: 6 | B113: CILEGON | C113: 0 | D113: 0 | E113: 0 | F113: 0 | G113: 0 | H113: 0 | I113: 0 | J113: 0 | K113: 0 | L113: 0 | M113: 0 | N113: 0 | O113: 0
A114: 7 | B114: JOMBANG | C114: 0 | D114: 0 | E114: 0 | F114: 0 | G114: 0 | H114: 0 | I114: 0 | J114: 0 | K114: 0 | L114: 0 | M114: 0 | N114: 0 | O114: 0
A115: 8 | B115: CIBEBER | C115: 9 | D115: 0 | E115: 0 | F115: 0 | G115: 0 | H115: 0 | I115: 0 | J115: 0 | K115: 0 | L115: 0 | M115: 0 | N115: 0 | O115: =O82/O49*10 -> 8.6666667
A116: JUMLAH | C116: =SUM(C108:C115)/2 -> 9.055 | D116: 0 | E116: 0 | F116: 0 | G116: =SUM(G108:G115) -> 10 | H116: 0 | I116: 0 | J116: 0 | K116: 0 | L116: 0 | M116: 0 | N116: =N83/N50*10 -> 10 | O116: =O83/O50*10 -> 9.2682927
M119: Cilegon, Desember 2015
M120: Kepala Dinas Pertanian dan Kelautan
M121: Kota Cilegon
M125: H. ANDI AFFANDI, S.Sos
M126: NIP. 19681006 198803 1 001

Sheet kc tanah
A2: DATA LUAS TANAM KACANG TANAH PER BULAN
A3: KOTA CILEGON TAHUN 2015
O5: (Ha)
A6: No | B6: Kecamatan | C6: Bulan | O6: Jumlah
C7: Jan | D7: Feb | E7: Maret | F7: Apr | G7: Mei | H7: Juni | I7: Juli | J7: Agst | K7: Sept | L7: Okt | M7: Nov | N7: Des
A8: 1 | B8: 2 | C8: 3 | D8: 4 | E8: 5 | F8: 6 | G8: 7 | H8: 8 | I8: 9 | J8: 10 | K8: 11 | L8: 12 | M8: 13 | N8: 14 | O8: 15
A9: 1 | B9: CIWANDAN | C9: 35 | D9: 0 | E9: 82 | F9: 0 | G9: 0 | H9: 0 | I9: 0 | J9: 0 | K9: 0 | L9: 0 | M9: 0 | N9: 185 | O9: =SUM(C9:N9) -> 302 | Q9: =SUM(F9:K9) -> 0
A10: 2 | B10: CITANGKIL | C10: 131 | D10: 0 | E10: 1 | F10: 15 | G10: 10 | H10: 0 | I10: 0 | J10: 0 | K10: 0 | L10: 1 | M10: 3 | N10: 57 | O10: =SUM(C10:N10) -> 218 | Q10: =SUM(F10:K10) -> 25
A11: 3 | B11: PULOMERAK | C11: 0 | D11: 0 | E11: 257 | F11: 57 | G11: 0 | H11: 0 | I11: 0 | J11: 0 | K11: 0 | L11: 0 | M11: 0 | N11: 275 | O11: =SUM(C11:N11) -> 589 | Q11: =SUM(F11:K11) -> 57
A12: 4 | B12: PURWAKARTA | C12: 0 | D12: 0 | E12: 23 | F12: 16 | G12: 3 | H12: 12 | I12: 0 | J12: 0 | K12: 3 | L12: 0 | M12: 5 | N12: 141 | O12: =SUM(C12:N12) -> 203 | Q12: =SUM(F12:K12) -> 34
A13: 5 | B13: GROGOL | C13: 0 | D13: 0 | E13: 175 | F13: 68 | G13: 0 | H13: 0 | I13: 0 | J13: 0 | K13: 0 | L13: 0 | M13: 0 | N13: 102 | O13: =SUM(C13:N13) -> 345 | Q13: =SUM(F13:K13) -> 68
A14: 6 | B14: CILEGON | C14: 0 | D14: 0 | E14: 38 | F14: 30 | G14: 0 | H14: 0 | I14: 0 | J14: 0 | K14: 0 | L14: 0 | M14: 15 | N14: 50 | O14: =SUM(C14:N14) -> 133 | Q14: =SUM(F14:K14) -> 30
A15: 7 | B15: JOMBANG | C15: 1 | D15: 0 | E15: 0 | F15: 0 | G15: 0 | H15: 1 | I15: 1 | J15: 0 | K15: 0 | L15: 0 | M15: 0 | N15: 0 | O15: =SUM(C15:N15) -> 3 | Q15: =SUM(F15:K15) -> 2
A16: 8 | B16: CIBEBER | C16: 0 | D16: 0 | E16: 112 | F16: 275 | G16: 0 | H16: 0 | I16: 0 | J16: 75 | K16: 0 | L16: 0 | M16: 0 | N16: 332 | O16: =SUM(C16:N16) -> 794 | Q16: =SUM(F16:K16) -> 350
A17: JUMLAH | C17: =SUM(C9:C16) -> 167 | D17: =SUM(D9:D16) -> 0 | E17: =SUM(E9:E16) -> 688 | F17: =SUM(F9:F16) -> 461 | G17: =SUM(G9:G16) -> 13 | H17: =SUM(H9:H16) -> 13 | I17: =SUM(I9:I16) -> 1 | J17: =SUM(J9:J16) -> 75 | ... O17: =SUM(O9:O16) -> 2587 | Q17: =SUM(F17:K17) -> 566
J19: =SUM(C17:J17) -> 1418
A35: DATA LUAS PANEN KACANG TANAH PER BULAN
A36: KOTA CILEGON TAHUN 2015
O38: (Ha)
A39: No | B39: Kecamatan | C39: Bulan | O39: Jumlah
C40: Jan | D40: Feb | E40: Maret | F40: Apr | G40: Mei | H40: Juni | I40: Juli | J40: Agst | K40: Sept | L40: Okt | M40: Nov | N40: Des
A41: 1 | B41: 2 | C41: 3 | D41: 4 | E41: 5 | F41: 6 | G41: 7 | H41: 8 | I41: 9 | J41: 10 | K41: 11 | L41: 12 | M41: 13 | N41: 14 | O41: 15
A42: 1 | B42: CIWANDAN | C42: 0 | D42: 37 | E42: 137 | F42: 0 | G42: 0 | H42: 82 | I42: 0 | J42: 0 | K42: 0 | L42: 0 | M42: 0 | N42: 0 | O42: =SUM(C42:N42) -> 256 | Q42: =SUM(F42:K42) -> 82
A43: 2 | B43: CITANGKIL | C43: 0 | D43: 3 | E43: 133 | F43: 51 | G43: 0 | H43: 1 | I43: 5 | J43: 19 | K43: 0 | L43: 0 | M43: 0 | N43: 0 | O43: =SUM(C43:N43) -> 212 | Q43: =SUM(F43:K43) -> 76
A44: 3 | B44: PULOMERAK | C44: 0 | D44: 85 | E44: 180 | F44: 0 | G44: 0 | H44: 257 | I44: 57 | J44: 0 | K44: 0 | L44: 0 | M44: 0 | N44: 0 | O44: =SUM(C44:N44) -> 579 | Q44: =SUM(F44:K44) -> 314
A45: 4 | B45: PURWAKARTA | C45: 0 | D45: 5 | E45: 234 | F45: 0 | G45: 0 | H45: 23 | I45: 16 | J45: 3 | K45: 12 | L45: 0 | M45: 0 | N45: 3 | O45: =SUM(C45:N45) -> 296 | Q45: =SUM(F45:K45) -> 54
A46: 5 | B46: GROGOL | C46: 0 | D46: 0 | E46: 260 | F46: 0 | G46: 0 | H46: 175 | I46: 0 | J46: 68 | K46: 0 | L46: 0 | M46: 0 | N46: 0 | O46: =SUM(C46:N46) -> 503 | Q46: =SUM(F46:K46) -> 243
A47: 6 | B47: CILEGON | C47: 0 | D47: 35 | E47: 41 | F47: 0 | G47: 0 | H47: 68 | I47: 0 | J47: 0 | K47: 0 | L47: 0 | M47: 0 | N47: 0 | O47: =SUM(C47:N47) -> 144 | Q47: =SUM(F47:K47) -> 68
A48: 7 | B48: JOMBANG | C48: 0 | D48: 1 | E48: 1 | F48: 0 | G48: 0 | H48: 0 | I48: 0 | J48: 0 | K48: 1 | L48: 1 | M48: 0 | N48: 0 | O48: =SUM(C48:N48) -> 4 | Q48: =SUM(F48:K48) -> 1
A49: 8 | B49: CIBEBER | C49: 0 | D49: 47 | E49: 187 | F49: 0 | G49: 0 | H49: 0 | I49: 112 | J49: 275 | K49: 0 | L49: 0 | M49: 75 | N49: 0 | O49: =SUM(C49:N49) -> 696 | Q49: =SUM(F49:K49) -> 387
A50: JUMLAH | C50: =SUM(C42:C49) -> 0 | D50: =SUM(D42:D49) -> 213 | E50: =SUM(E42:E49) -> 1173 | F50: =SUM(F42:F49) -> 51 | G50: =SUM(G42:G49) -> 0 | H50: =SUM(H42:H49) -> 606 | I50: =SUM(I42:I49) -> 190 | J50: =SUM(J42:J49) -> 365 | ... O50: =SUM(O42:O49) -> 2690 | Q50: =SUM(F50:K50) -> 1225
A68: DATA PRODUKSI KACANG TANAH PER BULAN
A69: KOTA CILEGON TAHUN 2015
O71: (Ton)
A72: No | B72: Kecamatan | C72: Bulan | O72: Jumlah
C73: Jan | D73: Feb | E73: Maret | F73: Apr | G73: Mei | H73: Juni | I73: Juli | J73: Agst | K73: Sept | L73: Okt | M73: Nov | N73: Des
A74: 1 | B74: 2 | C74: 3 | D74: 4 | E74: 5 | F74: 6 | G74: 7 | H74: 8 | I74: 9 | J74: 10 | K74: 11 | L74: 12 | M74: 13 | N74: 14 | O74: 15
A75: 1 | B75: CIWANDAN | C75: 0 | D75: 44 | E75: 139 | F75: 0 | G75: 0 | H75: 68 | I75: 0 | J75: 0 | K75: 0 | L75: 0 | M75: 0 | N75: 0 | O75: =SUM(C75:N75) -> 251 | Q75: =SUM(F75:K75) -> 68
A76: 2 | B76: CITANGKIL | C76: 0 | D76: 5 | E76: 202 | F76: 83 | G76: 0 | H76: 1 | I76: 4 | J76: 16 | K76: 0 | L76: 0 | M76: 0 | N76: 0 | O76: =SUM(C76:N76) -> 311 | Q76: =SUM(F76:K76) -> 104
A77: 3 | B77: PULOMERAK | C77: 0 | D77: 142 | E77: 252 | F77: 0 | G77: 0 | H77: 176 | I77: 39 | J77: 0 | K77: 0 | L77: 0 | M77: 0 | N77: 0 | O77: =SUM(C77:N77) -> 609 | Q77: =SUM(F77:K77) -> 215
A78: 4 | B78: PURWAKARTA | C78: 0 | D78: 8 | E78: 289 | F78: 0 | G78: 0 | H78: 19 | I78: 13 | J78: 2 | K78: 10 | L78: 0 | M78: 0 | N78: 4 | O78: =SUM(C78:N78) -> 345 | Q78: =SUM(F78:K78) -> 44
A79: 5 | B79: GROGOL | C79: 0 | D79: 0 | E79: 266 | F79: 0 | G79: 0 | H79: 175 | I79: 0 | J79: 58 | K79: 0 | L79: 0 | M79: 0 | N79: 0 | O79: =SUM(C79:N79) -> 499 | Q79: =SUM(F79:K79) -> 233
A80: 6 | B80: CILEGON | C80: 0 | D80: 45 | E80: 52 | F80: 0 | G80: 0 | H80: 61 | I80: 0 | J80: 0 | K80: 0 | L80: 0 | M80: 0 | N80: 0 | O80: =SUM(C80:N80) -> 158 | Q80: =SUM(F80:K80) -> 61
A81: 7 | B81: JOMBANG | C81: 0 | D81: 2 | E81: 1 | F81: 0 | G81: 0 | H81: 0 | I81: 0 | J81: 0 | K81: 1 | L81: 1 | M81: 0 | N81: 0 | O81: =SUM(C81:N81) -> 5 | Q81: =SUM(F81:K81) -> 1
A82: 8 | B82: CIBEBER | C82: 0 | D82: 79 | E82: 150 | F82: 0 | G82: 0 | H82: 0 | I82: 82 | J82: 223 | K82: 0 | L82: 0 | M82: 56 | N82: 0 | O82: =SUM(C82:N82) -> 590 | Q82: =SUM(F82:K82) -> 305
A83: JUMLAH | C83: =SUM(C75:C82) -> 0 | D83: =SUM(D75:D82) -> 325 | E83: =SUM(E75:E82) -> 1351 | F83: =SUM(F75:F82) -> 83 | G83: =SUM(G75:G82) -> 0 | H83: =SUM(H75:H82) -> 500 | I83: =SUM(I75:I82) -> 138 | J83: =SUM(J75:J82) -> 299 | ... O83: =SUM(O75:O82) -> 2768 | Q83: =SUM(F83:K83) -> 1031 | R83: =O83/0.32 -> 8650
C84: =SUM(C83:E83) -> 1676 | F84: =SUM(F83:H83) -> 583 | I84: =SUM(I83:K83) -> 448 | L84: =SUM(L83:N83) -> 61
R85: =R83/O50 -> 3.2156134
A101: DATA PRODUKTIVITAS KACANG TANAH PER BULAN
A102: KOTA CILEGON TAHUN 2015
O104: (Ku/Ha)
A105: No | B105: Kecamatan | C105: Bulan | O105: Jumlah
C106: Jan | D106: Feb | E106: Maret | F106: Apr | G106: Mei | H106: Juni | I106: Juli | J106: Agst | K106: Sept | L106: Okt | M106: Nov | N106: Des
A107: 1 | B107: 2 | C107: 3 | D107: 4 | E107: 5 | F107: 6 | G107: 7 | H107: 8 | I107: 9 | J107: 10 | K107: 11 | L107: 12 | M107: 13 | N107: 14 | O107: 15
A108: 1 | B108: CIWANDAN | C108: 0 | D108: 11.78 | E108: 10.15 | F108: 0 | G108: 0 | H108: 8.3 | I108: 0 | J108: 0 | K108: 0 | L108: 0 | M108: 0 | N108: 0 | O108: =O75/O42*10 -> 9.8046875
A109: 2 | B109: CITANGKIL | C109: 0 | D109: 16.67 | E109: 15.19 | F109: 16.27 | G109: 0 | H109: 10 | I109: 7.68 | J109: 8.52 | K109: 0 | L109: 0 | M109: 0 | N109: 0 | O109: =O76/O43*10 -> 14.669811
A110: 3 | B110: PULOMERAK | C110: 0 | D110: 16.71 | E110: 14 | F110: 0 | G110: 0 | H110: 0 | I110: 6.85 | J110: 0 | K110: 0 | L110: 0 | M110: 0 | N110: 0 | O110: =O77/O44*10 -> 10.518135
A111: 4 | B111: PURWAKARTA | C111: 0 | D111: 16.05 | E111: 12.37 | F111: 0 | G111: 0 | H111: 8.32 | I111: 8.22 | J111: 8.5 | K111: 8.71 | L111: 0 | M111: 0 | N111: 12 | O111: =O78/O45*10 -> 11.655405
A112: 5 | B112: GROGOL | C112: 0 | D112: 0 | E112: 10.24 | F112: 0 | G112: 0 | I112: 0 | J112: 8.5 | K112: 0 | L112: 0 | M112: 0 | N112: 0 | O112: =O79/O46*10 -> 9.9204771
A113: 6 | B113: CILEGON | C113: 0 | D113: 12.8 | E113: 12.8 | F113: 0 | G113: 0 | H113: 8.96 | I113: 0 | J113: 0 | K113: 0 | L113: 0 | M113: 0 | N113: 0 | O113: =O80/O47*10 -> 10.972222
A114: 7 | B114: JOMBANG | C114: 0 | D114: 16.38 | E114: 14 | F114: 0 | G114: 0 | H114: 0 | I114: 0 | J114: 0 | K114: 8.5 | L114: 8 | M114: 0 | N114: 0 | O114: =O81/O48*10 -> 12.5
A115: 8 | B115: CIBEBER | C115: 0 | D115: 16.81 | E115: 8 | F115: 0 | G115: 0 | H115: 0 | I115: 7.36 | J115: 8.1 | K115: 0 | L115: 0 | M115: 7.5 | N115: 0 | O115: =O82/O49*10 -> 8.4770115
A116: JUMLAH | C116: 0 | D116: =D83/D50*10 -> 15.258216 | E116: =E83/E50*10 -> 11.517477 | F116: =F83/F50*10 -> 16.27451 | G116: 0 | H116: =H83/H50*10 -> 8.2508251 | I116: =I83/I50*10 -> 7.2631579 | J116: =J83/J50*10 -> 8.1917808 | K116: =K83/K50*10 -> 8.4615385 | L116: 8 | M116: 7.5 | N116: =SUM(N108:N115) -> 12 | O116: =O83/O50*10 -> 10.289963 | Q116: =O116/0.32 -> 32.156134
M119: Cilegon, Desember 2015
M120: Kepala Dinas Pertanian dan Kelautan
M121: Kota Cilegon
M125: H. ANDI AFFANDI, S.Sos
M126: NIP. 19681006 198803 1 001

Sheet ubi kayu
A2: DATA LUAS TANAM UBI KAYU PER BULAN
A3: KOTA CILEGON TAHUN 2015
O5: (Ha)
A6: No | B6: Kecamatan | C6: Bulan | O6: Jumlah
C7: Jan | D7: Feb | E7: Maret | F7: Apr | G7: Mei | H7: Juni | I7: Juli | J7: Agst | K7: Sept | L7: Okt | M7: Nov | N7: Des
A8: 1 | B8: 2 | C8: 3 | D8: 4 | E8: 5 | F8: 6 | G8: 7 | H8: 8 | I8: 9 | J8: 10 | K8: 11 | L8: 12 | M8: 13 | N8: 14 | O8: 15 | Q8: APR-SEP
A9: 1 | B9: CIWANDAN | C9: 1 | D9: 0 | E9: 0 | F9: 0 | G9: 0 | H9: 0 | I9: 0 | J9: 0 | K9: 0 | L9: 0 | M9: 0 | N9: 1 | O9: =SUM(C9:N9) -> 2 | Q9: =SUM(F9:K9) -> 0
A10: 2 | B10: CITANGKIL | C10: 0 | D10: 0 | E10: 0 | F10: 0 | G10: 0 | H10: 0 | I10: 0 | J10: 0 | K10: 0 | L10: 0 | M10: 0 | N10: 0 | O10: =SUM(C10:N10) -> 0 | Q10: =SUM(F10:K10) -> 0
A11: 3 | B11: PULOMERAK | C11: 1 | D11: 0 | E11: 0 | F11: 0 | G11: 0 | H11: 0 | I11: 0 | J11: 0 | K11: 0 | L11: 0 | M11: 0 | N11: 3 | O11: =SUM(C11:N11) -> 4 | Q11: =SUM(F11:K11) -> 0
A12: 4 | B12: PURWAKARTA | C12: 0 | D12: 0 | E12: 1 | F12: 1 | G12: 1 | H12: 0 | I12: 0 | J12: 1 | K12: 0 | L12: 0 | M12: 0 | N12: 2 | O12: =SUM(C12:N12) -> 6 | Q12: =SUM(F12:K12) -> 3
A13: 5 | B13: GROGOL | C13: 0 | D13: 0 | E13: 0 | F13: 0 | G13: 0 | H13: 0 | I13: 0 | J13: 0 | K13: 0 | L13: 0 | M13: 0 | N13: 1 | O13: =SUM(C13:N13) -> 1 | Q13: =SUM(F13:K13) -> 0
A14: 6 | B14: CILEGON | C14: 2 | D14: 0 | E14: 0 | F14: 0 | G14: 2 | H14: 0 | I14: 0 | J14: 0 | K14: 0 | L14: 0 | M14: 0 | N14: 0 | O14: =SUM(C14:N14) -> 4 | Q14: =SUM(F14:K14) -> 2
A15: 7 | B15: JOMBANG | C15: 0 | D15: 0 | E15: 0 | F15: 0 | G15: 0 | H15: 0 | I15: 0 | J15: 0 | K15: 0 | L15: 0 | M15: 0 | N15: 0 | O15: =SUM(C15:N15) -> 0 | Q15: =SUM(F15:K15) -> 0
A16: 8 | B16: CIBEBER | C16: 1 | D16: 0 | E16: 1 | F16: 1 | G16: 0 | H16: 0 | I16: 0 | J16: 0 | K16: 0 | L16: 0 | M16: 0 | N16: 2 | O16: =SUM(C16:N16) -> 5 | Q16: =SUM(F16:K16) -> 1
A17: JUMLAH | C17: =SUM(C9:C16) -> 5 | D17: =SUM(D9:D16) -> 0 | E17: =SUM(E9:E16) -> 2 | F17: =SUM(F9:F16) -> 2 | G17: =SUM(G9:G16) -> 3 | H17: =SUM(H9:H16) -> 0 | I17: =SUM(I9:I16) -> 0 | J17: =SUM(J9:J16) -> 1 | ... O17: =SUM(O9:O16) -> 22 | Q17: =SUM(F17:K17) -> 6
A35: DATA LUAS PANEN UBI KAYU PER BULAN
A36: KOTA CILEGON TAHUN 2015
O38: (Ha)
A39: No | B39: Kecamatan | C39: Bulan | O39: Jumlah
C40: Jan | D40: Feb | E40: Maret | F40: Apr | G40: Mei | H40: Juni | I40: Juli | J40: Agst | K40: Sept | L40: Okt | M40: Nov | N40: Des
A41: 1 | B41: 2 | C41: 3 | D41: 4 | E41: 5 | F41: 6 | G41: 7 | H41: 8 | I41: 9 | J41: 10 | K41: 11 | L41: 12 | M41: 13 | N41: 14 | O41: 15
A42: 1 | B42: CIWANDAN | C42: 0 | D42: 0 | E42: 0 | F42: 0 | G42: 0 | H42: 3 | I42: 1 | J42: 0 | K42: 0 | L42: 0 | M42: 0 | N42: 0 | O42: =SUM(C42:N42) -> 4 | Q42: =SUM(F42:K42) -> 4
A43: 2 | B43: CITANGKIL | C43: 0 | D43: 0 | E43: 0 | F43: 0 | G43: 0 | H43: 0 | I43: 0 | J43: 0 | K43: 0 | L43: 0 | M43: 0 | N43: 0 | O43: =SUM(C43:N43) -> 0 | Q43: =SUM(F43:K43) -> 0
A44: 3 | B44: PULOMERAK | C44: 0 | D44: 0 | E44: 0 | F44: 0 | G44: 0 | H44: 0 | I44: 0 | J44: 0 | K44: 0 | L44: 0 | M44: 0 | N44: 0 | O44: =SUM(C44:N44) -> 0 | Q44: =SUM(F44:K44) -> 0
A45: 4 | B45: PURWAKARTA | C45: 0 | D45: 0 | E45: 0 | F45: 0 | G45: 0 | H45: 0 | I45: 0 | J45: 3 | K45: 0 | L45: 0 | M45: 1 | N45: 1 | O45: =SUM(C45:N45) -> 5 | Q45: =SUM(F45:K45) -> 3
A46: 5 | B46: GROGOL | C46: 0 | D46: 0 | E46: 0 | F46: 0 | G46: 0 | H46: 0 | I46: 0 | J46: 0 | K46: 0 | L46: 0 | M46: 0 | N46: 2 | O46: =SUM(C46:N46) -> 2 | Q46: =SUM(F46:K46) -> 0
A47: 6 | B47: CILEGON | C47: 0 | D47: 0 | E47: 0 | F47: 0 | G47: 0 | H47: 0 | I47: 0 | J47: 0 | K47: 2 | L47: 4 | M47: 0 | N47: 0 | O47: =SUM(C47:N47) -> 6 | Q47: =SUM(F47:K47) -> 2
A48: 7 | B48: JOMBANG | C48: 0 | D48: 0 | E48: 0 | F48: 0 | G48: 0 | H48: 0 | I48: 0 | J48: 0 | K48: 0 | L48: 0 | M48: 0 | N48: 0 | O48: =SUM(C48:N48) -> 0 | Q48: =SUM(F48:K48) -> 0
A49: 8 | B49: CIBEBER | C49: 0 | D49: 0 | E49: 0 | F49: 0 | G49: 0 | H49: 0 | I49: 0 | J49: 0 | K49: 0 | L49: 0 | M49: 0 | N49: 0 | O49: =SUM(C49:N49) -> 0 | Q49: =SUM(F49:K49) -> 0
A50: JUMLAH | C50: =SUM(C42:C49) -> 0 | D50: =SUM(D42:D49) -> 0 | E50: =SUM(E42:E49) -> 0 | F50: =SUM(F42:F49) -> 0 | G50: =SUM(G42:G49) -> 0 | H50: =SUM(H42:H49) -> 3 | I50: =SUM(I42:I49) -> 1 | J50: =SUM(J42:J49) -> 3 | ... O50: =SUM(O42:O49) -> 17 | Q50: =SUM(F50:K50) -> 9
A68: DATA PRODUKSI UBI KAYU PER BULAN
A69: KOTA CILEGON TAHUN 2015
O71: (Ton)
A72: No | B72: Kecamatan | C72: Bulan | O72: Jumlah
C73: Jan | D73: Feb | E73: Maret | F73: Apr | G73: Mei | H73: Juni | I73: Juli | J73: Agst | K73: Sept | L73: Okt | M73: Nov | N73: Des
A74: 1 | B74: 2 | C74: 3 | D74: 4 | E74: 5 | F74: 6 | G74: 7 | H74: 8 | I74: 9 | J74: 10 | K74: 11 | L74: 12 | M74: 13 | N74: 14 | O74: 15
A75: 1 | B75: CIWANDAN | C75: 0 | D75: 0 | E75: 0 | F75: 0 | G75: 0 | H75: 28 | I75: 9 | J75: 0 | K75: 0 | L75: 0 | M75: 0 | N75: 0 | O75: =SUM(C75:N75) -> 37 | Q75: =SUM(F75:K75) -> 37
A76: 2 | B76: CITANGKIL | C76: 0 | D76: 0 | E76: 0 | F76: 0 | G76: 0 | H76: 0 | I76: 0 | J76: 0 | K76: 0 | L76: 0 | M76: 0 | N76: 0 | O76: =SUM(C76:N76) -> 0 | Q76: =SUM(F76:K76) -> 0
A77: 3 | B77: PULOMERAK | C77: 0 | D77: 0 | E77: 0 | F77: 0 | G77: 0 | H77: 0 | I77: 0 | J77: 0 | K77: 0 | L77: 0 | M77: 0 | N77: 0 | O77: =SUM(C77:N77) -> 0 | Q77: =SUM(F77:K77) -> 0
A78: 4 | B78: PURWAKARTA | C78: 0 | D78: 0 | E78: 0 | F78: 0 | G78: 0 | H78: 0 | I78: 0 | J78: 37 | K78: 0 | L78: 0 | M78: 13 | N78: 12 | O78: =SUM(C78:N78) -> 62 | Q78: =SUM(F78:K78) -> 37
A79: 5 | B79: GROGOL | C79: 0 | D79: 0 | E79: 0 | F79: 0 | G79: 0 | H79: 0 | I79: 0 | J79: 0 | K79: 0 | L79: 0 | M79: 0 | N79: 24 | O79: =SUM(C79:N79) -> 24 | Q79: =SUM(F79:K79) -> 0
A80: 6 | B80: CILEGON | C80: 0 | D80: 0 | E80: 0 | F80: 0 | G80: 0 | H80: 0 | I80: 0 | J80: 0 | K80: 36 | L80: 72 | M80: 0 | N80: 0 | O80: =SUM(C80:N80) -> 108 | Q80: =SUM(F80:K80) -> 36
A81: 7 | B81: JOMBANG | C81: 0 | D81: 0 | E81: 0 | F81: 0 | G81: 0 | H81: 0 | I81: 0 | J81: 0 | K81: 0 | L81: 0 | M81: 0 | N81: 0 | O81: =SUM(C81:N81) -> 0 | Q81: =SUM(F81:K81) -> 0
A82: 8 | B82: CIBEBER | C82: 0 | D82: 0 | E82: 0 | F82: 0 | G82: 0 | H82: 0 | I82: 0 | J82: 0 | K82: 0 | L82: 0 | M82: 0 | N82: 0 | O82: =SUM(C82:N82) -> 0 | Q82: =SUM(F82:K82) -> 0
A83: JUMLAH | C83: =SUM(C75:C82) -> 0 | D83: =SUM(D75:D82) -> 0 | E83: =SUM(E75:E82) -> 0 | F83: =SUM(F75:F82) -> 0 | G83: =SUM(G75:G82) -> 0 | H83: =SUM(H75:H82) -> 28 | I83: =SUM(I75:I82) -> 9 | J83: =SUM(J75:J82) -> 37 | ... O83: =SUM(O75:O82) -> 231 | Q83: =SUM(F83:K83) -> 110
A101: DATA PRODUKTIVITAS UBI KAYU PER BULAN
A102: KOTA CILEGON TAHUN 2015
O104: (Ku/Ha)
A105: No | B105: Kecamatan | C105: Bulan | O105: Jumlah
C106: Jan | D106: Feb | E106: Maret | F106: Apr | G106: Mei | H106: Juni | I106: Juli | J106: Agst | K106: Sept | L106: Okt | M106: Nov | N106: Des
A107: 1 | B107: 2 | C107: 3 | D107: 4 | E107: 5 | F107: 6 | G107: 7 | H107: 8 | I107: 9 | J107: 10 | K107: 11 | L107: 12 | M107: 13 | N107: 14 | O107: 15
A108: 1 | B108: CIWANDAN | C108: 0 | D108: 0 | E108: 0 | F108: 0 | G108: 0 | H108: 95.05 | I108: 90.25 | J108: 0 | K108: 0 | L108: 0 | M108: 0 | N108: 0 | O108: =O75/O42*10 -> 92.5
A109: 2 | B109: CITANGKIL | C109: 0 | D109: 0 | E109: 0 | F109: 0 | G109: 0 | H109: 0 | I109: 0 | J109: 0 | K109: 0 | L109: 0 | M109: 0 | N109: 0 | O109: 0
A110: 3 | B110: PULOMERAK | C110: 0 | D110: 0 | E110: 0 | F110: 0 | G110: 0 | H110: 0 | I110: 0 | J110: 0 | K110: 0 | L110: 0 | M110: 0 | N110: 0 | O110: 0
A111: 4 | B111: PURWAKARTA | C111: 0 | D111: 0 | E111: 0 | F111: 0 | G111: 0 | H111: 0 | I111: 0 | J111: 124.12 | K111: 0 | L111: 0 | M111: 125.66 | N111: 124.22 | O111: =(O78/O45)*10 -> 124
A112: 5 | B112: GROGOL | C112: 0 | D112: 0 | E112: 0 | F112: 0 | G112: 0 | H112: 0 | I112: 0 | J112: 0 | K112: 0 | L112: 0 | M112: 0 | N112: 122.3 | O112: =(O79/O46)*10 -> 120
A113: 6 | B113: CILEGON | C113: 0 | D113: 0 | E113: 0 | F113: 0 | G113: 0 | H113: 0 | I113: 0 | J113: 0 | K113: 180 | L113: 180 | M113: 0 | N113: 0 | O113: =(O80/O47)*10 -> 180
A114: 7 | B114: JOMBANG | C114: 0 | D114: 0 | E114: 0 | F114: 0 | G114: 0 | H114: 0 | I114: 0 | J114: 0 | K114: 0 | L114: 0 | M114: 0 | N114: 0 | O114: 0
A115: 8 | B115: CIBEBER | C115: 0 | D115: 0 | E115: 0 | F115: 0 | G115: 0 | H115: 0 | I115: 0 | J115: 0 | K115: 0 | L115: 0 | M115: 0 | N115: 0 | O115: 0
A116: JUMLAH | C116: 0 | D116: 0 | E116: 0 | F116: 0 | G116: 0 | H116: 95.05 | I116: 90.25 | J116: 124.12 | K116: =K83/K50*10 -> 180 | L116: =L83/L50*10 -> 180 | M116: 125.66 | N116: =N83/N50*10 -> 120 | O116: =O83/O50*10 -> 135.88235
M119: Cilegon, Desember 2015
M120: Kepala Dinas Pertanian dan Kelautan
M121: Kota Cilegon
M125: H. ANDI AFFANDI, S.Sos
M126: NIP. 19681006 198803 1 001

Sheet ubi jalar
A2: DATA LUAS TANAM UBI JALAR PER BULAN
A3: KOTA CILEGON TAHUN 2015
O5: (Ha)
A6: No | B6: Kecamatan | C6: Bulan | O6: Jumlah
C7: Jan | D7: Feb | E7: Maret | F7: Apr | G7: Mei | H7: Juni | I7: Juli | J7: Agst | K7: Sept | L7: Okt | M7: Nov | N7: Des
A8: 1 | B8: 2 | C8: 3 | D8: 4 | E8: 5 | F8: 6 | G8: 7 | H8: 8 | I8: 9 | J8: 10 | K8: 11 | L8: 12 | M8: 13 | N8: 14 | O8: 15 | Q8: APR-SEP
A9: 1 | B9: CIWANDAN | C9: 0 | D9: 0 | E9: 0 | F9: 0 | G9: 0 | H9: 0 | I9: 0 | J9: 0 | K9: 0 | L9: 0 | M9: 0 | N9: 0 | O9: =SUM(C9:N9) -> 0 | Q9: =SUM(F9:K9) -> 0
A10: 2 | B10: CITANGKIL | C10: 0 | D10: 0 | E10: 0 | F10: 0 | G10: 0 | H10: 0 | I10: 0 | J10: 0 | K10: 0 | L10: 1 | M10: 1 | N10: 0 | O10: =SUM(C10:N10) -> 2 | Q10: =SUM(F10:K10) -> 0
A11: 3 | B11: PULOMERAK | C11: 0 | D11: 0 | E11: 0 | F11: 0 | G11: 0 | H11: 0 | I11: 0 | J11: 0 | K11: 0 | L11: 0 | M11: 0 | N11: 0 | O11: =SUM(C11:N11) -> 0 | Q11: =SUM(F11:K11) -> 0
A12: 4 | B12: PURWAKARTA | C12: 0 | D12: 1 | E12: 1 | F12: 0 | G12: 0 | H12: 0 | I12: 0 | J12: 0 | K12: 0 | L12: 1 | M12: 1 | N12: 0 | O12: =SUM(C12:N12) -> 4 | Q12: =SUM(F12:K12) -> 0
A13: 5 | B13: GROGOL | C13: 0 | D13: 1 | E13: 1 | F13: 1 | G13: 0 | H13: 0 | I13: 0 | J13: 0 | K13: 0 | L13: 0 | M13: 0 | N13: 0 | O13: =SUM(C13:N13) -> 3 | Q13: =SUM(F13:K13) -> 1
A14: 6 | B14: CILEGON | C14: 0 | D14: 0 | E14: 0 | F14: 0 | G14: 0 | H14: 0 | I14: 0 | J14: 0 | K14: 0 | L14: 0 | M14: 0 | N14: 0 | O14: =SUM(C14:N14) -> 0 | Q14: =SUM(F14:K14) -> 0
A15: 7 | B15: JOMBANG | C15: 0 | D15: 0 | E15: 0 | F15: 0 | G15: 0 | H15: 1 | I15: 1 | J15: 0 | K15: 0 | L15: 0 | M15: 0 | N15: 0 | O15: =SUM(C15:N15) -> 2 | Q15: =SUM(F15:K15) -> 2
A16: 8 | B16: CIBEBER | C16: 1 | D16: 0 | E16: 0 | F16: 1 | G16: 0 | H16: 0 | I16: 0 | J16: 1 | K16: 0 | L16: 0 | M16: 0 | N16: 1 | O16: =SUM(C16:N16) -> 4 | Q16: =SUM(F16:K16) -> 2
A17: JUMLAH | C17: =SUM(C9:C16) -> 1 | D17: =SUM(D9:D16) -> 2 | E17: =SUM(E9:E16) -> 2 | F17: =SUM(F9:F16) -> 2 | G17: =SUM(G9:G16) -> 0 | H17: =SUM(H9:H16) -> 1 | I17: =SUM(I9:I16) -> 1 | J17: =SUM(J9:J16) -> 1 | ... O17: =SUM(O9:O16) -> 15 | Q17: =SUM(F17:K17) -> 5
A35: DATA LUAS PANEN UBI JALAR PER BULAN
A36: KOTA CILEGON TAHUN 2015
O38: (Ha)
A39: No | B39: Kecamatan | C39: Bulan | O39: Jumlah
C40: Jan | D40: Feb | E40: Maret | F40: Apr | G40: Mei | H40: Juni | I40: Juli | J40: Agst | K40: Sept | L40: Okt | M40: Nov | N40: Des
A41: 1 | B41: 2 | C41: 3 | D41: 4 | E41: 5 | F41: 6 | G41: 7 | H41: 8 | I41: 9 | J41: 10 | K41: 11 | L41: 12 | M41: 13 | N41: 14 | O41: 15
A42: 1 | B42: CIWANDAN | C42: 0 | D42: 0 | E42: 0 | F42: 5 | G42: 0 | H42: 0 | I42: 0 | J42: 0 | K42: 0 | L42: 0 | M42: 0 | N42: 0 | O42: =SUM(C42:N42) -> 5 | Q42: =SUM(F42:K42) -> 5
A43: 2 | B43: CITANGKIL | C43: 0 | D43: 0 | E43: 0 | F43: 0 | G43: 0 | H43: 0 | I43: 0 | J43: 0 | K43: 0 | L43: 0 | M43: 0 | N43: 0 | O43: =SUM(C43:N43) -> 0 | Q43: =SUM(F43:K43) -> 0
A44: 3 | B44: PULOMERAK | C44: 0 | D44: 0 | E44: 0 | F44: 0 | G44: 0 | H44: 0 | I44: 0 | J44: 0 | K44: 0 | L44: 0 | M44: 0 | N44: 0 | O44: =SUM(C44:N44) -> 0 | Q44: =SUM(F44:K44) -> 0
A45: 4 | B45: PURWAKARTA | C45: 0 | D45: 0 | E45: 0 | F45: 0 | G45: 1 | H45: 0 | I45: 1 | J45: 1 | K45: 0 | L45: 0 | M45: 0 | N45: 0 | O45: =SUM(C45:N45) -> 3 | Q45: =SUM(F45:K45) -> 3
A46: 5 | B46: GROGOL | C46: 0 | D46: 0 | E46: 0 | F46: 0 | G46: 0 | H46: 0 | I46: 0 | J46: 0 | K46: 1 | L46: 2 | M46: 0 | N46: 0 | O46: =SUM(C46:N46) -> 3 | Q46: =SUM(F46:K46) -> 1
A47: 6 | B47: CILEGON | C47: 0 | D47: 0 | E47: 0 | F47: 0 | G47: 0 | H47: 0 | I47: 0 | J47: 0 | K47: 0 | L47: 0 | M47: 0 | N47: 0 | O47: =SUM(C47:N47) -> 0 | Q47: =SUM(F47:K47) -> 0
A48: 7 | B48: JOMBANG | C48: 0 | D48: 0 | E48: 0 | F48: 0 | G48: 0 | H48: 0 | I48: 0 | J48: 0 | K48: 0 | L48: 1 | M48: 1 | N48: 0 | O48: =SUM(C48:N48) -> 2 | Q48: =SUM(F48:K48) -> 0
A49: 8 | B49: CIBEBER | C49: 0 | D49: 0 | E49: 0 | F49: 0 | G49: 0 | H49: 1 | I49: 1 | J49: 0 | K49: 0 | L49: 0 | M49: 0 | N49: 0 | O49: =SUM(C49:N49) -> 2 | Q49: =SUM(F49:K49) -> 2
A50: JUMLAH | C50: =SUM(C42:C49) -> 0 | D50: =SUM(D42:D49) -> 0 | E50: =SUM(E42:E49) -> 0 | F50: =SUM(F42:F49) -> 5 | G50: =SUM(G42:G49) -> 1 | H50: =SUM(H42:H49) -> 1 | I50: =SUM(I42:I49) -> 2 | J50: =SUM(J42:J49) -> 1 | ... O50: =SUM(O42:O49) -> 15 | Q50: =SUM(F50:K50) -> 11
A68: DATA PRODUKSI UBI JALAR PER BULAN
A69: KOTA CILEGON TAHUN 2015
O71: (Ton)
A72: No | B72: Kecamatan | C72: Bulan | O72: Jumlah
C73: Jan | D73: Feb | E73: Maret | F73: Apr | G73: Mei | H73: Juni | I73: Juli | J73: Agst | K73: Sept | L73: Okt | M73: Nov | N73: Des
A74: 1 | B74: 2 | C74: 3 | D74: 4 | E74: 5 | F74: 6 | G74: 7 | H74: 8 | I74: 9 | J74: 10 | K74: 11 | L74: 12 | M74: 13 | N74: 14 | O74: 15
A75: 1 | B75: CIWANDAN | C75: 0 | D75: 0 | E75: 0 | F75: 42 | G75: 0 | H75: 0 | I75: 0 | J75: 0 | K75: 0 | L75: 0 | M75: 0 | N75: 0 | O75: =SUM(C75:N75) -> 42 | Q75: =SUM(F75:K75) -> 42
A76: 2 | B76: CITANGKIL | C76: 0 | D76: 0 | E76: 0 | F76: 0 | G76: 0 | H76: 0 | I76: 0 | J76: 0 | K76: 0 | L76: 0 | M76: 0 | N76: 0 | O76: =SUM(C76:N76) -> 0 | Q76: =SUM(F76:K76) -> 0
A77: 3 | B77: PULOMERAK | C77: 0 | D77: 0 | E77: 0 | F77: 0 | G77: 0 | H77: 0 | I77: 0 | J77: 0 | K77: 0 | L77: 0 | M77: 0 | N77: 0 | O77: =SUM(C77:N77) -> 0 | Q77: =SUM(F77:K77) -> 0
A78: 4 | B78: PURWAKARTA | C78: 0 | D78: 0 | E78: 0 | F78: 0 | G78: 11 | H78: 0 | I78: 10 | J78: 11 | K78: 0 | L78: 0 | M78: 0 | N78: 0 | O78: =SUM(C78:N78) -> 32 | Q78: =SUM(F78:K78) -> 32
A79: 5 | B79: GROGOL | C79: 0 | D79: 0 | E79: 0 | F79: 0 | G79: 0 | H79: 0 | I79: 0 | J79: 0 | K79: 11 | L79: 20 | M79: 0 | N79: 0 | O79: =SUM(C79:N79) -> 31 | Q79: =SUM(F79:K79) -> 11
A80: 6 | B80: CILEGON | C80: 0 | D80: 0 | E80: 0 | F80: 0 | G80: 0 | H80: 0 | I80: 0 | J80: 0 | K80: 0 | L80: 0 | M80: 0 | N80: 0 | O80: =SUM(C80:N80) -> 0 | Q80: =SUM(F80:K80) -> 0
A81: 7 | B81: JOMBANG | C81: 0 | D81: 0 | E81: 0 | F81: 0 | G81: 0 | H81: 0 | I81: 0 | J81: 0 | K81: 0 | L81: 10 | M81: 9 | N81: 0 | O81: =SUM(C81:N81) -> 19 | Q81: =SUM(F81:K81) -> 0
A82: 8 | B82: CIBEBER | C82: 0 | D82: 0 | E82: 0 | F82: 0 | G82: 0 | H82: 7 | I82: 6 | J82: 0 | K82: 0 | L82: 0 | M82: 0 | N82: 0 | O82: =SUM(C82:N82) -> 13 | Q82: =SUM(F82:K82) -> 13
A83: JUMLAH | C83: =SUM(C75:C82) -> 0 | D83: =SUM(D75:D82) -> 0 | E83: =SUM(E75:E82) -> 0 | F83: =SUM(F75:F82) -> 42 | G83: =SUM(G75:G82) -> 11 | H83: =SUM(H75:H82) -> 7 | I83: =SUM(I75:I82) -> 16 | J83: =SUM(J75:J82) -> 11 | ... O83: =SUM(O75:O82) -> 137 | Q83: =SUM(F83:K83) -> 98
A101: DATA PRODUKTIVITAS UBI JALAR PER BULAN
A102: KOTA CILEGON TAHUN 2015
O104: (Ku/Ha)
A105: No | B105: Kecamatan | C105: Bulan | O105: Jumlah
C106: Jan | D106: Feb | E106: Maret | F106: Apr | G106: Mei | H106: Juni | I106: Juli | J106: Agst | K106: Sept | L106: Okt | M106: Nov | N106: Des
A107: 1 | B107: 2 | C107: 3 | D107: 4 | E107: 5 | F107: 6 | G107: 7 | H107: 8 | I107: 9 | J107: 10 | K107: 11 | L107: 12 | M107: 13 | N107: 14 | O107: 15
A108: 1 | B108: CIWANDAN | C108: 0 | D108: 0 | E108: 0 | F108: 85.02 | G108: 0 | H108: 0 | I108: 0 | J108: 0 | K108: 0 | L108: 0 | M108: 0 | N108: 0 | O108: =O75/O42*10 -> 84
A109: 2 | B109: CITANGKIL | C109: 0 | D109: 0 | E109: 0 | F109: 0 | G109: 0 | H109: 0 | I109: 0 | J109: 0 | K109: 0 | L109: 0 | M109: 0 | N109: 0 | O109: 0
A110: 3 | B110: PULOMERAK | C110: 0 | D110: 0 | E110: 0 | F110: 0 | G110: 0 | H110: 0 | I110: 0 | J110: 0 | K110: 0 | L110: 0 | M110: 0 | N110: 0 | O110: 0
A111: 4 | B111: PURWAKARTA | C111: 0 | D111: 0 | E111: 0 | F111: 0 | G111: 114.2 | H111: 0 | I111: 107.6 | J111: 113.22 | K111: 0 | L111: 0 | M111: 0 | N111: 0 | O111: =O78/O45*10 -> 106.66667
A112: 5 | B112: GROGOL | C112: 0 | D112: 0 | E112: 0 | F112: 0 | G112: 0 | H112: 0 | I112: 0 | J112: 0 | K112: 112.3 | L112: 100.9 | M112: 0 | N112: 0 | O112: =O79/O46*10 -> 103.33333
A113: 6 | B113: CILEGON | C113: 0 | D113: 0 | E113: 0 | F113: 0 | G113: 0 | H113: 0 | I113: 0 | J113: 0 | K113: 0 | L113: 0 | M113: 0 | N113: 0 | O113: 0
A114: 7 | B114: JOMBANG | C114: 0 | D114: 0 | E114: 0 | F114: 0 | G114: 0 | H114: 0 | I114: 0 | J114: 0 | K114: 0 | L114: 100.15 | M114: 92.05 | N114: 0 | O114: =O81/O48*10 -> 95
A115: 8 | B115: CIBEBER | C115: 0 | D115: 0 | E115: 0 | F115: 0 | G115: 0 | H115: 75 | I115: 60 | J115: 0 | K115: 0 | L115: 0 | M115: 0 | N115: 0 | O115: =O82/O49*10 -> 65
A116: JUMLAH | C116: 0 | D116: 0 | E116: 0 | F116: 85.02 | G116: 114.2 | H116: 75 | I116: =I83/I50*10 -> 80 | J116: 113.22 | K116: 112.3 | L116: =L83/L50*10 -> 100 | M116: 92.05 | N116: 0 | O116: =O83/O50*10 -> 91.333333
M119: Cilegon, Desember 2015
M120: Kepala Dinas Pertanian dan Kelautan
M121: Kota Cilegon
M125: H. ANDI AFFANDI, S.Sos
M126: NIP. 19681006 198803 1 001

Sheet kc ijo
A2: DATA LUAS TANAM KACANG HIJAU PER BULAN
A3: KOTA CILEGON TAHUN 2015
O5: (Ha)
A6: No | B6: Kecamatan | C6: Bulan | O6: Jumlah
C7: Jan | D7: Feb | E7: Maret | F7: Apr | G7: Mei | H7: Juni | I7: Juli | J7: Agst | K7: Sept | L7: Okt | M7: Nov | N7: Des
A8: 1 | B8: 2 | C8: 3 | D8: 4 | E8: 5 | F8: 6 | G8: 7 | H8: 8 | I8: 9 | J8: 10 | K8: 11 | L8: 12 | M8: 13 | N8: 14 | O8: 15 | Q8: APR-SEP
A9: 1 | B9: CIWANDAN | C9: 2 | D9: 0 | E9: 0 | F9: 0 | G9: 0 | H9: 0 | I9: 0 | J9: 0 | K9: 0 | L9: 0 | M9: 0 | N9: 0 | O9: =SUM(C9:N9) -> 2 | Q9: =SUM(F9:K9) -> 0
A10: 2 | B10: CITANGKIL | C10: 0 | D10: 0 | E10: 0 | F10: 0 | G10: 0 | H10: 0 | I10: 0 | J10: 0 | K10: 0 | L10: 0 | M10: 0 | N10: 0 | O10: =SUM(C10:N10) -> 0 | Q10: =SUM(F10:K10) -> 0
A11: 3 | B11: PULOMERAK | C11: 0 | D11: 0 | E11: 0 | F11: 1 | G11: 2 | H11: 0 | I11: 0 | J11: 0 | K11: 0 | L11: 0 | M11: 0 | N11: 0 | O11: =SUM(C11:N11) -> 3 | Q11: =SUM(F11:K11) -> 3
A12: 4 | B12: PURWAKARTA | C12: 0 | D12: 0 | E12: 0 | F12: 8 | G12: 10 | H12: 0 | I12: 0 | J12: 0 | K12: 0 | L12: 0 | M12: 0 | N12: 0 | O12: =SUM(C12:N12) -> 18 | Q12: =SUM(F12:K12) -> 18
A13: 5 | B13: GROGOL | C13: 0 | D13: 0 | E13: 0 | F13: 0 | G13: 12 | H13: 0 | I13: 0 | J13: 0 | K13: 0 | L13: 0 | M13: 0 | N13: 0 | O13: =SUM(C13:N13) -> 12 | Q13: =SUM(F13:K13) -> 12
A14: 6 | B14: CILEGON | C14: 0 | D14: 0 | E14: 0 | F14: 0 | G14: 0 | H14: 0 | I14: 0 | J14: 0 | K14: 0 | L14: 0 | M14: 0 | N14: 0 | O14: =SUM(C14:N14) -> 0 | Q14: =SUM(F14:K14) -> 0
A15: 7 | B15: JOMBANG | C15: 0 | D15: 0 | E15: 0 | F15: 0 | G15: 0 | H15: 0 | I15: 0 | J15: 0 | K15: 0 | L15: 0 | M15: 0 | N15: 0 | O15: =SUM(C15:N15) -> 0 | Q15: =SUM(F15:K15) -> 0
A16: 8 | B16: CIBEBER | C16: 1 | D16: 0 | E16: 0 | F16: 1 | G16: 0 | H16: 0 | I16: 0 | J16: 0 | K16: 0 | L16: 0 | M16: 0 | N16: 0 | O16: =SUM(C16:N16) -> 2 | Q16: =SUM(F16:K16) -> 1
A17: JUMLAH | C17: =SUM(C9:C16) -> 3 | D17: =SUM(D9:D16) -> 0 | E17: =SUM(E9:E16) -> 0 | F17: =SUM(F9:F16) -> 10 | G17: =SUM(G9:G16) -> 24 | H17: =SUM(H9:H16) -> 0 | I17: =SUM(I9:I16) -> 0 | J17: =SUM(J9:J16) -> 0 | ... O17: =SUM(O9:O16) -> 37 | Q17: =SUM(F17:K17) -> 34
A35: DATA LUAS PANEN KACANG HIJAU PER BULAN
A36: KOTA CILEGON TAHUN 2015
O38: (Ha)
A39: No | B39: Kecamatan | C39: Bulan | O39: Jumlah
C40: Jan | D40: Feb | E40: Maret | F40: Apr | G40: Mei | H40: Juni | I40: Juli | J40: Agst | K40: Sept | L40: Okt | M40: Nov | N40: Des
A41: 1 | B41: 2 | C41: 3 | D41: 4 | E41: 5 | F41: 6 | G41: 7 | H41: 8 | I41: 9 | J41: 10 | K41: 11 | L41: 12 | M41: 13 | N41: 14 | O41: 15
A42: 1 | B42: CIWANDAN | C42: 0 | D42: 2 | E42: 2 | F42: 0 | G42: 0 | H42: 0 | I42: 0 | J42: 0 | K42: 0 | L42: 0 | M42: 0 | N42: 0 | O42: =SUM(C42:N42) -> 4 | Q42: =SUM(F42:K42) -> 0
A43: 2 | B43: CITANGKIL | C43: 0 | D43: 0 | E43: 0 | F43: 0 | G43: 0 | H43: 0 | I43: 0 | J43: 0 | K43: 0 | L43: 0 | M43: 0 | N43: 0 | O43: =SUM(C43:N43) -> 0 | Q43: =SUM(F43:K43) -> 0
A44: 3 | B44: PULOMERAK | C44: 0 | D44: 0 | E44: 0 | F44: 0 | G44: 0 | H44: 0 | I44: 0 | J44: 3 | K44: 0 | L44: 0 | M44: 0 | N44: 0 | O44: =SUM(C44:N44) -> 3 | Q44: =SUM(F44:K44) -> 3
A45: 4 | B45: PURWAKARTA | C45: 0 | D45: 0 | E45: 0 | F45: 0 | G45: 0 | H45: 0 | I45: 18 | J45: 0 | K45: 0 | L45: 0 | M45: 0 | N45: 0 | O45: =SUM(C45:N45) -> 18 | Q45: =SUM(F45:K45) -> 18
A46: 5 | B46: GROGOL | C46: 0 | D46: 0 | E46: 0 | F46: 0 | G46: 0 | H46: 0 | I46: 0 | J46: 12 | K46: 0 | L46: 0 | M46: 0 | N46: 0 | O46: =SUM(C46:N46) -> 12 | Q46: =SUM(F46:K46) -> 12
A47: 6 | B47: CILEGON | C47: 0 | D47: 0 | E47: 0 | F47: 0 | G47: 0 | H47: 0 | I47: 0 | J47: 0 | K47: 0 | L47: 0 | M47: 0 | N47: 0 | O47: =SUM(C47:N47) -> 0 | Q47: =SUM(F47:K47) -> 0
A48: 7 | B48: JOMBANG | C48: 0 | D48: 0 | E48: 0 | F48: 0 | G48: 0 | H48: 0 | I48: 0 | J48: 0 | K48: 0 | L48: 0 | M48: 0 | N48: 0 | O48: =SUM(C48:N48) -> 0 | Q48: =SUM(F48:K48) -> 0
A49: 8 | B49: CIBEBER | C49: 0 | D49: 0 | E49: 0 | F49: 1 | G49: 0 | H49: 0 | I49: 1 | J49: 0 | K49: 0 | L49: 0 | M49: 0 | N49: 0 | O49: =SUM(C49:N49) -> 2 | Q49: =SUM(F49:K49) -> 2
A50: JUMLAH | C50: =SUM(C42:C49) -> 0 | D50: =SUM(D42:D49) -> 2 | E50: =SUM(E42:E49) -> 2 | F50: =SUM(F42:F49) -> 1 | G50: =SUM(G42:G49) -> 0 | H50: =SUM(H42:H49) -> 0 | I50: =SUM(I42:I49) -> 19 | J50: =SUM(J42:J49) -> 15 | ... O50: =SUM(O42:O49) -> 39 | Q50: =SUM(F50:K50) -> 35
A68: DATA PRODUKSI KACANG HIJAU PER BULAN
A69: KOTA CILEGON TAHUN 2015
O71: (Ton)
A72: No | B72: Kecamatan | C72: Bulan | O72: Jumlah
C73: Jan | D73: Feb | E73: Maret | F73: Apr | G73: Mei | H73: Juni | I73: Juli | J73: Agst | K73: Sept | L73: Okt | M73: Nov | N73: Des
A74: 1 | B74: 2 | C74: 3 | D74: 4 | E74: 5 | F74: 6 | G74: 7 | H74: 8 | I74: 9 | J74: 10 | K74: 11 | L74: 12 | M74: 13 | N74: 14 | O74: 15
A75: 1 | B75: CIWANDAN | C75: 0 | D75: 1 | E75: 1 | F75: 0 | G75: 0 | H75: 0 | I75: 0 | J75: 0 | K75: 0 | L75: 0 | M75: 0 | N75: 0 | O75: =SUM(C75:N75) -> 2 | Q75: =SUM(F75:K75) -> 0
A76: 2 | B76: CITANGKIL | C76: 0 | D76: 0 | E76: 0 | F76: 0 | G76: 0 | H76: 0 | I76: 0 | J76: 0 | K76: 0 | L76: 0 | M76: 0 | N76: 0 | O76: =SUM(C76:N76) -> 0 | Q76: =SUM(F76:K76) -> 0
A77: 3 | B77: PULOMERAK | C77: 0 | D77: 0 | E77: 0 | F77: 0 | G77: 0 | H77: 0 | I77: 0 | J77: 3 | K77: 0 | L77: 0 | M77: 0 | N77: 0 | O77: =SUM(C77:N77) -> 3 | Q77: =SUM(F77:K77) -> 3
A78: 4 | B78: PURWAKARTA | C78: 0 | D78: 0 | E78: 0 | F78: 0 | G78: 0 | H78: 0 | I78: 16 | J78: 0 | K78: 0 | L78: 0 | M78: 0 | N78: 0 | O78: =SUM(C78:N78) -> 16 | Q78: =SUM(F78:K78) -> 16
A79: 5 | B79: GROGOL | C79: 0 | D79: 0 | E79: 0 | F79: 0 | G79: 0 | H79: 0 | I79: 0 | J79: 10 | K79: 0 | L79: 0 | M79: 0 | N79: 0 | O79: =SUM(C79:N79) -> 10 | Q79: =SUM(F79:K79) -> 10
A80: 6 | B80: CILEGON | C80: 0 | D80: 0 | E80: 0 | F80: 0 | G80: 0 | H80: 0 | I80: 0 | J80: 0 | K80: 0 | L80: 0 | M80: 0 | N80: 0 | O80: =SUM(C80:N80) -> 0 | Q80: =SUM(F80:K80) -> 0
A81: 7 | B81: JOMBANG | C81: 0 | D81: 0 | E81: 0 | F81: 0 | G81: 0 | H81: 0 | I81: 0 | J81: 0 | K81: 0 | L81: 0 | M81: 0 | N81: 0 | O81: =SUM(C81:N81) -> 0 | Q81: =SUM(F81:K81) -> 0
A82: 8 | B82: CIBEBER | C82: 0 | D82: 0 | E82: 0 | F82: 1 | G82: 0 | H82: 0 | I82: 1 | J82: 0 | K82: 0 | L82: 0 | M82: 0 | N82: 0 | O82: =SUM(C82:N82) -> 2 | Q82: =SUM(F82:K82) -> 2
A83: JUMLAH | C83: =SUM(C75:C82) -> 0 | D83: =SUM(D75:D82) -> 1 | E83: =SUM(E75:E82) -> 1 | F83: =SUM(F75:F82) -> 1 | G83: =SUM(G75:G82) -> 0 | H83: =SUM(H75:H82) -> 0 | I83: =SUM(I75:I82) -> 17 | J83: =SUM(J75:J82) -> 13 | ... O83: =SUM(O75:O82) -> 33 | Q83: =SUM(F83:K83) -> 31
A101: DATA PRODUKTIVITAS KACANG HIJAU PER BULAN
A102: KOTA CILEGON TAHUN 2015
O104: (Ku/Ha)
A105: No | B105: Kecamatan | C105: Bulan | O105: Jumlah
C106: Jan | D106: Feb | E106: Maret | F106: Apr | G106: Mei | H106: Juni | I106: Juli | J106: Agst | K106: Sept | L106: Okt | M106: Nov | N106: Des
A107: 1 | B107: 2 | C107: 3 | D107: 4 | E107: 5 | F107: 6 | G107: 7 | H107: 8 | I107: 9 | J107: 10 | K107: 11 | L107: 12 | M107: 13 | N107: 14 | O107: 15
A108: 1 | B108: CIWANDAN | C108: 0 | D108: 5.12 | E108: 5.1 | F108: 0 | G108: 0 | H108: 0 | I108: 0 | J108: 0 | K108: 0 | L108: 0 | M108: 0 | N108: 0 | O108: =O75/O42*10 -> 5
A109: 2 | B109: CITANGKIL | C109: 0 | D109: 0 | E109: 0 | F109: 0 | G109: 0 | H109: 0 | I109: 0 | J109: 0 | K109: 0 | L109: 0 | M109: 0 | N109: 0 | O109: 0
A110: 3 | B110: PULOMERAK | C110: 0 | D110: 0 | E110: 0 | F110: 0 | G110: 0 | H110: 0 | I110: 0 | J110: 9 | K110: 0 | L110: 0 | M110: 0 | N110: 0 | O110: =O77/O44*10 -> 10
A111: 4 | B111: PURWAKARTA | C111: 0 | D111: 0 | E111: 0 | F111: 0 | G111: 0 | H111: 0 | I111: 8.89 | J111: 0 | K111: 0 | L111: 0 | M111: 0 | N111: 0 | O111: =O78/O45*10 -> 8.8888889
A112: 5 | B112: GROGOL | C112: 0 | D112: 0 | E112: 0 | F112: 0 | G112: 0 | H112: 0 | I112: 0 | J112: 8.2 | K112: 0 | L112: 0 | M112: 0 | N112: 0 | O112: =O79/O46*10 -> 8.3333333
A113: 6 | B113: CILEGON | C113: 0 | D113: 0 | E113: 0 | F113: 0 | G113: 0 | H113: 0 | I113: 0 | J113: 0 | K113: 0 | L113: 0 | M113: 0 | N113: 0 | O113: 0
A114: 7 | B114: JOMBANG | C114: 0 | D114: 0 | E114: 0 | F114: 0 | G114: 0 | H114: 0 | I114: 0 | J114: 0 | K114: 0 | L114: 0 | M114: 0 | N114: 0 | O114: 0
A115: 8 | B115: CIBEBER | C115: 0 | D115: 0 | E115: 0 | F115: 8.5 | G115: 0 | H115: 0 | I115: 8.5 | J115: 0 | K115: 0 | L115: 0 | M115: 0 | N115: 0 | O115: =O82/O49*10 -> 10
A116: JUMLAH | C116: 0 | D116: =SUM(D108:D115) -> 5.12 | E116: =SUM(E108:E115) -> 5.1 | F116: 8.5 | G116: 0 | H116: 0 | I116: =I83/I50*10 -> 8.9473684 | J116: =J83/J50*10 -> 8.6666667 | K116: 0 | L116: 0 | M116: 0 | N116: 0 | O116: =O83/O50*10 -> 8.4615385
M119: Cilegon, Desember 2015
M120: Kepala Dinas Pertanian dan Kelautan
M121: Kota Cilegon
M125: H. ANDI AFFANDI, S.Sos
M126: NIP. 19681006 198803 1 001

Sheet rekap
A1: REALISASI TANAM, PANEN, PRODUKSI DAN PRODUKTIVITAS PADI DAN JAGUNG
A2: KOTA CILEGON 2015
A4: 1. PADI SAWAH
A5: No | B5: Kecamatan | C5: TANAM | D5: PANEN | E5: PRODUKSI | F5: PRODUKTIVITAS
C6: (Ha) | D6: (Ha) | E6: (Ton GKG) | F6: (Ku/Ha)
A7: 1 | B7: 2 | C7: 3 | D7: 4 | E7: 5 | F7: 6
A8: 1 | B8: CIWANDAN | C8: ='okt-mar'!Q7 -> 233 | D8: ='padi sawah'!O42 -> 233 | E8: ='padi sawah'!O75 -> 1466 | F8: ='padi sawah'!O108 -> 62.918455
A9: 2 | B9: CITANGKIL | C9: ='okt-mar'!Q8 -> 389 | D9: ='padi sawah'!O43 -> 387 | E9: ='padi sawah'!O76 -> 3013 | F9: ='padi sawah'!O109 -> 77.855297
A10: 3 | B10: PULOMERAK | C10: ='okt-mar'!Q9 -> 63 | D10: ='padi sawah'!O44 -> 63 | E10: ='padi sawah'!O77 -> 341 | F10: ='padi sawah'!O110 -> 54.126984
A11: 4 | B11: PURWAKARTA | C11: ='okt-mar'!Q10 -> 200 | D11: ='padi sawah'!O45 -> 200 | E11: ='padi sawah'!O78 -> 1145 | F11: ='padi sawah'!O111 -> 57.25
A12: 5 | B12: GROGOL | C12: ='okt-mar'!Q11 -> 270 | D12: ='padi sawah'!O46 -> 270 | E12: ='padi sawah'!O79 -> 1609 | F12: ='padi sawah'!O112 -> 59.592593
A13: 6 | B13: CILEGON | C13: ='okt-mar'!Q12 -> 82 | D13: ='padi sawah'!O47 -> 81 | E13: ='padi sawah'!O80 -> 584 | F13: ='padi sawah'!O113 -> 72.098765
A14: 7 | B14: JOMBANG | C14: ='okt-mar'!Q13 -> 586 | D14: ='padi sawah'!O48 -> 586 | E14: ='padi sawah'!O81 -> 3438 | F14: ='padi sawah'!O114 -> 58.668942
A15: 8 | B15: CIBEBER | C15: ='okt-mar'!Q14 -> 492 | D15: ='padi sawah'!O49 -> 466 | E15: ='padi sawah'!O82 -> 3138 | F15: ='padi sawah'!O115 -> 67.339056
A16: JUMLAH | C16: =SUM(C8:C15) -> 2315 | D16: =SUM(D8:D15) -> 2286 | E16: =SUM(E8:E15) -> 14734 | F16: =E16/D16*10 -> 64.453193
A18: 2. PADI LADANG
A19: No | B19: Kecamatan | C19: TANAM | D19: PANEN | E19: PRODUKSI | F19: PRODUKTIVITAS
C20: (Ha) | D20: (Ha) | E20: (Ton GKG) | F20: (Ku/Ha)
A21: 1 | B21: 2 | C21: 3 | D21: 4 | E21: 5 | F21: 6
A22: 1 | B22: CIWANDAN | C22: 0 | D22: 0 | E22: 0 | F22: 0
A23: 2 | B23: CITANGKIL | C23: 0 | D23: 0 | E23: 0 | F23: 0
A24: 3 | B24: PULOMERAK | C24: ='okt-mar'!Q81 -> 25 | D24: ='padi ladang'!O44 -> 25 | E24: ='padi ladang'!O77 -> 76 | F24: ='padi ladang'!O110 -> 30.4
A25: 4 | B25: PURWAKARTA | C25: 0 | D25: 0 | E25: 0 | F25: 0
A26: 5 | B26: GROGOL | C26: 0 | D26: 0 | E26: 0 | F26: 0
A27: 6 | B27: CILEGON | C27: 0 | D27: 0 | E27: 0 | F27: 0
A28: 7 | B28: JOMBANG | C28: 0 | D28: 0 | E28: 0 | F28: 0
A29: 8 | B29: CIBEBER | C29: 0 | D29: 0 | E29: 0 | F29: 0
A30: JUMLAH | C30: =SUM(C22:C29) -> 25 | D30: =SUM(D22:D29) -> 25 | E30: =SUM(E22:E29) -> 76 | F30: =E30/D30*10 -> 30.4
A32: 3. JAGUNG
A33: No | B33: Kecamatan | C33: TANAM | D33: PANEN | E33: PRODUKSI | F33: PRODUKTIVITAS
C34: (Ha) | D34: (Ha) | E34: (Ton Biji Kering) | F34: (Ku/Ha)
A35: 1 | B35: 2 | C35: 3 | D35: 4 | E35: 5 | F35: 6
A36: 1 | B36: CIWANDAN | C36: ='okt-mar'!Q223 -> 5 | D36: 5* | E36: =jagung!O75 -> 0 | F36: 0 | I36: *
A37: 2 | B37: CITANGKIL | C37: ='okt-mar'!Q224 -> 2 | D37: 2* | E37: =jagung!O76 -> 0 | F37: 0 | I37: *
A38: 3 | B38: PULOMERAK | C38: ='okt-mar'!Q225 -> 9 | D38: =jagung!Q44 -> 9 | E38: =jagung!O77 -> 25 | F38: =jagung!O110 -> 27.777778
A39: 4 | B39: PURWAKARTA | C39: ='okt-mar'!Q226 -> 5 | D39: =jagung!Q45 -> 4 | E39: =jagung!O78 -> 9 | F39: =jagung!O111 -> 22.5
A40: 5 | B40: GROGOL | C40: ='okt-mar'!Q227 -> 2 | D40: =jagung!Q46 -> 3 | E40: =jagung!O79 -> 7 | F40: =jagung!O112 -> 23.333333
A41: 6 | B41: CILEGON | C41: ='okt-mar'!Q228 -> 0 | D41: =jagung!Q47 -> 0 | E41: =jagung!O80 -> 0 | F41: 0
A42: 7 | B42: JOMBANG | C42: ='okt-mar'!Q229 -> 0 | D42: =jagung!Q48 -> 0 | E42: =jagung!O81 -> 0 | F42: 0
A43: 8 | B43: CIBEBER | C43: ='okt-mar'!Q230 -> 3 | D43: =jagung!Q49 -> 3 | E43: =jagung!O82 -> 6 | F43: =jagung!O115 -> 30 | I43: *
A44: JUMLAH | C44: =SUM(C36:C43) -> 26 | D44: 26 | E44: =SUM(E36:E43) -> 47 | F44: =E44/18*10 -> 26.111111 | I44: 26.111111
A45: Ket : * panen muda (tidak ada produksi)
A53: 4. KEDELAI
A54: No | B54: Kecamatan | C54: TANAM | D54: PANEN | E54: PRODUKSI | F54: PRODUKTIVITAS
C55: (Ha) | D55: (Ha) | E55: (Ton) | F55: (Ku/Ha)
A56: 1 | B56: 2 | C56: 3 | D56: 4 | E56: 5 | F56: 6
A57: 1 | B57: CIWANDAN | C57: ='okt-mar'!Q294 -> 2 | D57: =kedelai!O42 -> 0 | E57: =kedelai!O75 -> 0 | F57: =kedelai!O108 -> 0
A58: 2 | B58: CITANGKIL | C58: ='okt-mar'!Q295 -> 22 | D58: =kedelai!O43 -> 0 | E58: =kedelai!O76 -> 0 | F58: 0
A59: 3 | B59: PULOMERAK | C59: ='okt-mar'!Q296 -> 10 | D59: =kedelai!O44 -> 10 | E59: =kedelai!O77 -> 9 | F59: =kedelai!O110 -> 9
A60: 4 | B60: PURWAKARTA | C60: ='okt-mar'!Q297 -> 0 | D60: =kedelai!O45 -> 0 | E60: =kedelai!O78 -> 0 | F60: =kedelai!O111 -> 0
A61: 5 | B61: GROGOL | C61: ='okt-mar'!Q298 -> 12 | D61: =kedelai!O46 -> 16 | E61: =kedelai!O79 -> 16 | F61: =kedelai!O112 -> 10
A62: 6 | B62: CILEGON | C62: ='okt-mar'!Q299 -> 0 | D62: =kedelai!O47 -> 0 | E62: =kedelai!O80 -> 0 | F62: =kedelai!O113 -> 0
A63: 7 | B63: JOMBANG | C63: ='okt-mar'!Q300 -> 0 | D63: =kedelai!O48 -> 0 | E63: =kedelai!O81 -> 0 | F63: =kedelai!O114 -> 0
A64: 8 | B64: CIBEBER | C64: ='okt-mar'!Q301 -> 15 | D64: =kedelai!O49 -> 15 | E64: =kedelai!O82 -> 13 | F64: =kedelai!O115 -> 8.6666667
A65: JUMLAH | C65: =SUM(C57:C64) -> 61 | D65: =SUM(D57:D64) -> 41 | E65: =SUM(E57:E64) -> 38 | F65: =kedelai!O116 -> 9.2682927
A67: 5. KACANG TANAH
A68: No | B68: Kecamatan | C68: TANAM | D68: PANEN | E68: PRODUKSI | F68: PRODUKTIVITAS
C69: (Ha) | D69: (Ha) | E69: (Ton) | F69: (Ku/Ha)
A70: 1 | B70: 2 | C70: 3 | D70: 4 | E70: 5 | F70: 6
A71: 1 | B71: CIWANDAN | C71: 87 | D71: 85 | E71: 194 | F71: 22.823529
A72: 2 | B72: CITANGKIL | C72: 224 | D72: 259 | E72: 667 | F72: 25.752896
A73: 3 | B73: PULOMERAK | C73: 275 | D73: 700 | E73: 2337 | F73: 33.385714
A74: 4 | B74: PURWAKARTA | C74: 40 | D74: 109 | E74: 160 | F74: 14.678899
A75: 5 | B75: GROGOL | C75: 111 | D75: 394 | E75: 1526 | F75: 38.730964
A76: 6 | B76: CILEGON | C76: 101 | D76: 172 | E76: 296 | F76: 17.209302
A77: 7 | B77: JOMBANG | C77: 4 | D77: 4 | E77: 7 | F77: 17.5
A78: 8 | B78: CIBEBER | C78: 367 | D78: 475 | E78: 1072 | F78: 22.568421
A79: JUMLAH | C79: =SUM(C71:C78) -> 1209 | D79: =SUM(D71:D78) -> 2198 | E79: =SUM(E71:E78) -> 6259 | F79: =E79/D79*10 -> 28.475887
A81: 6. UBI KAYU
A82: No | B82: Kecamatan | C82: TANAM | D82: PANEN | E82: PRODUKSI | F82: PRODUKTIVITAS
C83: (Ha) | D83: (Ha) | E83: (Ton) | F83: (Ku/Ha)
A84: 1 | B84: 2 | C84: 3 | D84: 4 | E84: 5 | F84: 6
A85: 1 | B85: CIWANDAN | C85: 16 | D85: 12 | E85: 126 | F85: 105
A86: 2 | B86: CITANGKIL | C86: 0 | D86: 0 | E86: 0 | F86: 0
A87: 3 | B87: PULOMERAK | C87: 5 | D87: 0 | E87: 0 | F87: 0
A88: 4 | B88: PURWAKARTA | C88: 8 | D88: 5 | E88: 35 | F88: 70
A89: 5 | B89: GROGOL | C89: 2 | D89: 0 | E89: 0 | F89: 0
A90: 6 | B90: CILEGON | C90: 3 | D90: 0 | E90: 0 | F90: 0
A91: 7 | B91: JOMBANG | C91: 1 | D91: 3 | E91: 22 | F91: 73.333333
A92: 8 | B92: CIBEBER | C92: 0 | D92: 0 | E92: 0 | F92: 0
A93: JUMLAH | C93: =SUM(C85:C92) -> 35 | D93: =SUM(D85:D92) -> 20 | E93: =SUM(E85:E92) -> 183 | F93: =E93/D93*10 -> 91.5
A104: 7. UBI JALAR
A105: No | B105: Kecamatan | C105: TANAM | D105: PANEN | E105: PRODUKSI | F105: PRODUKTIVITAS
C106: (Ha) | D106: (Ha) | E106: (Ton) | F106: (Ku/Ha)
A107: 1 | B107: 2 | C107: 3 | D107: 4 | E107: 5 | F107: 6
A108: 1 | B108: CIWANDAN | C108: 0 | D108: 5 | E108: 27 | F108: 54
A109: 2 | B109: CITANGKIL | C109: 1 | D109: 0 | E109: 0 | F109: 0
A110: 3 | B110: PULOMERAK | C110: 0 | D110: 0 | E110: 0 | F110: 0
A111: 4 | B111: PURWAKARTA | C111: 4 | D111: 3 | E111: 32 | F111: 106.66667
A112: 5 | B112: GROGOL | C112: 1 | D112: 4 | E112: 40 | F112: 100
A113: 6 | B113: CILEGON | C113: 0 | D113: 0 | E113: 0 | F113: 0
A114: 7 | B114: JOMBANG | C114: 1 | D114: 1 | E114: 12 | F114: 120
A115: 8 | B115: CIBEBER | C115: 1 | D115: 1 | E115: 21 | F115: 210
A116: JUMLAH | C116: =SUM(C108:C115) -> 8 | D116: =SUM(D108:D115) -> 14 | E116: =SUM(E108:E115) -> 132 | F116: =E116/D116*10 -> 94.285714
A118: 8. KACANG HIJAU
A119: No | B119: Kecamatan | C119: TANAM | D119: PANEN | E119: PRODUKSI | F119: PRODUKTIVITAS
C120: (Ha) | D120: (Ha) | E120: (Ton) | F120: (Ku/Ha)
A121: 1 | B121: 2 | C121: 3 | D121: 4 | E121: 5 | F121: 6
A122: 1 | B122: CIWANDAN | C122: 7 | D122: 14 | E122: 19 | F122: 13.571429
A123: 2 | B123: CITANGKIL | C123: 1 | D123: 0 | E123: 0 | F123: 0
...

Sheet okt-mar
A1: REALISASI TANAM PADI SAWAH OKTOBER 2014 S/D MARET 2015 DAN APRIL S/D SEPTEMBER 2015 | T1: REALISASI PRODUKSI PADI SAWAH OKTOBER 2013 S/D MARET 2014
A2: KOTA CILEGON | T2: KOTA CILEGON
Q3: (Ha) | AH3: (Ton)
A4: No | B4: Kecamatan | C4: 2014 S/D 2015 | I4: Okt-Mar | J4: 2015 | P4: Apr-Sep | Q4: Jumlah | T4: No | U4: Kecamatan | V4: 2014 S/D 2015 | AB4: 2015 | AH4: Jumlah
C5: Okt | D5: Nov | E5: Des | F5: Jan | G5: Peb | H5: Mar | J5: April | K5: Mei | L5: Juni | M5: Juli | N5: Agust | O5: Sep | V5: Okt | W5: Nov | X5: Des | Y5: Jan | Z5: Peb | AA5: Mar | AB5: April | AC5: Mei | AD5: Juni | AE5: Juli | AF5: Agust | AG5: Sep
A6: 1 | B6: 2 | C6: 3 | D6: 4 | E6: 5 | F6: 6 | G6: 7 | H6: 8 | I6: 9 | J6: 10 | K6: 11 | L6: 12 | M6: 13 | N6: 14 | O6: 15 | P6: 16 | Q6: 17 | T6: 1 | U6: 2 | V6: 3 | W6: 4 | X6: 5 | Y6: 6 | Z6: 7 | AA6: 8 | AB6: 9 | AC6: 10 | AD6: 11 | AE6: 12 | AF6: 13 | AG6: 14 | AH6: 15
A7: 1 | B7: CIWANDAN | C7: 0 | D7: 0 | E7: 0 | F7: 204 | G7: 0 | H7: 0 | I7: =SUM(C7:H7) -> 204 | J7: 2 | K7: 18 | L7: 8 | M7: 0 | N7: ='padi sawah'!J9 -> 1 | O7: ='padi sawah'!K9 -> 0 | P7: =SUM(J7:O7) -> 29 | Q7: =SUM(I7,P7) -> 233 | T7: 1 | U7: CIWANDAN | V7: 0 | W7: 0 | X7: 9 | Y7: 0 | Z7: 9 | AA7: 22 | AH7: =SUM(V7:AA7) -> 40
A8: 2 | B8: CITANGKIL | C8: 0 | D8: 25 | E8: 125 | F8: 114 | G8: 0 | H8: 15 | I8: =SUM(C8:H8) -> 279 | J8: 29 | K8: 7 | L8: 65 | M8: 1 | N8: ='padi sawah'!J10 -> 4 | O8: ='padi sawah'!K10 -> 4 | P8: =SUM(J8:O8) -> 110 | Q8: =SUM(I8,P8) -> 389 | T8: 2 | U8: CITANGKIL | V8: 0 | W8: 0 | X8: 117 | Y8: 28 | Z8: 0 | AA8: 168 | AH8: =SUM(V8:AA8) -> 313
A9: 3 | B9: PULOMERAK | C9: 0 | D9: 0 | E9: 10 | F9: 38 | G9: 0 | H9: 0 | I9: =SUM(C9:H9) -> 48 | J9: 5 | K9: 10 | L9: 0 | M9: 0 | N9: ='padi sawah'!J11 -> 0 | O9: ='padi sawah'!K11 -> 0 | P9: =SUM(J9:O9) -> 15 | Q9: =SUM(I9,P9) -> 63 | T9: 3 | U9: PULOMERAK | V9: 0 | W9: 0 | X9: 0 | Y9: 0 | Z9: 0 | AA9: 0 | AH9: =SUM(V9:AA9) -> 0
A10: 4 | B10: PURWAKARTA | C10: 0 | D10: 3 | E10: 165 | F10: 16 | G10: 0 | H10: 0 | I10: =SUM(C10:H10) -> 184 | J10: 0 | K10: 7 | L10: 7 | M10: 0 | N10: ='padi sawah'!J12 -> 2 | O10: ='padi sawah'!K12 -> 0 | P10: =SUM(J10:O10) -> 16 | Q10: =SUM(I10,P10) -> 200 | T10: 4 | U10: PURWAKARTA | V10: 0 | W10: 0 | X10: 0 | Y10: 10 | Z10: 0 | AA10: 161 | AH10: =SUM(V10:AA10) -> 171
A11: 5 | B11: GROGOL | C11: 0 | D11: 0 | E11: 25 | F11: 225 | G11: 0 | H11: 0 | I11: =SUM(C11:H11) -> 250 | J11: 0 | K11: 10 | L11: 10 | M11: 0 | N11: ='padi sawah'!J13 -> 0 | O11: ='padi sawah'!K13 -> 0 | P11: =SUM(J11:O11) -> 20 | Q11: =SUM(I11,P11) -> 270 | T11: 5 | U11: GROGOL | V11: 42 | W11: 0 | X11: 0 | Y11: 0 | Z11: 0 | AA11: 0 | AH11: =SUM(V11:AA11) -> 42
A12: 6 | B12: CILEGON | C12: 0 | D12: 8 | E12: 36 | F12: 0 | G12: 0 | H12: 0 | I12: =SUM(C12:H12) -> 44 | J12: 6 | K12: 15 | L12: 10 | M12: 0 | N12: ='padi sawah'!J14 -> 7 | O12: ='padi sawah'!K14 -> 0 | P12: =SUM(J12:O12) -> 38 | Q12: =SUM(I12,P12) -> 82 | T12: 6 | U12: CILEGON | V12: 0 | W12: 0 | X12: 0 | Y12: 85 | Z12: 0 | AA12: 0 | AH12: =SUM(V12:AA12) -> 85
A13: 7 | B13: JOMBANG | C13: 1 | D13: 1 | E13: 144 | F13: 133 | G13: 0 | H13: 0 | I13: =SUM(C13:H13) -> 279 | J13: 0 | K13: 8 | L13: 183 | M13: 110 | N13: ='padi sawah'!J15 -> 6 | O13: ='padi sawah'!K15 -> 0 | P13: =SUM(J13:O13) -> 307 | Q13: =SUM(I13,P13) -> 586 | T13: 7 | U13: JOMBANG | V13: 0 | W13: 56 | X13: 50 | Y13: 0 | Z13: 0 | AA13: 1474 | AH13: =SUM(V13:AA13) -> 1580
A14: 8 | B14: CIBEBER | C14: 0 | D14: 30 | E14: 73 | F14: 201 | G14: 0 | H14: 0 | I14: =SUM(C14:H14) -> 304 | J14: 36 | K14: 116 | L14: 11 | M14: 1 | N14: ='padi sawah'!J16 -> 0 | O14: ='padi sawah'!K16 -> 24 | P14: =SUM(J14:O14) -> 188 | Q14: =SUM(I14,P14) -> 492 | T14: 8 | U14: CIBEBER | V14: 20 | W14: 216 | X14: 35 | Y14: 197 | Z14: 0 | AA14: 157 | AH14: =SUM(V14:AA14) -> 625
A15: JUMLAH | C15: =SUM(C7:C14) -> 1 | D15: =SUM(D7:D14) -> 67 | E15: =SUM(E7:E14) -> 578 | F15: =SUM(F7:F14) -> 931 | G15: =SUM(G7:G14) -> 0 | H15: =SUM(H7:H14) -> 15 | I15: =SUM(I7:I14) -> 1592 | J15: =SUM(J7:J14) -> 78 | ... Q15: =SUM(Q7:Q14) -> 2315 | T15: JUMLAH | V15: =SUM(V7:V14) -> 62 | W15: =SUM(W7:W14) -> 272 | X15: =SUM(X7:X14) -> 211 | Y15: =SUM(Y7:Y14) -> 320 | Z15: =SUM(Z7:Z14) -> 9 | AA15: =SUM(AA7:AA14) -> 1982 | AB15: =SUM(AB7:AB14) -> 0 | AC15: =SUM(AC7:AC14) -> 0 | ... AH15: =SUM(AH7:AH14) -> 2856
A17: REALISASI PANEN PADI SAWAH OKTOBER 2014 S/D MARET 2015 DAN APRIL S/D SEPTEMBER 2015 | T17: REALISASI PRODUKSI PADI LADANG OKTOBER 2013 S/D MARET 2014
A18: KOTA CILEGON | T18: KOTA CILEGON
Q19: (Ha) | AH19: (Ton)
A20: No | B20: Kecamatan | C20: 2014 S/D 2015 | I20: Okt-Mar | J20: 2015 | P20: Apr-Sep | Q20: Jumlah | T20: No | U20: Kecamatan | V20: 2014 S/D 2015 | AB20: 2015 | AH20: Jumlah
C21: Okt | D21: Nov | E21: Des | F21: Jan | G21: Peb | H21: Mar | J21: April | K21: Mei | L21: Juni | M21: Juli | N21: Agust | O21: Sep | V21: Okt | W21: Nov | X21: Des | Y21: Jan | Z21: Peb | AA21: Mar | AB21: April | AC21: Mei | AD21: Juni | AE21: Juli | AF21: Agust | AG21: Sep
A22: 1 | B22: 2 | C22: 3 | D22: 4 | E22: 5 | F22: 6 | G22: 7 | H22: 8 | I22: 9 | J22: 10 | K22: 11 | L22: 12 | M22: 13 | N22: 14 | O22: 15 | P22: 16 | Q22: 17 | T22: 1 | U22: 2 | V22: 3 | W22: 4 | X22: 5 | Y22: 6 | Z22: 7 | AA22: 8 | AB22: 9 | AC22: 10 | AD22: 11 | AE22: 12 | AF22: 13 | AG22: 14 | AH22: 15
A23: 1 | B23: CIWANDAN | C23: 2 | D23: 0 | E23: 0 | F23: 0 | G23: 0 | H23: 0 | I23: =SUM(C23:H23) -> 2 | J23: 204 | K23: 0 | L23: 2 | M23: 0 | N23: ='padi sawah'!J42 -> 20 | O23: ='padi sawah'!K42 -> 6 | P23: =SUM(J23:O23) -> 232 | Q23: =SUM(I23,P23) -> 234 | T23: 1 | U23: CIWANDAN | V23: 0 | W23: 0 | X23: 0 | Y23: 0 | Z23: 0 | AA23: 0 | AH23: =SUM(V23:AG23) -> 0
A24: 2 | B24: CITANGKIL | C24: 3 | D24: 1 | E24: 0 | F24: 0 | G24: 25 | H24: 64 | I24: =SUM(C24:H24) -> 93 | J24: 75 | K24: 90 | L24: 0 | M24: 32 | N24: ='padi sawah'!J43 -> 81 | O24: ='padi sawah'!K43 -> 12 | P24: =SUM(J24:O24) -> 290 | Q24: =SUM(I24,P24) -> 383 | T24: 2 | U24: CITANGKIL | V24: 0 | W24: 0 | X24: 0 | Y24: 0 | Z24: 0 | AA24: 0 | AH24: =SUM(V24:AG24) -> 0
A25: 3 | B25: PULOMERAK | C25: 0 | D25: 0 | E25: 0 | F25: 0 | G25: 0 | H25: 10 | I25: =SUM(C25:H25) -> 10 | J25: 38 | K25: 0 | L25: 0 | M25: 5 | N25: ='padi sawah'!J44 -> 10 | O25: ='padi sawah'!K44 -> 0 | P25: =SUM(J25:O25) -> 53 | Q25: =SUM(I25,P25) -> 63 | T25: 3 | U25: PULOMERAK | V25: 0 | W25: 0 | X25: 0 | Y25: 0 | Z25: 0 | AA25: 93 | AH25: =SUM(V25:AG25) -> 93
A26: 4 | B26: PURWAKARTA | C26: 0 | D26: 0 | E26: 2 | F26: 0 | G26: 3 | H26: 165 | I26: =SUM(C26:H26) -> 170 | J26: 16 | K26: 0 | L26: 0 | M26: 0 | N26: ='padi sawah'!J45 -> 7 | O26: ='padi sawah'!K45 -> 7 | P26: =SUM(J26:O26) -> 30 | Q26: =SUM(I26,P26) -> 200 | T26: 4 | U26: PURWAKARTA | V26: 0 | W26: 0 | X26: 0 | Y26: 0 | Z26: 0 | AA26: 0 | AH26: =SUM(V26:AG26) -> 0
A27: 5 | B27: GROGOL | C27: 22 | D27: 5 | E27: 0 | F27: 0 | G27: 0 | H27: 25 | I27: =SUM(C27:H27) -> 52 | J27: 225 | K27: 0 | L27: 0 | M27: 0 | N27: ='padi sawah'!J46 -> 10 | O27: ='padi sawah'!K46 -> 10 | P27: =SUM(J27:O27) -> 245 | Q27: =SUM(I27,P27) -> 297 | T27: 5 | U27: GROGOL | V27: 0 | W27: 0 | X27: 0 | Y27: 0 | Z27: 0 | AA27: 0 | AH27: =SUM(V27:AG27) -> 0
A28: 6 | B28: CILEGON | C28: 0 | D28: 0 | E28: 0 | F28: 0 | G28: 0 | H28: 44 | I28: =SUM(C28:H28) -> 44 | J28: 0 | K28: 0 | L28: 6 | M28: 0 | N28: ='padi sawah'!J47 -> 10 | O28: ='padi sawah'!K47 -> 14 | P28: =SUM(J28:O28) -> 30 | Q28: =SUM(I28,P28) -> 74 | T28: 6 | U28: CILEGON | V28: 0 | W28: 0 | X28: 0 | Y28: 0 | Z28: 0 | AA28: 0 | AH28: =SUM(V28:AG28) -> 0
A29: 7 | B29: JOMBANG | C29: 49 | D29: 4 | E29: 2 | F29: 1 | G29: 1 | H29: 92 | I29: =SUM(C29:H29) -> 149 | J29: 162 | K29: 23 | L29: 0 | M29: 2 | N29: ='padi sawah'!J48 -> 30 | O29: ='padi sawah'!K48 -> 183 | P29: =SUM(J29:O29) -> 400 | Q29: =SUM(I29,P29) -> 549 | T29: 7 | U29: JOMBANG | V29: 0 | W29: 0 | X29: 0 | Y29: 0 | Z29: 0 | AA29: 0 | AH29: =SUM(V29:AG29) -> 0
A30: 8 | B30: CIBEBER | C30: 34 | D30: 22 | E30: 0 | F30: 0 | G30: 30 | H30: 206 | I30: =SUM(C30:H30) -> 292 | J30: 68 | K30: 0 | L30: 4 | M30: 40 | N30: ='padi sawah'!J49 -> 107 | O30: ='padi sawah'!K49 -> 11 | P30: =SUM(J30:O30) -> 230 | Q30: =SUM(I30,P30) -> 522 | T30: 8 | U30: CIBEBER | V30: 0 | W30: 0 | X30: 0 | Y30: 0 | Z30: 0 | AA30: 0 | AH30: =SUM(V30:AG30) -> 0
A31: JUMLAH | C31: 110 | D31: 32 | E31: 4 | F31: 1 | G31: 59 | H31: 606 | I31: =SUM(I23:I30) -> 812 | J31: =SUM(J23:J30) -> 788 | K31: =SUM(K23:K30) -> 113 | L31: =SUM(L23:L30) -> 12 | M31: =SUM(M23:M30) -> 79 | N31: =SUM(N23:N30) -> 275 | O31: =SUM(O23:O30) -> 243 | P31: =SUM(P23:P30) -> 1510 | Q31: =SUM(Q23:Q30) -> 2322 | T31: JUMLAH | V31: =SUM(V23:V30) -> 0 | W31: =SUM(W23:W30) -> 0 | X31: =SUM(X23:X30) -> 0 | Y31: =SUM(Y23:Y30) -> 0 | Z31: =SUM(Z23:Z30) -> 0 | AA31: =SUM(AA23:AA30) -> 93 | AB31: =SUM(AB23:AB30) -> 0 | AC31: =SUM(AC23:AC30) -> 0 | ... AH31: =SUM(AH23:AH30) -> 93
A37: REALISASI PRODUKSI PADI SAWAH OKTOBER 2014 S/D MARET 2015 DAN APRIL S/D SEPTEMBER 2015
A38: KOTA CILEGON
Q39: (Ha)
A40: No | B40: Kecamatan | C40: 2014 S/D 2015 | I40: Okt-Mar | J40: 2015 | P40: Apr-Sep | Q40: Jumlah
C41: Okt | D41: Nov | E41: Des | F41: Jan | G41: Peb | H41: Mar | J41: April | K41: Mei | L41: Juni | M41: Juli | N41: Agust | O41: Sep
A42: 1 | B42: 2 | C42: 3 | D42: 4 | E42: 5 | F42: 6 | G42: 7 | H42: 8 | I42: 9 | J42: 10 | K42: 11 | L42: 12 | M42: 13 | N42: 14 | O42: 15 | P42: 16 | Q42: 17
A43: 1 | B43: CIWANDAN | C43: 7 | D43: 0 | E43: 0 | F43: 0 | G43: 0 | H43: 0 | I43: =SUM(C43:H43) -> 7 | J43: 1327 | K43: 0 | L43: 10 | M43: 0 | N43: ='padi sawah'!J75 -> 90 | O43: ='padi sawah'!K75 -> 35 | P43: =SUM(J43:O43) -> 1462 | Q43: =SUM(I43,P43) -> 1469
A44: 2 | B44: CITANGKIL | C44: 20 | D44: 5 | E44: 0 | F44: 0 | G44: 173 | H44: 523 | I44: =SUM(C44:H44) -> 721 | J44: 455 | K44: 805 | L44: 0 | M44: 245 | N44: ='padi sawah'!J76 -> 639 | O44: ='padi sawah'!K76 -> 102 | P44: =SUM(J44:O44) -> 2246 | Q44: =SUM(I44,P44) -> 2967
A45: 3 | B45: PULOMERAK | C45: 0 | D45: 0 | E45: 0 | F45: 0 | G45: 0 | H45: 52 | I45: =SUM(C45:H45) -> 52 | J45: 231 | K45: 0 | L45: 0 | M45: 28 | N45: ='padi sawah'!J77 -> 30 | O45: ='padi sawah'!K77 -> 0 | P45: =SUM(J45:O45) -> 289 | Q45: =SUM(I45,P45) -> 341
A46: 4 | B46: PURWAKARTA | C46: 0 | D46: 0 | E46: 11 | F46: 0 | G46: 16 | H46: 943 | I46: =SUM(C46:H46) -> 970 | J46: 104 | K46: 0 | L46: 0 | M46: 0 | N46: ='padi sawah'!J78 -> 37 | O46: ='padi sawah'!K78 -> 35 | P46: =SUM(J46:O46) -> 176 | Q46: =SUM(I46,P46) -> 1146
A47: 5 | B47: GROGOL | C47: 121 | D47: 26 | E47: 0 | F47: 0 | G47: 0 | H47: 144 | I47: =SUM(C47:H47) -> 291 | J47: 1406 | K47: 0 | L47: 0 | M47: 0 | N47: ='padi sawah'!J79 -> 0 | O47: ='padi sawah'!K79 -> 59 | P47: =SUM(J47:O47) -> 1465 | Q47: =SUM(I47,P47) -> 1756
A48: 6 | B48: CILEGON | C48: 0 | D48: 0 | E48: 0 | F48: 0 | G48: 0 | H48: 325 | I48: =SUM(C48:H48) -> 325 | J48: 0 | K48: 0 | L48: 42 | M48: 0 | N48: ='padi sawah'!J80 -> 70 | O48: ='padi sawah'!K80 -> 94 | P48: =SUM(J48:O48) -> 206 | Q48: =SUM(I48,P48) -> 531
A49: 7 | B49: JOMBANG | C49: 270 | D49: 22 | E49: 11 | F49: 5 | G49: 6 | H49: 479 | I49: =SUM(C49:H49) -> 793 | J49: 1000 | K49: 129 | L49: 0 | M49: 9 | N49: ='padi sawah'!J81 -> 206 | O49: ='padi sawah'!K81 -> 1114 | P49: =SUM(J49:O49) -> 2458 | Q49: =SUM(I49,P49) -> 3251
A50: 8 | B50: CIBEBER | C50: 219 | D50: 142 | E50: 0 | F50: 0 | G50: 174 | H50: 1590 | I50: =SUM(C50:H50) -> 2125 | J50: 443 | K50: 0 | L50: 27 | M50: 248 | N50: ='padi sawah'!J82 -> 590 | O50: ='padi sawah'!K82 -> 66 | P50: =SUM(J50:O50) -> 1374 | Q50: =SUM(I50,P50) -> 3499
A51: JUMLAH | C51: =SUM(C43:C50) -> 637 | D51: =SUM(D43:D50) -> 195 | E51: =SUM(E43:E50) -> 22 | F51: =SUM(F43:F50) -> 5 | G51: =SUM(G43:G50) -> 369 | H51: =SUM(H43:H50) -> 4056 | I51: =SUM(I43:I50) -> 5284 | J51: =SUM(J43:J50) -> 4966 | ... Q51: =SUM(Q43:Q50) -> 14960
A53: REALISASI PRODUKTIVITAS PADI SAWAH OKTOBER 2014 S/D MARET 2015 DAN APRIL S/D SEPTEMBER 2015
A54: KOTA CILEGON
Q55: (Ku/Ha)
A56: No | B56: Kecamatan | C56: 2014 S/D 2015 | I56: Okt-Mar | J56: 2015 | P56: Apr-Sep | Q56: Jumlah
C57: Okt | D57: Nov | E57: Des | F57: Jan | G57: Peb | H57: Mar | J57: April | K57: Mei | L57: Juni | M57: Juli | N57: Agust | O57: Sep
A58: 1 | B58: 2 | C58: 3 | D58: 4 | E58: 5 | F58: 6 | G58: 7 | H58: 8 | I58: 9 | J58: 10 | K58: 11 | L58: 12 | M58: 13 | N58: 14 | O58: 15 | P58: 16 | Q58: 17
A59: 1 | B59: CIWANDAN | C59: 35.05 | D59: 0 | E59: 0 | F59: 0 | G59: 0 | H59: 0 | I59: =I43/I23*10 -> 35 | J59: 65.08 | K59: 0 | L59: ='padi sawah'!H108 -> 52.02 | M59: 0 | N59: ='padi sawah'!J108 -> 45.25 | O59: ='padi sawah'!K108 -> 58 | P59: =P43/P23*10 -> 63.017241 | Q59: =Q43/Q23*10 -> 62.777778
A60: 2 | B60: CITANGKIL | C60: 65.3 | D60: 50.12 | E60: 0 | F60: 0 | G60: 69.14 | H60: 81.67 | I60: =I44/I24*10 -> 77.526882 | J60: 60.63 | K60: 89.44 | L60: 0 | M60: 92.16 | N60: ='padi sawah'!J109 -> 78.89 | O60: ='padi sawah'!K109 -> 84.5 | P60: =P44/P24*10 -> 77.448276 | Q60: =Q44/Q24*10 -> 77.467363
A61: 3 | B61: PULOMERAK | C61: 0 | D61: 0 | E61: 0 | F61: 0 | G61: 0 | H61: 50.74 | I61: =I45/I25*10 -> 52 | J61: 60.81 | K61: 0 | L61: 0 | M61: 57 | N61: ='padi sawah'!J110 -> 26.5 | O61: ='padi sawah'!K110 -> 0 | P61: =P45/P25*10 -> 54.528302 | Q61: =Q45/Q25*10 -> 54.126984
A62: 4 | B62: PURWAKARTA | C62: 0 | D62: 0 | E62: 54.6 | F62: 0 | G62: 53.22 | H62: 57.15 | I62: =I46/I26*10 -> 57.058824 | J62: 65.01 | K62: 0 | L62: 0 | M62: 0 | N62: ='padi sawah'!J111 -> 52.36 | O62: ='padi sawah'!K111 -> 49.86 | P62: =P46/P26*10 -> 58.666667 | Q62: =Q46/Q26*10 -> 57.3
A63: 5 | B63: GROGOL | C63: 55.15 | D63: 51.1 | E63: 0 | F63: 0 | G63: 0 | H63: 57.6 | I63: =I47/I27*10 -> 55.961538 | J63: 62.5 | K63: 0 | L63: 0 | M63: 0 | N63: ='padi sawah'!J112 -> 58.72 | O63: ='padi sawah'!K112 -> 58.95 | P63: =P47/P27*10 -> 59.795918 | Q63: =Q47/Q27*10 -> 59.124579
A64: 6 | B64: CILEGON | C64: 0 | D64: 0 | E64: 0 | F64: 0 | G64: 0 | H64: 73.96 | I64: =I48/I28*10 -> 73.863636 | J64: 0 | K64: 0 | L64: 70.45 | M64: 0 | N64: ='padi sawah'!J113 -> 70.25 | O64: ='padi sawah'!K113 -> 67.12 | P64: 0 | Q64: =Q48/Q28*10 -> 71.756757
A65: 7 | B65: JOMBANG | C65: 55.17 | D65: 56.12 | E65: 54.2 | F65: 52.5 | G65: 58.48 | H65: 52.05 | I65: =I49/I29*10 -> 53.221477 | J65: 61.75 | K65: 56.15 | L65: 0 | M65: 45.11 | N65: ='padi sawah'!J114 -> 68.8 | O65: ='padi sawah'!K114 -> 60.89 | P65: =P49/P29*10 -> 61.45 | Q65: =Q49/Q29*10 -> 59.216758
A66: 8 | B66: CIBEBER | C66: 64.5 | D66: 64.5 | E66: 0 | F66: 0 | G66: 58.05 | H66: 77.2 | I66: =I50/I30*10 -> 72.773973 | J66: 65.2 | K66: 0 | L66: 68.8 | M66: 61.92 | N66: ='padi sawah'!J115 -> 55.15 | O66: ='padi sawah'!K115 -> 60 | P66: =P50/P30*10 -> 59.73913 | Q66: =Q50/Q30*10 -> 67.030651
A67: JUMLAH | C67: 57.909091 | D67: 60.9375 | E67: 54.4 | F67: 52.5 | G67: 62.542373 | H67: 66.930693 | I67: =I51/I31*10 -> 65.073892 | J67: 63.020305 | K67: =K51/K31*10 -> 82.654867 | L67: =L51/L31*10 -> 65.833333 | M67: =M51/M31*10 -> 67.088608 | N67: =N51/N31*10 -> 60.436364 | O67: =O51/O31*10 -> 61.934156 | P67: =P51/P31*10 -> 64.07947 | Q67: =Q51/Q31*10 -> 64.427218
A73: REALISASI TANAM PADI LADANG OKTOBER 2014 S/D MARET 2015 DAN APRIL S/D SEPTEMBER 2015
A74: KOTA CILEGON
Q75: (Ha)
A76: No | B76: Kecamatan | C76: 2014 S/D 2015 | I76: Okt-Mar | J76: 2015 | P76: Apr-Sep | Q76: Jumlah
C77: Okt | D77: Nov | E77: Des | F77: Jan | G77: Peb | H77: Mar | J77: April | K77: Mei | L77: Juni | M77: Juli | N77: Agust | O77: Sep
A78: 1 | B78: 2 | C78: 3 | D78: 4 | E78: 5 | F78: 6 | G78: 7 | H78: 8 | I78: 9 | J78: 10 | K78: 11 | L78: 12 | M78: 13 | N78: 14 | O78: 15 | P78: 16 | Q78: 17
A79: 1 | B79: CIWANDAN | C79: 0 | D79: 0 | E79: 0 | F79: 0 | G79: 0 | H79: 0 | I79: =SUM(C79:H79) -> 0 | J79: 0 | K79: 0 | L79: 0 | M79: 0 | N79: 0 | O79: 0 | P79: =SUM(J79:O79) -> 0 | Q79: =SUM(I79,P79) -> 0
A80: 2 | B80: CITANGKIL | C80: 0 | D80: 0 | E80: 0 | F80: 0 | G80: 0 | H80: 0 | I80: =SUM(C80:H80) -> 0 | J80: 0 | K80: 0 | L80: 0 | M80: 0 | N80: 0 | O80: 0 | P80: =SUM(J80:O80) -> 0 | Q80: =SUM(I80,P80) -> 0
A81: 3 | B81: PULOMERAK | C81: 0 | D81: 0 | E81: 15 | F81: 10 | G81: 0 | H81: 0 | I81: =SUM(C81:H81) -> 25 | J81: 0 | K81: 0 | L81: 0 | M81: 0 | N81: 0 | O81: 0 | P81: =SUM(J81:O81) -> 0 | Q81: =SUM(I81,P81) -> 25
A82: 4 | B82: PURWAKARTA | C82: 0 | D82: 0 | E82: 0 | F82: 0 | G82: 0 | H82: 0 | I82: =SUM(C82:H82) -> 0 | J82: 0 | K82: 0 | L82: 0 | M82: 0 | N82: 0 | O82: 0 | P82: =SUM(J82:O82) -> 0 | Q82: =SUM(I82,P82) -> 0
A83: 5 | B83: GROGOL | C83: 0 | D83: 0 | E83: 0 | F83: 0 | G83: 0 | H83: 0 | I83: =SUM(C83:H83) -> 0 | J83: 0 | K83: 0 | L83: 0 | M83: 0 | N83: 0 | O83: 0 | P83: =SUM(J83:O83) -> 0 | Q83: =SUM(I83,P83) -> 0
A84: 6 | B84: CILEGON | C84: 0 | D84: 0 | E84: 0 | F84: 0 | G84: 0 | H84: 0 | I84: =SUM(C84:H84) -> 0 | J84: 0 | K84: 0 | L84: 0 | M84: 0 | N84: 0 | O84: 0 | P84: =SUM(J84:O84) -> 0 | Q84: =SUM(I84,P84) -> 0
A85: 7 | B85: JOMBANG | C85: 0 | D85: 0 | E85: 0 | F85: 0 | G85: 0 | H85: 0 | I85: =SUM(C85:H85) -> 0 | J85: 0 | K85: 0 | L85: 0 | M85: 0 | N85: 0 | O85: 0 | P85: =SUM(J85:O85) -> 0 | Q85: =SUM(I85,P85) -> 0
A86: 8 | B86: CIBEBER | C86: 0 | D86: 0 | E86: 0 | F86: 0 | G86: 0 | H86: 0 | I86: =SUM(C86:H86) -> 0 | J86: 0 | K86: 0 | L86: 0 | M86: 0 | N86: 0 | O86: 0 | P86: =SUM(J86:O86) -> 0 | Q86: =SUM(I86,P86) -> 0
A87: JUMLAH | C87: =SUM(C79:C86) -> 0 | D87: =SUM(D79:D86) -> 0 | E87: =SUM(E79:E86) -> 15 | F87: =SUM(F79:F86) -> 10 | G87: =SUM(G79:G86) -> 0 | H87: =SUM(H79:H86) -> 0 | I87: =SUM(I79:I86) -> 25 | J87: =SUM(J79:J86) -> 0 | ... Q87: =SUM(Q79:Q86) -> 25
A89: REALISASI PANEN PADI LADANG OKTOBER 2014 S/D MARET 2015 DAN APRIL S/D SEPTEMBER 2015
A90: KOTA CILEGON
Q91: (Ha)
A92: No | B92: Kecamatan | C92: 2014 S/D 2015 | I92: Okt-Mar | J92: 2015 | P92: Apr-Sep | Q92: Jumlah
C93: Okt | D93: Nov | E93: Des | F93: Jan | G93: Peb | H93: Mar | J93: April | K93: Mei | L93: Juni | M93: Juli | N93: Agust | O93: Sep
A94: 1 | B94: 2 | C94: 3 | D94: 4 | E94: 5 | F94: 6 | G94: 7 | H94: 8 | I94: 9 | J94: 10 | K94: 11 | L94: 12 | M94: 13 | N94: 14 | O94: 15 | P94: 16 | Q94: 17
A95: 1 | B95: CIWANDAN | C95: 0 | D95: 0 | E95: 0 | F95: 0 | G95: 0 | H95: 0 | I95: =SUM(C95:H95) -> 0 | J95: 0 | K95: 0 | L95: 0 | M95: 0 | N95: 0 | P95: =SUM(J95:O95) -> 0 | Q95: =SUM(I95,P95) -> 0
A96: 2 | B96: CITANGKIL | C96: 0 | D96: 0 | E96: 0 | F96: 0 | G96: 0 | H96: 0 | I96: =SUM(C96:H96) -> 0 | J96: 0 | K96: 0 | L96: 0 | M96: 0 | N96: 0 | P96: =SUM(J96:O96) -> 0 | Q96: =SUM(I96,P96) -> 0
A97: 3 | B97: PULOMERAK | C97: 0 | D97: 0 | E97: 0 | F97: 0 | G97: 0 | H97: 15 | I97: =SUM(C97:H97) -> 15 | J97: 10 | K97: 0 | L97: 0 | M97: 0 | N97: 0 | P97: =SUM(J97:O97) -> 10 | Q97: =SUM(I97,P97) -> 25
A98: 4 | B98: PURWAKARTA | C98: 0 | D98: 0 | E98: 0 | F98: 0 | G98: 0 | H98: 0 | I98: =SUM(C98:H98) -> 0 | J98: 0 | K98: 0 | L98: 0 | M98: 0 | N98: 0 | P98: =SUM(J98:O98) -> 0 | Q98: =SUM(I98,P98) -> 0
A99: 5 | B99: GROGOL | C99: 0 | D99: 0 | E99: 0 | F99: 0 | G99: 0 | H99: 0 | I99: =SUM(C99:H99) -> 0 | J99: 0 | K99: 0 | L99: 0 | M99: 0 | N99: 0 | P99: =SUM(J99:O99) -> 0 | Q99: =SUM(I99,P99) -> 0
A100: 6 | B100: CILEGON | C100: 0 | D100: 0 | E100: 0 | F100: 0 | G100: 0 | H100: 0 | I100: =SUM(C100:H100) -> 0 | J100: 0 | K100: 0 | L100: 0 | M100: 0 | N100: 0 | P100: =SUM(J100:O100) -> 0 | Q100: =SUM(I100,P100) -> 0
A101: 7 | B101: JOMBANG | C101: 0 | D101: 0 | E101: 0 | F101: 0 | G101: 0 | H101: 0 | I101: =SUM(C101:H101) -> 0 | J101: 0 | K101: 0 | L101: 0 | M101: 0 | N101: 0 | P101: =SUM(J101:O101) -> 0 | Q101: =SUM(I101,P101) -> 0
A102: 8 | B102: CIBEBER | C102: 0 | D102: 0 | E102: 0 | F102: 0 | G102: 0 | H102: 0 | I102: =SUM(C102:H102) -> 0 | J102: 0 | K102: 0 | L102: 0 | M102: 0 | N102: 0 | P102: =SUM(J102:O102) -> 0 | Q102: =SUM(I102,P102) -> 0
A103: JUMLAH | C103: =SUM(C95:C102) -> 0 | D103: =SUM(D95:D102) -> 0 | E103: =SUM(E95:E102) -> 0 | F103: =SUM(F95:F102) -> 0 | G103: =SUM(G95:G102) -> 0 | H103: =SUM(H95:H102) -> 15 | I103: =SUM(I95:I102) -> 15 | J103: =SUM(J95:J102) -> 10 | ... Q103: =SUM(Q95:Q102) -> 25
A109: REALISASI PRODUKSI PADI LADANG OKTOBER 2014 S/D MARET 2015 DAN APRIL S/D SEPTEMBER 2015
A110: KOTA CILEGON
Q111: (Ton)
A112: No | B112: Kecamatan | C112: 2014 S/D 2015 | I112: Okt-Mar | J112: 2015 | P112: Apr-Sep | Q112: Jumlah
C113: Okt | D113: Nov | E113: Des | F113: Jan | G113: Peb | H113: Mar | J113: April | K113: Mei | L113: Juni | M113: Juli | N113: Agust | O113: Sep
A114: 1 | B114: 2 | C114: 3 | D114: 4 | E114: 5 | F114: 6 | G114: 7 | H114: 8 | I114: 9 | J114: 10 | K114: 11 | L114: 12 | M114: 13 | N114: 14 | O114: 15 | P114: 16 | Q114: 17
A115: 1 | B115: CIWANDAN | C115: 0 | D115: 0 | E115: 0 | F115: 0 | G115: 0 | H115: 0 | I115: =SUM(C115:H115) -> 0 | J115: 0 | K115: 0 | L115: 0 | M115: 0 | N115: 0 | P115: =SUM(J115:O115) -> 0 | Q115: =SUM(I115,P115) -> 0
A116: 2 | B116: CITANGKIL | C116: 0 | D116: 0 | E116: 0 | F116: 0 | G116: 0 | H116: 0 | I116: =SUM(C116:H116) -> 0 | J116: 0 | K116: 0 | L116: 0 | M116: 0 | N116: 0 | P116: =SUM(J116:O116) -> 0 | Q116: =SUM(I116,P116) -> 0
A117: 3 | B117: PULOMERAK | C117: 0 | D117: 0 | E117: 0 | F117: 0 | G117: 0 | H117: 46 | I117: =SUM(C117:H117) -> 46 | J117: 30 | K117: 0 | L117: 0 | M117: 0 | N117: 0 | P117: =SUM(J117:O117) -> 30 | Q117: =SUM(I117,P117) -> 76
A118: 4 | B118: PURWAKARTA | C118: 0 | D118: 0 | E118: 0 | F118: 0 | G118: 0 | H118: 0 | I118: =SUM(C118:H118) -> 0 | J118: 0 | K118: 0 | L118: 0 | M118: 0 | N118: 0 | P118: =SUM(J118:O118) -> 0 | Q118: =SUM(I118,P118) -> 0
...

Sheet okt-marbps
A1: REALISASI TANAM PADI SAWAH OKTOBER 2014 S/D MARET 2015 DAN APRIL S/D SEPTEMBER 2015
A2: KOTA CILEGON
Q3: (Ha)
A4: No | B4: Kecamatan | C4: 2014 S/D 2015 | I4: Okt-Mar | J4: 2015 | P4: Apr-Sep | Q4: Jumlah
C5: Okt | D5: Nov | E5: Des | F5: Jan | G5: Peb | H5: Mar | J5: April | K5: Mei | L5: Juni | M5: Juli | N5: Agust | O5: Sep
A6: 1 | B6: 2 | C6: 3 | D6: 4 | E6: 5 | F6: 6 | G6: 7 | H6: 8 | I6: 9 | J6: 10 | K6: 11 | L6: 12 | M6: 13 | N6: 14 | O6: 15 | P6: 16 | Q6: 17 | U6: Jan-Agust
A7: 1 | B7: CIWANDAN | C7: 0 | D7: 0 | E7: 0 | F7: 196 | G7: 0 | H7: 0 | I7: =SUM(C7:H7) -> 196 | J7: 2 | K7: =97%*'okt-mar'!K7 -> 17.46 | L7: =97%*'okt-mar'!L7 -> 7.76 | M7: =96%*'okt-mar'!M7 -> 0 | N7: =96%*'okt-mar'!N7 -> 0.96 | P7: =SUM(J7:O7) -> 28.18 | Q7: =SUM(I7,P7) -> 224.18 | S7: =SUM(J7:L7) -> 27.22 | T7: =97%*S7 -> 26.4034 | U7: =SUM(F7:H7,J7:N7) -> 224.18
A8: 2 | B8: CITANGKIL | C8: 0 | D8: 24 | E8: 120 | F8: 110 | G8: 0 | H8: 14 | I8: =SUM(C8:H8) -> 268 | J8: 28 | K8: =97%*'okt-mar'!K8 -> 6.79 | L8: =97%*'okt-mar'!L8 -> 63.05 | M8: =96%*'okt-mar'!M8 -> 0.96 | N8: =96%*'okt-mar'!N8 -> 3.84 | P8: =SUM(J8:O8) -> 102.64 | Q8: =SUM(I8,P8) -> 370.64 | S8: =SUM(J8:L8) -> 97.84 | U8: =SUM(F8:H8,J8:N8) -> 226.64
A9: 3 | B9: PULOMERAK | C9: 0 | D9: 0 | E9: 10 | F9: 37 | G9: 0 | H9: 0 | I9: =SUM(C9:H9) -> 47 | J9: 5 | K9: =97%*'okt-mar'!K9 -> 9.7 | L9: =97%*'okt-mar'!L9 -> 0 | M9: =96%*'okt-mar'!M9 -> 0 | N9: =96%*'okt-mar'!N9 -> 0 | P9: =SUM(J9:O9) -> 14.7 | Q9: =SUM(I9,P9) -> 61.7 | S9: =SUM(J9:L9) -> 14.7 | U9: =SUM(F9:H9,J9:N9) -> 51.7
A10: 4 | B10: PURWAKARTA | C10: 0 | D10: 3 | E10: 159 | F10: 15 | G10: 0 | H10: 0 | I10: =SUM(C10:H10) -> 177 | J10: 0 | K10: =97%*'okt-mar'!K10 -> 6.79 | L10: =97%*'okt-mar'!L10 -> 6.79 | M10: =96%*'okt-mar'!M10 -> 0 | N10: =96%*'okt-mar'!N10 -> 1.92 | P10: =SUM(J10:O10) -> 15.5 | Q10: =SUM(I10,P10) -> 192.5 | S10: =SUM(J10:L10) -> 13.58 | U10: =SUM(F10:H10,J10:N10) -> 30.5
A11: 5 | B11: GROGOL | C11: 0 | D11: 0 | E11: 24 | F11: 216 | G11: 0 | H11: 0 | I11: =SUM(C11:H11) -> 240 | J11: 0 | K11: =97%*'okt-mar'!K11 -> 9.7 | L11: =97%*'okt-mar'!L11 -> 9.7 | M11: =96%*'okt-mar'!M11 -> 0 | N11: =96%*'okt-mar'!N11 -> 0 | P11: =SUM(J11:O11) -> 19.4 | Q11: =SUM(I11,P11) -> 259.4 | S11: =SUM(J11:L11) -> 19.4 | U11: =SUM(F11:H11,J11:N11) -> 235.4
A12: 6 | B12: CILEGON | C12: 0 | D12: 8 | E12: 35 | F12: 0 | G12: 0 | H12: 0 | I12: =SUM(C12:H12) -> 43 | J12: 6 | K12: =97%*'okt-mar'!K12 -> 14.55 | L12: =97%*'okt-mar'!L12 -> 9.7 | M12: =96%*'okt-mar'!M12 -> 0 | N12: =96%*'okt-mar'!N12 -> 6.72 | P12: =SUM(J12:O12) -> 36.97 | Q12: =SUM(I12,P12) -> 79.97 | S12: =SUM(J12:L12) -> 30.25 | U12: =SUM(F12:H12,J12:N12) -> 36.97
A13: 7 | B13: JOMBANG | C13: 1 | D13: 1 | E13: 139 | F13: 128 | G13: 0 | H13: 0 | I13: =SUM(C13:H13) -> 269 | J13: 0 | K13: =97%*'okt-mar'!K13 -> 7.76 | L13: =97%*'okt-mar'!L13 -> 177.51 | M13: =96%*'okt-mar'!M13 -> 105.6 | N13: =96%*'okt-mar'!N13 -> 5.76 | P13: =SUM(J13:O13) -> 296.63 | Q13: =SUM(I13,P13) -> 565.63 | S13: =SUM(J13:L13) -> 185.27 | U13: =SUM(F13:H13,J13:N13) -> 424.63
A14: 8 | B14: CIBEBER | C14: 0 | D14: 29 | E14: 70 | F14: 198 | G14: 0 | H14: 0 | I14: =SUM(C14:H14) -> 297 | J14: 35 | K14: =97%*'okt-mar'!K14 -> 112.52 | L14: =97%*'okt-mar'!L14 -> 10.67 | M14: =96%*'okt-mar'!M14 -> 0.96 | N14: =96%*'okt-mar'!N14 -> 0 | P14: =SUM(J14:O14) -> 159.15 | Q14: =SUM(I14,P14) -> 456.15 | S14: =SUM(J14:L14) -> 158.19 | U14: =SUM(F14:H14,J14:N14) -> 357.15
A15: JUMLAH | C15: =SUM(C7:C14) -> 1 | D15: =SUM(D7:D14) -> 65 | E15: =SUM(E7:E14) -> 557 | F15: =SUM(F7:F14) -> 900 | G15: =SUM(G7:G14) -> 0 | H15: =SUM(H7:H14) -> 14 | I15: =SUM(I7:I14) -> 1537 | J15: =SUM(J7:J14) -> 76 | ... Q15: =SUM(Q7:Q14) -> 2210.17 | S15: =SUM(S7:S14) -> 546.45 | U15: =SUM(U7:U14) -> 1587.17
A17: REALISASI PANEN PADI SAWAH OKTOBER 2014 S/D MARET 2015 DAN APRIL S/D SEPTEMBER 2015
A18: KOTA CILEGON
Q19: (Ha)
A20: No | B20: Kecamatan | C20: 2014 S/D 2015 | I20: Okt-Mar | J20: 2015 | P20: Apr-Sep | Q20: Jumlah
C21: Okt | D21: Nov | E21: Des | F21: Jan | G21: Peb | H21: Mar | J21: April | K21: Mei | L21: Juni | M21: Juli | N21: Agust | O21: Sep
A22: 1 | B22: 2 | C22: 3 | D22: 4 | E22: 5 | F22: 6 | G22: 7 | H22: 8 | I22: 9 | J22: 10 | K22: 11 | L22: 12 | M22: 13 | N22: 14 | O22: 15 | P22: 16 | Q22: 17 | S22: Jan-Agust
A23: 1 | B23: CIWANDAN | C23: 2 | D23: 0 | E23: 0 | F23: 0 | G23: 0 | H23: 0 | I23: =SUM(C23:H23) -> 2 | J23: 196 | K23: ='okt-mar'!K23*0.97 -> 0 | L23: 2 | M23: 0 | N23: 20 | P23: =SUM(J23:O23) -> 218 | Q23: =SUM(I23,P23) -> 220 | S23: =SUM(F23:H23,J23:N23) -> 218
A24: 2 | B24: CITANGKIL | C24: 3 | D24: 1 | E24: 0 | F24: 0 | G24: 24 | H24: 61 | I24: =SUM(C24:H24) -> 89 | J24: 72 | K24: ='okt-mar'!K24*0.97 -> 87.3 | L24: 0 | M24: 32 | N24: 81 | P24: =SUM(J24:O24) -> 272.3 | Q24: =SUM(I24,P24) -> 361.3 | S24: =SUM(F24:H24,J24:N24) -> 357.3
A25: 3 | B25: PULOMERAK | C25: 0 | D25: 0 | E25: 0 | F25: 0 | G25: 0 | H25: 10 | I25: =SUM(C25:H25) -> 10 | J25: 37 | K25: ='okt-mar'!K25*0.97 -> 0 | L25: 0 | M25: 5 | N25: 10 | P25: =SUM(J25:O25) -> 52 | Q25: =SUM(I25,P25) -> 62 | S25: =SUM(F25:H25,J25:N25) -> 62
A26: 4 | B26: PURWAKARTA | C26: 0 | D26: 0 | E26: 2 | F26: 0 | G26: 3 | H26: 159 | I26: =SUM(C26:H26) -> 164 | J26: 15 | K26: ='okt-mar'!K26*0.97 -> 0 | L26: 0 | M26: 0 | N26: 7 | P26: =SUM(J26:O26) -> 22 | Q26: =SUM(I26,P26) -> 186 | S26: =SUM(F26:H26,J26:N26) -> 184
A27: 5 | B27: GROGOL | C27: 21 | D27: 5 | E27: 0 | F27: 0 | G27: 0 | H27: 24 | I27: =SUM(C27:H27) -> 50 | J27: 216 | K27: ='okt-mar'!K27*0.97 -> 0 | L27: 0 | M27: 0 | N27: 10 | P27: =SUM(J27:O27) -> 226 | Q27: =SUM(I27,P27) -> 276 | S27: =SUM(F27:H27,J27:N27) -> 250
A28: 6 | B28: CILEGON | C28: 0 | D28: 0 | E28: 0 | F28: 0 | G28: 0 | H28: 42 | I28: =SUM(C28:H28) -> 42 | J28: 0 | K28: ='okt-mar'!K28*0.97 -> 0 | L28: 6 | M28: 0 | N28: 10 | P28: =SUM(J28:O28) -> 16 | Q28: =SUM(I28,P28) -> 58 | S28: =SUM(F28:H28,J28:N28) -> 58
A29: 7 | B29: JOMBANG | C29: 47 | D29: 4 | E29: 2 | F29: 1 | G29: 1 | H29: 89 | I29: =SUM(C29:H29) -> 144 | J29: 156 | K29: ='okt-mar'!K29*0.97 -> 22.31 | L29: 0 | M29: 2 | N29: 30 | P29: =SUM(J29:O29) -> 210.31 | Q29: =SUM(I29,P29) -> 354.31 | S29: =SUM(F29:H29,J29:N29) -> 301.31
A30: 8 | B30: CIBEBER | C30: 33 | D30: 21 | E30: 0 | F30: 0 | G30: 33 | H30: 198 | I30: =SUM(C30:H30) -> 285 | J30: 66 | K30: ='okt-mar'!K30*0.97 -> 0 | L30: 4 | M30: 40 | N30: 107 | P30: =SUM(J30:O30) -> 217 | Q30: =SUM(I30,P30) -> 502 | S30: =SUM(F30:H30,J30:N30) -> 448
A31: JUMLAH | C31: =SUM(C23:C30) -> 106 | D31: =SUM(D23:D30) -> 31 | E31: =SUM(E23:E30) -> 4 | F31: =SUM(F23:F30) -> 1 | G31: =SUM(G23:G30) -> 61 | H31: =SUM(H23:H30) -> 583 | I31: =SUM(I23:I30) -> 786 | J31: =SUM(J23:J30) -> 758 | ... Q31: =SUM(Q23:Q30) -> 2019.61 | S31: =SUM(S23:S30) -> 1878.61
A36: REALISASI TANAM PADI LADANG OKTOBER 2014 S/D MARET 2015
A37: KOTA CILEGON
Q38: (Ha)
A39: No | B39: Kecamatan | C39: 2014 S/D 2015 | I39: Okt-Mar | J39: 2015 | P39: Apr-Sep | Q39: Jumlah
C40: Okt | D40: Nov | E40: Des | F40: Jan | G40: Peb | H40: Mar | J40: April | K40: Mei | L40: Juni | M40: Juli | N40: Agust | O40: Sep
A41: 1 | B41: 2 | C41: 3 | D41: 4 | E41: 5 | F41: 6 | G41: 7 | H41: 8 | I41: 9 | J41: 10 | K41: 11 | L41: 12 | M41: 13 | N41: 14 | O41: 15 | P41: 16 | Q41: 17
A42: 1 | B42: CIWANDAN | C42: 0 | D42: 0 | E42: 0 | F42: 0 | G42: 0 | H42: 0 | I42: =SUM(C42:H42) -> 0 | J42: 0 | K42: 0 | L42: 0 | P42: =SUM(J42:O42) -> 0 | Q42: =SUM(I42,P42) -> 0
A43: 2 | B43: CITANGKIL | C43: 0 | D43: 0 | E43: 0 | F43: 0 | G43: 0 | H43: 0 | I43: =SUM(C43:H43) -> 0 | J43: 0 | K43: 0 | L43: 0 | P43: =SUM(J43:O43) -> 0 | Q43: =SUM(I43,P43) -> 0
A44: 3 | B44: PULOMERAK | C44: 0 | D44: 0 | E44: 15 | F44: 10 | G44: 0 | H44: 0 | I44: =SUM(C44:H44) -> 25 | J44: 0 | K44: 0 | L44: 0 | P44: =SUM(J44:O44) -> 0 | Q44: =SUM(I44,P44) -> 25
A45: 4 | B45: PURWAKARTA | C45: 0 | D45: 0 | E45: 0 | F45: 0 | G45: 0 | H45: 0 | I45: =SUM(C45:H45) -> 0 | J45: 0 | K45: 0 | L45: 0 | P45: =SUM(J45:O45) -> 0 | Q45: =SUM(I45,P45) -> 0
A46: 5 | B46: GROGOL | C46: 0 | D46: 0 | E46: 0 | F46: 0 | G46: 0 | H46: 0 | I46: =SUM(C46:H46) -> 0 | J46: 0 | K46: 0 | L46: 0 | P46: =SUM(J46:O46) -> 0 | Q46: =SUM(I46,P46) -> 0
A47: 6 | B47: CILEGON | C47: 0 | D47: 0 | E47: 0 | F47: 0 | G47: 0 | H47: 0 | I47: =SUM(C47:H47) -> 0 | J47: 0 | K47: 0 | L47: 0 | P47: =SUM(J47:O47) -> 0 | Q47: =SUM(I47,P47) -> 0
A48: 7 | B48: JOMBANG | C48: 0 | D48: 0 | E48: 0 | F48: 0 | G48: 0 | H48: 0 | I48: =SUM(C48:H48) -> 0 | J48: 0 | K48: 0 | L48: 0 | P48: =SUM(J48:O48) -> 0 | Q48: =SUM(I48,P48) -> 0
A49: 8 | B49: CIBEBER | C49: 0 | D49: 0 | E49: 0 | F49: 0 | G49: 0 | H49: 0 | I49: =SUM(C49:H49) -> 0 | J49: 0 | K49: 0 | L49: 0 | P49: =SUM(J49:O49) -> 0 | Q49: =SUM(I49,P49) -> 0
A50: JUMLAH | C50: =SUM(C42:C49) -> 0 | D50: =SUM(D42:D49) -> 0 | E50: =SUM(E42:E49) -> 15 | F50: =SUM(F42:F49) -> 10 | G50: =SUM(G42:G49) -> 0 | H50: =SUM(H42:H49) -> 0 | I50: =SUM(I42:I49) -> 25 | J50: =SUM(J42:J49) -> 0 | ... Q50: =SUM(Q42:Q49) -> 25
A52: REALISASI PANEN PADI LADANG OKTOBER 2014 S/D MARET 2015
A53: KOTA CILEGON
Q54: (Ha)
A55: No | B55: Kecamatan | C55: 2014 S/D 2015 | I55: Okt-Mar | J55: 2015 | P55: Apr-Sep | Q55: Jumlah
C56: Okt | D56: Nov | E56: Des | F56: Jan | G56: Peb | H56: Mar | J56: April | K56: Mei | L56: Juni | M56: Juli | N56: Agust | O56: Sep
A57: 1 | B57: 2 | C57: 3 | D57: 4 | E57: 5 | F57: 6 | G57: 7 | H57: 8 | I57: 9 | J57: 10 | K57: 11 | L57: 12 | M57: 13 | N57: 14 | O57: 15 | P57: 16 | Q57: 17
A58: 1 | B58: CIWANDAN | C58: 0 | D58: 0 | E58: 0 | F58: 0 | G58: 0 | H58: 0 | I58: =SUM(C58:H58) -> 0 | J58: 0 | P58: =SUM(J58:O58) -> 0 | Q58: =SUM(I58,P58) -> 0
A59: 2 | B59: CITANGKIL | C59: 0 | D59: 0 | E59: 0 | F59: 0 | G59: 0 | H59: 0 | I59: =SUM(C59:H59) -> 0 | J59: 0 | P59: =SUM(J59:O59) -> 0 | Q59: =SUM(I59,P59) -> 0
A60: 3 | B60: PULOMERAK | C60: 0 | D60: 0 | E60: 0 | F60: 0 | G60: 0 | H60: 15 | I60: =SUM(C60:H60) -> 15 | J60: 10 | P60: =SUM(J60:O60) -> 10 | Q60: =SUM(I60,P60) -> 25
A61: 4 | B61: PURWAKARTA | C61: 0 | D61: 0 | E61: 0 | F61: 0 | G61: 0 | H61: 0 | I61: =SUM(C61:H61) -> 0 | J61: 0 | P61: =SUM(J61:O61) -> 0 | Q61: =SUM(I61,P61) -> 0
A62: 5 | B62: GROGOL | C62: 0 | D62: 0 | E62: 0 | F62: 0 | G62: 0 | H62: 0 | I62: =SUM(C62:H62) -> 0 | J62: 0 | P62: =SUM(J62:O62) -> 0 | Q62: =SUM(I62,P62) -> 0
A63: 6 | B63: CILEGON | C63: 0 | D63: 0 | E63: 0 | F63: 0 | G63: 0 | H63: 0 | I63: =SUM(C63:H63) -> 0 | J63: 0 | P63: =SUM(J63:O63) -> 0 | Q63: =SUM(I63,P63) -> 0
A64: 7 | B64: JOMBANG | C64: 0 | D64: 0 | E64: 0 | F64: 0 | G64: 0 | H64: 0 | I64: =SUM(C64:H64) -> 0 | J64: 0 | P64: =SUM(J64:O64) -> 0 | Q64: =SUM(I64,P64) -> 0
A65: 8 | B65: CIBEBER | C65: 0 | D65: 0 | E65: 0 | F65: 0 | G65: 0 | H65: 0 | I65: =SUM(C65:H65) -> 0 | J65: 0 | P65: =SUM(J65:O65) -> 0 | Q65: =SUM(I65,P65) -> 0
A66: JUMLAH | C66: =SUM(C58:C65) -> 0 | D66: =SUM(D58:D65) -> 0 | E66: =SUM(E58:E65) -> 0 | F66: =SUM(F58:F65) -> 0 | G66: =SUM(G58:G65) -> 0 | H66: =SUM(H58:H65) -> 15 | I66: =SUM(I58:I65) -> 15 | J66: =SUM(J58:J65) -> 10 | ... Q66: =SUM(Q58:Q65) -> 25
A70: REALISASI TANAM JAGUNG OKTOBER 2014 S/D MARET 2015
A71: KOTA CILEGON
Q72: (Ha)
A73: No | B73: Kecamatan | C73: 2014 S/D 2015 | I73: Okt-Mar | J73: 2015 | P73: Apr-Sep | Q73: Jumlah
C74: Okt | D74: Nov | E74: Des | F74: Jan | G74: Peb | H74: Mar | J74: April | K74: Mei | L74: Juni | M74: Juli | N74: Agust | O74: Sep
A75: 1 | B75: 2 | C75: 3 | D75: 4 | E75: 5 | F75: 6 | G75: 7 | H75: 8 | I75: 9 | J75: 10 | K75: 11 | L75: 12 | M75: 13 | N75: 14 | O75: 15 | P75: 16 | Q75: 17 | S75: Jan-Agus
A76: 1 | B76: CIWANDAN | C76: 0 | D76: 0 | E76: 5 | F76: 0 | G76: 0 | H76: 0 | I76: =SUM(C76:H76) -> 5 | J76: 0 | K76: 0 | L76: 0 | P76: =SUM(J76:O76) -> 0 | Q76: =SUM(I76,P76) -> 5 | S76: =SUM(F76:H76,J76:N76) -> 0
A77: 2 | B77: CITANGKIL | C77: 0 | D77: 0 | E77: 0 | F77: 0 | G77: 0 | H77: 1 | I77: =SUM(C77:H77) -> 1 | J77: 0 | K77: 0 | L77: 1 | P77: =SUM(J77:O77) -> 1 | Q77: =SUM(I77,P77) -> 2 | S77: =SUM(F77:H77,J77:N77) -> 2
A78: 3 | B78: PULOMERAK | C78: 0 | D78: 0 | E78: 2 | F78: 2 | G78: 3 | H78: 0 | I78: =SUM(C78:H78) -> 7 | J78: 0 | K78: 2 | L78: 0 | P78: =SUM(J78:O78) -> 2 | Q78: =SUM(I78,P78) -> 9 | S78: =SUM(F78:H78,J78:N78) -> 7
A79: 4 | B79: PURWAKARTA | C79: 0 | D79: 0 | E79: 0 | F79: 0 | G79: 0 | H79: 1 | I79: =SUM(C79:H79) -> 1 | J79: 1 | K79: 1 | L79: 2 | P79: =SUM(J79:O79) -> 4 | Q79: =SUM(I79,P79) -> 5 | S79: =SUM(F79:H79,J79:N79) -> 5
A80: 5 | B80: GROGOL | C80: 0 | D80: 0 | E80: 0 | F80: 0 | G80: 0 | H80: 0 | I80: =SUM(C80:H80) -> 0 | J80: 0 | K80: 2 | L80: 0 | P80: =SUM(J80:O80) -> 2 | Q80: =SUM(I80,P80) -> 2 | S80: =SUM(F80:H80,J80:N80) -> 2
A81: 6 | B81: CILEGON | C81: 0 | D81: 0 | E81: 0 | F81: 0 | G81: 0 | H81: 0 | I81: =SUM(C81:H81) -> 0 | J81: 0 | K81: 0 | L81: 0 | P81: =SUM(J81:O81) -> 0 | Q81: =SUM(I81,P81) -> 0 | S81: =SUM(F81:H81,J81:N81) -> 0
A82: 7 | B82: JOMBANG | C82: 0 | D82: 0 | E82: 0 | F82: 0 | G82: 0 | H82: 0 | I82: =SUM(C82:H82) -> 0 | J82: 0 | K82: 0 | L82: 0 | P82: =SUM(J82:O82) -> 0 | Q82: =SUM(I82,P82) -> 0 | S82: =SUM(F82:H82,J82:N82) -> 0
A83: 8 | B83: CIBEBER | C83: 0 | D83: 1 | E83: 0 | F83: 0 | G83: 1 | H83: 0 | I83: =SUM(C83:H83) -> 2 | J83: 1 | K83: 0 | L83: 0 | P83: =SUM(J83:O83) -> 1 | Q83: =SUM(I83,P83) -> 3 | S83: =SUM(F83:H83,J83:N83) -> 2
A84: JUMLAH | C84: =SUM(C76:C83) -> 0 | D84: =SUM(D76:D83) -> 1 | E84: =SUM(E76:E83) -> 7 | F84: 2 | G84: 4 | H84: 2 | I84: =SUM(I76:I83) -> 16 | J84: =SUM(J76:J83) -> 2 | K84: =SUM(K76:K83) -> 5 | L84: =SUM(L76:L83) -> 3 | M84: =SUM(M76:M83) -> 0 | N84: =SUM(N76:N83) -> 0 | O84: =SUM(O76:O83) -> 0 | P84: =SUM(P76:P83) -> 10 | Q84: =SUM(Q76:Q83) -> 26 | S84: =SUM(S76:S83) -> 18
A86: REALISASI PANEN JAGUNG OKTOBER 2014 S/D MARET 2015
A87: KOTA CILEGON
Q88: (Ha)
A89: No | B89: Kecamatan | C89: 2014 S/D 2015 | I89: Okt-Mar | J89: 2015 | P89: Apr-Sep | Q89: Jumlah
C90: Okt | D90: Nov | E90: Des | F90: Jan | G90: Peb | H90: Mar | J90: April | K90: Mei | L90: Juni | M90: Juli | N90: Agust | O90: Sep
A91: 1 | B91: 2 | C91: 3 | D91: 4 | E91: 5 | F91: 6 | G91: 7 | H91: 8 | I91: 9 | J91: 10 | K91: 11 | L91: 12 | M91: 13 | N91: 14 | O91: 15 | P91: 16 | Q91: 17 | S91: Jan-Agus
A92: 1 | B92: CIWANDAN | C92: 0 | D92: 0 | E92: 0 | F92: 0 | G92: 0 | H92: 0 | I92: =SUM(C92:H92) -> 0 | J92: 0 | K92: 0 | L92: 0 | M92: 0 | N92: 0 | P92: =SUM(J92:O92) -> 0 | Q92: =SUM(I92,P92) -> 0 | S92: =SUM(F92:H92,J92:N92) -> 0
A93: 2 | B93: CITANGKIL | C93: 0 | D93: 0 | E93: 0 | F93: 0 | G93: 0 | H93: 0 | I93: =SUM(C93:H93) -> 0 | J93: 0 | K93: 0 | L93: 0 | M93: 0 | N93: 0 | P93: =SUM(J93:O93) -> 0 | Q93: =SUM(I93,P93) -> 0 | S93: =SUM(F93:H93,J93:N93) -> 0
A94: 3 | B94: PULOMERAK | C94: 0 | D94: 0 | E94: 0 | F94: 0 | G94: 0 | H94: 4 | I94: =SUM(C94:H94) -> 4 | J94: 3 | K94: 0 | L94: 0 | M94: 0 | N94: 2 | P94: =SUM(J94:O94) -> 5 | Q94: =SUM(I94,P94) -> 9 | S94: =SUM(F94:H94,J94:N94) -> 9
A95: 4 | B95: PURWAKARTA | C95: 0 | D95: 0 | E95: 0 | F95: 0 | G95: 0 | H95: 0 | I95: =SUM(C95:H95) -> 0 | J95: 0 | K95: 1 | L95: 0 | M95: 0 | N95: 1 | P95: =SUM(J95:O95) -> 2 | Q95: =SUM(I95,P95) -> 2 | S95: =SUM(F95:H95,J95:N95) -> 2
A96: 5 | B96: GROGOL | C96: 0 | D96: 0 | E96: 0 | F96: 0 | G96: 0 | H96: 0 | I96: =SUM(C96:H96) -> 0 | J96: 0 | K96: 0 | L96: 0 | M96: 0 | N96: 2 | P96: =SUM(J96:O96) -> 2 | Q96: =SUM(I96,P96) -> 2 | S96: =SUM(F96:H96,J96:N96) -> 2
A97: 6 | B97: CILEGON | C97: 0 | D97: 0 | E97: 0 | F97: 0 | G97: 0 | H97: 0 | I97: =SUM(C97:H97) -> 0 | J97: 0 | K97: 0 | L97: 0 | M97: 0 | N97: 0 | P97: =SUM(J97:O97) -> 0 | Q97: =SUM(I97,P97) -> 0 | S97: =SUM(F97:H97,J97:N97) -> 0
A98: 7 | B98: JOMBANG | C98: 0 | D98: 0 | E98: 0 | F98: 0 | G98: 0 | H98: 0 | I98: =SUM(C98:H98) -> 0 | J98: 0 | K98: 0 | L98: 0 | M98: 0 | N98: 0 | P98: =SUM(J98:O98) -> 0 | Q98: =SUM(I98,P98) -> 0 | S98: =SUM(F98:H98,J98:N98) -> 0
A99: 8 | B99: CIBEBER | C99: 0 | D99: 0 | E99: 1 | F99: 0 | G99: 0 | H99: 0 | I99: =SUM(C99:H99) -> 1 | J99: 1 | K99: 0 | L99: 0 | M99: 1 | N99: 0 | P99: =SUM(J99:O99) -> 2 | Q99: =SUM(I99,P99) -> 3 | S99: =SUM(F99:H99,J99:N99) -> 2
A100: JUMLAH | C100: =SUM(C92:C99) -> 0 | D100: =SUM(D92:D99) -> 0 | E100: =SUM(E92:E99) -> 1 | F100: =SUM(F92:F99) -> 0 | G100: =SUM(G92:G99) -> 0 | H100: =SUM(H92:H99) -> 4 | I100: =SUM(I92:I99) -> 5 | J100: =SUM(J92:J99) -> 4 | ... Q100: =SUM(Q92:Q99) -> 16 | S100: =SUM(S92:S99) -> 15
A104: REALISASI PANEN JAGUNG MUDA OKTOBER 2014 S/D MARET 2015
A105: KOTA CILEGON
Q106: (Ha)
A107: No | B107: Kecamatan | C107: 2014 S/D 2015 | I107: Okt-Mar | J107: 2015 | P107: Apr-Sep | Q107: Jumlah
C108: Okt | D108: Nov | E108: Des | F108: Jan | G108: Peb | H108: Mar | J108: April | K108: Mei | L108: Juni | M108: Juli | N108: Agust | O108: Sep
A109: 1 | B109: 2 | C109: 3 | D109: 4 | E109: 5 | F109: 6 | G109: 7 | H109: 8 | I109: 9 | J109: 10 | K109: 11 | L109: 12 | M109: 13 | N109: 14 | O109: 15 | P109: 16 | Q109: 17
A110: 1 | B110: CIWANDAN | C110: 0 | D110: 0 | E110: 0 | F110: 0 | G110: 5 | H110: 0 | I110: =SUM(C110:H110) -> 5 | J110: 0 | P110: =SUM(J110:O110) -> 0 | Q110: =SUM(I110,P110) -> 5
A111: 2 | B111: CITANGKIL | C111: 0 | D111: 0 | E111: 0 | F111: 0 | G111: 0 | H111: 0 | I111: =SUM(C111:H111) -> 0 | J111: 0 | P111: =SUM(J111:O111) -> 0 | Q111: =SUM(I111,P111) -> 0
A112: 3 | B112: PULOMERAK | C112: 0 | D112: 0 | E112: 0 | F112: 0 | G112: 0 | H112: 0 | I112: =SUM(C112:H112) -> 0 | J112: 0 | P112: =SUM(J112:O112) -> 0 | Q112: =SUM(I112,P112) -> 0
A113: 4 | B113: PURWAKARTA | C113: 0 | D113: 0 | E113: 0 | F113: 0 | G113: 0 | H113: 0 | I113: =SUM(C113:H113) -> 0 | J113: 0 | P113: =SUM(J113:O113) -> 0 | Q113: =SUM(I113,P113) -> 0
...

Sheet lap bulanan
A1: SASARAN INDIKATIF LUAS TANAM PADI SAWAH MT. 2014/2015 DAN MT. 2015
A2: KOTA CILEGON
Q3: (Ha)
A4: NO | B4: KECAMATAN | C4: MT. 2014/2015 | I4: Oktober- Maret | J4: MT. 2015 | P4: April - Sept. | Q4: Oktober- Septem.
C5: Okt | D5: Nov | E5: Des | F5: Jan | G5: Feb | H5: Maret | J5: April | K5: Mei | L5: Juni | M5: Juli | N5: Ags | O5: Sept
A7: (1) | B7: (2) | C7: (3) | D7: (4) | E7: (5) | F7: (6) | G7: (7) | H7: (8) | I7: (9) | J7: (10) | K7: (11) | L7: (12) | M7: (13) | N7: (14) | O7: (15) | P7: (16) | Q7: (17)
A8: 1 | B8: CIWANDAN | C8: 0 | D8: 31 | E8: 0 | F8: 247 | G8: 43 | H8: 0 | I8: =SUM(C8:H8) -> 321 | J8: 0 | K8: 0 | L8: 0 | M8: 0 | N8: 0 | O8: 0 | P8: =SUM(J8:O8) -> 0 | Q8: =I8+P8 -> 321
A9: 2 | B9: CITANGKIL | C9: 29 | D9: 55 | E9: 55 | F9: 100 | G9: 55 | H9: 0 | I9: =SUM(C9:H9) -> 294 | J9: 0 | K9: 11 | L9: 0 | M9: 0 | N9: 0 | O9: 0 | P9: =SUM(J9:O9) -> 11 | Q9: =SUM(I9,P9) -> 305
A10: 3 | B10: PULO MERAK | C10: 0 | D10: 0 | E10: 10 | F10: 38 | G10: 0 | H10: 0 | I10: =SUM(C10:H10) -> 48 | J10: 0 | K10: 10 | L10: 0 | M10: 0 | N10: 0 | O10: 0 | P10: =SUM(J10:O10) -> 10 | Q10: =SUM(I10,P10) -> 58
A11: 4 | B11: PURWAKARTA | C11: 0 | D11: 0 | E11: 60 | F11: 124 | G11: 0 | H11: 0 | I11: =SUM(C11:H11) -> 184 | J11: 5 | K11: 10 | L11: 0 | M11: 0 | N11: 0 | O11: 10 | P11: =SUM(J11:O11) -> 25 | Q11: =SUM(I11,P11) -> 209
A12: 5 | B12: GEROGOL | C12: 0 | D12: 25 | E12: 50 | F12: 160 | G12: 25 | H12: 0 | I12: =SUM(C12:H12) -> 260 | J12: 0 | K12: 10 | L12: 0 | M12: 0 | N12: 0 | O12: 0 | P12: =SUM(J12:O12) -> 10 | Q12: =SUM(I12,P12) -> 270
A13: 6 | B13: CILEGON | C13: 0 | D13: 10 | E13: 25 | F13: 19 | G13: 1 | H13: 0 | I13: =SUM(C13:H13) -> 55 | J13: 0 | K13: 10 | L13: 0 | M13: 0 | N13: 0 | O13: 0 | P13: =SUM(J13:O13) -> 10 | Q13: =SUM(I13,P13) -> 65
A14: 7 | B14: JOMBANG | C14: 0 | D14: 0 | E14: 122 | F14: 271 | G14: 0 | H14: 9 | I14: =SUM(C14:H14) -> 402 | J14: 69 | K14: 45 | L14: 76 | M14: 0 | N14: 0 | O14: 5 | P14: =SUM(J14:O14) -> 195 | Q14: =SUM(I14,P14) -> 597
A15: 8 | B15: CIBEBER | C15: 0 | D15: 45 | E15: 120 | F15: 160 | G15: 25 | H15: 20 | I15: =SUM(C15:H15) -> 370 | J15: 20 | K15: 25 | L15: 0 | M15: 0 | N15: 0 | O15: 0 | P15: =SUM(J15:O15) -> 45 | Q15: =SUM(I15,P15) -> 415
B16: Jumlah | C16: =SUM(C8:C15) -> 29 | D16: =SUM(D8:D15) -> 166 | E16: =SUM(E8:E15) -> 442 | F16: =SUM(F8:F15) -> 1119 | G16: =SUM(G8:G15) -> 149 | H16: =SUM(H8:H15) -> 29 | I16: =SUM(I8:I15) -> 1934 | J16: =SUM(J8:J15) -> 94 | ... Q16: =SUM(Q8:Q15) -> 2240
A18: REALISASI TANAM PADI SAWAH OKTOBER 2014 S/D MARET 2015
A19: KOTA CILEGON
A21: NO | B21: KECAMATAN | C21: MT. 2014/2015 | I21: Oktober- Maret | J21: MT. 2015 | P21: April - Sept. | Q21: Oktober- Septem.
C22: Okt | D22: Nov | E22: Des | F22: Jan | G22: Feb | H22: Maret | J22: April | K22: Mei | L22: Juni | M22: Juli | N22: Ags | O22: Sept
A24: (1) | B24: (2) | C24: (3) | D24: (4) | E24: (5) | F24: (6) | G24: (7) | H24: (8) | I24: (9) | J24: (10) | K24: (11) | L24: (12) | M24: (13) | N24: (14) | O24: (15) | P24: (16) | Q24: (17)
A25: 1 | B25: CIWANDAN | C25: 0 | D25: 0 | E25: 0 | F25: 204 | G25: 0 | H25: 0 | I25: =SUM(C25:H25) -> 204 | J25: 2 | K25: 18 | P25: =SUM(J25:O25) -> 20 | Q25: =SUM(I25,P25) -> 224
A26: 2 | B26: CITANGKIL | C26: 0 | D26: 25 | E26: 125 | F26: 114 | G26: 0 | H26: 15 | I26: =SUM(C26:H26) -> 279 | J26: 29 | K26: 7 | P26: =SUM(J26:O26) -> 36 | Q26: =SUM(I26,P26) -> 315
A27: 3 | B27: PULOMERAK | C27: 0 | D27: 0 | E27: 10 | F27: 38 | G27: 0 | H27: 0 | I27: =SUM(C27:H27) -> 48 | J27: 5 | K27: 10 | P27: =SUM(J27:O27) -> 15 | Q27: =SUM(I27,P27) -> 63
A28: 4 | B28: PURWAKARTA | C28: 0 | D28: 3 | E28: 165 | F28: 16 | G28: 0 | H28: 0 | I28: =SUM(C28:H28) -> 184 | J28: 0 | K28: 7 | P28: =SUM(J28:O28) -> 7 | Q28: =SUM(I28,P28) -> 191
A29: 5 | B29: GROGOL | C29: 0 | D29: 0 | E29: 25 | F29: 225 | G29: 0 | H29: 0 | I29: =SUM(C29:H29) -> 250 | J29: 0 | K29: 10 | P29: =SUM(J29:O29) -> 10 | Q29: =SUM(I29,P29) -> 260
A30: 6 | B30: CILEGON | C30: 0 | D30: 8 | E30: 36 | F30: 0 | G30: 0 | H30: 0 | I30: =SUM(C30:H30) -> 44 | J30: 6 | K30: 15 | P30: =SUM(J30:O30) -> 21 | Q30: =SUM(I30,P30) -> 65
A31: 7 | B31: JOMBANG | C31: 1 | D31: 1 | E31: 144 | F31: 133 | G31: 0 | H31: 0 | I31: =SUM(C31:H31) -> 279 | J31: 0 | K31: 8 | P31: =SUM(J31:O31) -> 8 | Q31: =SUM(I31,P31) -> 287
A32: 8 | B32: CIBEBER | C32: 0 | D32: 30 | E32: 73 | F32: 201 | G32: 0 | H32: 0 | I32: =SUM(C32:H32) -> 304 | J32: 36 | K32: 116 | P32: =SUM(J32:O32) -> 152 | Q32: =SUM(I32,P32) -> 456
A33: JUMLAH | C33: =SUM(C25:C32) -> 1 | D33: =SUM(D25:D32) -> 67 | E33: =SUM(E25:E32) -> 578 | F33: =SUM(F25:F32) -> 931 | G33: =SUM(G25:G32) -> 0 | H33: =SUM(H25:H32) -> 15 | I33: =SUM(I25:I32) -> 1592 | J33: =SUM(J25:J32) -> 78 | ... Q33: =SUM(Q25:Q32) -> 1861
A37: SASARAN INDIKATIF LUAS TANAM PADI LADANG MT. 2014/2015 DAN MT. 2015
A38: KOTA CILEGON
Q39: (Ha)
A40: NO | B40: KECAMATAN | C40: MT. 2014/2015 | I40: Oktober- Maret | J40: MT. 2015 | P40: April - Sept. | Q40: Oktober- Septem.
C41: Okt | D41: Nov | E41: Des | F41: Jan | G41: Feb | H41: Maret | J41: April | K41: Mei | L41: Juni | M41: Juli | N41: Ags | O41: Sept
A43: (1) | B43: (2) | C43: (3) | D43: (4) | E43: (5) | F43: (6) | G43: (7) | H43: (8) | I43: (9) | J43: (10) | K43: (11) | L43: (12) | M43: (13) | N43: (14) | O43: (15) | P43: (16) | Q43: (17)
A44: 1 | B44: CIWANDAN | C44: 0 | D44: 0 | E44: 0 | F44: 0 | G44: 0 | H44: 0 | I44: =SUM(C44:H44) -> 0 | J44: 0 | K44: 0 | L44: 0 | M44: 0 | N44: 0 | O44: 0 | P44: =SUM(J44:O44) -> 0 | Q44: =I44+P44 -> 0
A45: 2 | B45: CITANGKIL | C45: 0 | D45: 0 | E45: 0 | F45: 0 | G45: 0 | H45: 0 | I45: =SUM(C45:H45) -> 0 | J45: 0 | K45: 0 | L45: 0 | M45: 0 | N45: 0 | O45: 0 | P45: =SUM(J45:O45) -> 0 | Q45: =I45+P45 -> 0
A46: 3 | B46: PULO MERAK | C46: 0 | D46: 0 | E46: 10 | F46: 20 | G46: 0 | H46: 0 | I46: =SUM(C46:H46) -> 30 | J46: 0 | K46: 0 | L46: 0 | M46: 0 | N46: 0 | O46: 0 | P46: =SUM(J46:O46) -> 0 | Q46: =SUM(I46,P46) -> 30
A47: 4 | B47: PURWAKARTA | C47: 0 | D47: 0 | E47: 0 | F47: 0 | G47: 0 | H47: 0 | I47: =SUM(C47:H47) -> 0 | J47: 0 | K47: 0 | L47: 0 | M47: 0 | N47: 0 | O47: 0 | P47: =SUM(J47:O47) -> 0 | Q47: =I47+P47 -> 0
A48: 5 | B48: GEROGOL | C48: 0 | D48: 0 | E48: 0 | F48: 1 | G48: 0 | H48: 0 | I48: =SUM(C48:H48) -> 1 | J48: 0 | K48: 0 | L48: 0 | M48: 0 | N48: 0 | O48: 0 | P48: 0 | Q48: =SUM(I48,P48) -> 1
A49: 6 | B49: CILEGON | C49: 0 | D49: 0 | E49: 0 | F49: 0 | G49: 0 | H49: 0 | I49: =SUM(C49:H49) -> 0 | J49: 0 | K49: 0 | L49: 0 | M49: 0 | N49: 0 | P49: =SUM(J49:O49) -> 0 | Q49: =I49+P49 -> 0
A50: 7 | B50: JOMBANG | C50: 0 | D50: 0 | E50: 0 | F50: 0 | G50: 0 | H50: 0 | I50: =SUM(C50:H50) -> 0 | J50: 0 | K50: 0 | L50: 0 | M50: 0 | N50: 0 | O50: 0 | P50: =SUM(J50:O50) -> 0 | Q50: =I50+P50 -> 0
A51: 8 | B51: CIBEBER | C51: 0 | D51: 0 | E51: 0 | F51: 0 | G51: 0 | H51: 0 | I51: =SUM(C51:H51) -> 0 | J51: 0 | K51: 0 | L51: 0 | M51: 0 | N51: 0 | O51: 0 | P51: =SUM(J51:O51) -> 0 | Q51: =I51+P51 -> 0
B52: Jumlah | C52: =SUM(C44:C51) -> 0 | D52: =SUM(D44:D51) -> 0 | E52: =SUM(E44:E51) -> 10 | F52: =SUM(F44:F51) -> 21 | G52: =SUM(G44:G51) -> 0 | H52: =SUM(H44:H51) -> 0 | I52: =SUM(I44:I51) -> 31 | J52: =SUM(J44:J51) -> 0 | ... Q52: =SUM(Q44:Q51) -> 31
A54: REALISASI TANAM PADI LADANG OKTOBER 2014 S/D MARET 2015
A55: KOTA CILEGON
A57: NO | B57: KECAMATAN | C57: MT. 2014/2015 | I57: Oktober- Maret | J57: MT. 2015 | P57: April - Sept. | Q57: Oktober- Septem.
C58: Okt | D58: Nov | E58: Des | F58: Jan | G58: Feb | H58: Maret | J58: April | K58: Mei | L58: Juni | M58: Juli | N58: Ags | O58: Sept
A60: (1) | B60: (2) | C60: (3) | D60: (4) | E60: (5) | F60: (6) | G60: (7) | H60: (8) | I60: (9) | J60: (10) | K60: (11) | L60: (12) | M60: (13) | N60: (14) | O60: (15) | P60: (16) | Q60: (17)
A61: 1 | B61: CIWANDAN | C61: 0 | D61: 0 | E61: 0 | F61: 0 | G61: 0 | H61: 0 | I61: =SUM(C61:H61) -> 0 | J61: 0 | K61: 0 | P61: =SUM(J61:O61) -> 0 | Q61: =SUM(I61,P61) -> 0
A62: 2 | B62: CITANGKIL | C62: 0 | D62: 0 | E62: 0 | F62: 0 | G62: 0 | H62: 0 | I62: =SUM(C62:H62) -> 0 | J62: 0 | K62: 0 | P62: =SUM(J62:O62) -> 0 | Q62: =SUM(I62,P62) -> 0
A63: 3 | B63: PULOMERAK | C63: 0 | D63: 0 | E63: 15 | F63: 10 | G63: 0 | H63: 0 | I63: =SUM(C63:H63) -> 25 | J63: 0 | K63: 0 | P63: =SUM(J63:O63) -> 0 | Q63: =SUM(I63,P63) -> 25
A64: 4 | B64: PURWAKARTA | C64: 0 | D64: 0 | E64: 0 | F64: 0 | G64: 0 | H64: 0 | I64: =SUM(C64:H64) -> 0 | J64: 0 | K64: 0 | P64: =SUM(J64:O64) -> 0 | Q64: =SUM(I64,P64) -> 0
A65: 5 | B65: GROGOL | C65: 0 | D65: 0 | E65: 0 | F65: 0 | G65: 0 | H65: 0 | I65: =SUM(C65:H65) -> 0 | J65: 0 | K65: 0 | P65: =SUM(J65:O65) -> 0 | Q65: =SUM(I65,P65) -> 0
A66: 6 | B66: CILEGON | C66: 0 | D66: 0 | E66: 0 | F66: 0 | G66: 0 | H66: 0 | I66: =SUM(C66:H66) -> 0 | J66: 0 | K66: 0 | P66: =SUM(J66:O66) -> 0 | Q66: =SUM(I66,P66) -> 0
A67: 7 | B67: JOMBANG | C67: 0 | D67: 0 | E67: 0 | F67: 0 | G67: 0 | H67: 0 | I67: =SUM(C67:H67) -> 0 | J67: 0 | K67: 0 | P67: =SUM(J67:O67) -> 0 | Q67: =SUM(I67,P67) -> 0
A68: 8 | B68: CIBEBER | C68: 0 | D68: 0 | E68: 0 | F68: 0 | G68: 0 | H68: 0 | I68: =SUM(C68:H68) -> 0 | J68: 0 | K68: 0 | P68: =SUM(J68:O68) -> 0 | Q68: =SUM(I68,P68) -> 0
A69: JUMLAH | C69: =SUM(C61:C68) -> 0 | D69: =SUM(D61:D68) -> 0 | E69: =SUM(E61:E68) -> 15 | F69: =SUM(F61:F68) -> 10 | G69: =SUM(G61:G68) -> 0 | H69: =SUM(H61:H68) -> 0 | I69: =SUM(I61:I68) -> 25 | J69: =SUM(J61:J68) -> 0 | ... Q69: =SUM(Q61:Q68) -> 25

Sheet Sheet1
A2: A. PADI SAWAH
U3: (Ha)
A4: NO | B4: KECAMATAN | C4: TARGET OKT-MAR | D4: REALISASI OKT-MAR | E4: MT. 2015 | S4: TOTAL | U4: SISA TANAM
E5: APRIL | G5: MEI | I5: JUNI | K5: JULI*) | M5: AGUST | O5: SEPT | Q5: JUMLAH APR-SEPT
C6: MT. 2014/2015 | D6: MT. 2014/2015 | E6: TARGET | F6: REALISASI | G6: TARGET | H6: REALISASI | I6: TARGET | J6: REALISASI | K6: TARGET | L6: REALISASI | M6: TARGET | N6: REALISASI | O6: TARGET | P6: REALISASI | Q6: TARGET | R6: REALISASI | S6: TARGET | T6: REALISASI
A7: (1) | B7: (2) | C7: (3) | D7: (4) | E7: (5) | F7: (6) | G7: (7) | H7: (8) | I7: (9) | J7: (10) | K7: (11) | L7: (12) | M7: (13) | N7: (14) | O7: (15) | P7: (16) | Q7: (17) | R7: (18) | S7: (19) | T7: (20) | U7: (21)
A8: 1 | B8: CIWANDAN | C8: ='lap bulanan'!I8 -> 321 | D8: 196 | E8: ='lap bulanan'!J8 -> 0 | F8: ='okt-marbps'!J7 -> 2 | G8: ='lap bulanan'!K8 -> 0 | H8: ='okt-marbps'!K7 -> 17.46 | I8: ='lap bulanan'!L8 -> 0 | J8: ='okt-marbps'!L7 -> 7.76 | K8: ='lap bulanan'!M8 -> 0 | L8: ='okt-marbps'!M7 -> 0 | M8: ='lap bulanan'!N8 -> 0 | N8: ='lap bulanan'!N25 -> 0 | O8: ='lap bulanan'!O8 -> 0 | P8: ='lap bulanan'!O25 -> 0 | Q8: =SUM(E8,G8,I8,K8,M8,O8) -> 0 | R8: =SUM(F8,H8,J8,L8,N8,P8) -> 27.22 | S8: =SUM(C8,Q8) -> 321 | T8: =SUM(D8,R8) -> 223.22 | U8: =S8-T8 -> 97.78
A9: 2 | B9: CITANGKIL | C9: ='lap bulanan'!I9 -> 294 | D9: 268 | E9: ='lap bulanan'!J9 -> 0 | F9: ='okt-marbps'!J8 -> 28 | G9: ='lap bulanan'!K9 -> 11 | H9: ='okt-marbps'!K8 -> 6.79 | I9: ='lap bulanan'!L9 -> 0 | J9: ='okt-marbps'!L8 -> 63.05 | K9: ='lap bulanan'!M9 -> 0 | L9: ='okt-marbps'!M8 -> 0.96 | M9: ='lap bulanan'!N9 -> 0 | N9: ='lap bulanan'!N26 -> 0 | O9: ='lap bulanan'!O9 -> 0 | P9: ='lap bulanan'!O26 -> 0 | Q9: =SUM(E9,G9,I9,K9,M9,O9) -> 11 | R9: =SUM(F9,H9,J9,L9,N9,P9) -> 98.8 | S9: =SUM(C9,Q9) -> 305 | T9: =SUM(D9,R9) -> 366.8 | U9: =S9-T9 -> -61.8
A10: 3 | B10: PULO MERAK | C10: ='lap bulanan'!I10 -> 48 | D10: 47 | E10: ='lap bulanan'!J10 -> 0 | F10: ='okt-marbps'!J9 -> 5 | G10: ='lap bulanan'!K10 -> 10 | H10: ='okt-marbps'!K9 -> 9.7 | I10: ='lap bulanan'!L10 -> 0 | J10: ='okt-marbps'!L9 -> 0 | K10: ='lap bulanan'!M10 -> 0 | L10: ='okt-marbps'!M9 -> 0 | M10: ='lap bulanan'!N10 -> 0 | N10: ='lap bulanan'!N27 -> 0 | O10: ='lap bulanan'!O10 -> 0 | P10: ='lap bulanan'!O27 -> 0 | Q10: =SUM(E10,G10,I10,K10,M10,O10) -> 10 | R10: =SUM(F10,H10,J10,L10,N10,P10) -> 14.7 | S10: =SUM(C10,Q10) -> 58 | T10: =SUM(D10,R10) -> 61.7 | U10: =S10-T10 -> -3.7
A11: 4 | B11: PURWAKARTA | C11: ='lap bulanan'!I11 -> 184 | D11: 177 | E11: ='lap bulanan'!J11 -> 5 | F11: ='okt-marbps'!J10 -> 0 | G11: ='lap bulanan'!K11 -> 10 | H11: ='okt-marbps'!K10 -> 6.79 | I11: ='lap bulanan'!L11 -> 0 | J11: ='okt-marbps'!L10 -> 6.79 | K11: ='lap bulanan'!M11 -> 0 | L11: ='okt-marbps'!M10 -> 0 | M11: ='lap bulanan'!N11 -> 0 | N11: ='lap bulanan'!N28 -> 0 | O11: ='lap bulanan'!O11 -> 10 | P11: ='lap bulanan'!O28 -> 0 | Q11: =SUM(E11,G11,I11,K11,M11,O11) -> 25 | R11: =SUM(F11,H11,J11,L11,N11,P11) -> 13.58 | S11: =SUM(C11,Q11) -> 209 | T11: =SUM(D11,R11) -> 190.58 | U11: =S11-T11 -> 18.42
A12: 5 | B12: GEROGOL | C12: ='lap bulanan'!I12 -> 260 | D12: 240 | E12: ='lap bulanan'!J12 -> 0 | F12: ='okt-marbps'!J11 -> 0 | G12: ='lap bulanan'!K12 -> 10 | H12: ='okt-marbps'!K11 -> 9.7 | I12: ='lap bulanan'!L12 -> 0 | J12: ='okt-marbps'!L11 -> 9.7 | K12: ='lap bulanan'!M12 -> 0 | L12: ='okt-marbps'!M11 -> 0 | M12: ='lap bulanan'!N12 -> 0 | N12: ='lap bulanan'!N29 -> 0 | O12: ='lap bulanan'!O12 -> 0 | P12: ='lap bulanan'!O29 -> 0 | Q12: =SUM(E12,G12,I12,K12,M12,O12) -> 10 | R12: =SUM(F12,H12,J12,L12,N12,P12) -> 19.4 | S12: =SUM(C12,Q12) -> 270 | T12: =SUM(D12,R12) -> 259.4 | U12: =S12-T12 -> 10.6
A13: 6 | B13: CILEGON | C13: ='lap bulanan'!I13 -> 55 | D13: 43 | E13: ='lap bulanan'!J13 -> 0 | F13: ='okt-marbps'!J12 -> 6 | G13: ='lap bulanan'!K13 -> 10 | H13: ='okt-marbps'!K12 -> 14.55 | I13: ='lap bulanan'!L13 -> 0 | J13: ='okt-marbps'!L12 -> 9.7 | K13: ='lap bulanan'!M13 -> 0 | L13: ='okt-marbps'!M12 -> 0 | M13: ='lap bulanan'!N13 -> 0 | N13: ='lap bulanan'!N30 -> 0 | O13: ='lap bulanan'!O13 -> 0 | P13: ='lap bulanan'!O30 -> 0 | Q13: =SUM(E13,G13,I13,K13,M13,O13) -> 10 | R13: =SUM(F13,H13,J13,L13,N13,P13) -> 30.25 | S13: =SUM(C13,Q13) -> 65 | T13: =SUM(D13,R13) -> 73.25 | U13: =S13-T13 -> -8.25
A14: 7 | B14: JOMBANG | C14: ='lap bulanan'!I14 -> 402 | D14: 269 | E14: ='lap bulanan'!J14 -> 69 | F14: ='okt-marbps'!J13 -> 0 | G14: ='lap bulanan'!K14 -> 45 | H14: ='okt-marbps'!K13 -> 7.76 | I14: ='lap bulanan'!L14 -> 76 | J14: ='okt-marbps'!L13 -> 177.51 | K14: ='lap bulanan'!M14 -> 0 | L14: 104 | M14: ='lap bulanan'!N14 -> 0 | N14: ='lap bulanan'!N31 -> 0 | O14: ='lap bulanan'!O14 -> 5 | P14: ='lap bulanan'!O31 -> 0 | Q14: =SUM(E14,G14,I14,K14,M14,O14) -> 195 | R14: =SUM(F14,H14,J14,L14,N14,P14) -> 289.27 | S14: =SUM(C14,Q14) -> 597 | T14: =SUM(D14,R14) -> 558.27 | U14: =S14-T14 -> 38.73
A15: 8 | B15: CIBEBER | C15: ='lap bulanan'!I15 -> 370 | D15: 297 | E15: ='lap bulanan'!J15 -> 20 | F15: ='okt-marbps'!J14 -> 35 | G15: ='lap bulanan'!K15 -> 25 | H15: ='okt-marbps'!K14 -> 112.52 | I15: ='lap bulanan'!L15 -> 0 | J15: ='okt-marbps'!L14 -> 10.67 | K15: ='lap bulanan'!M15 -> 0 | L15: ='okt-marbps'!M14 -> 0.96 | M15: ='lap bulanan'!N15 -> 0 | N15: ='lap bulanan'!N32 -> 0 | O15: ='lap bulanan'!O15 -> 0 | P15: ='lap bulanan'!O32 -> 0 | Q15: =SUM(E15,G15,I15,K15,M15,O15) -> 45 | R15: =SUM(F15,H15,J15,L15,N15,P15) -> 159.15 | S15: =SUM(C15,Q15) -> 415 | T15: =SUM(D15,R15) -> 456.15 | U15: =S15-T15 -> -41.15
A16: JUMLAH | C16: ='lap bulanan'!I16 -> 1934 | D16: =SUM(D8:D15) -> 1537 | E16: =SUM(E8:E15) -> 94 | F16: =SUM(F8:F15) -> 76 | G16: =SUM(G8:G15) -> 121 | H16: =SUM(H8:H15) -> 185.27 | I16: =SUM(I8:I15) -> 76 | J16: =SUM(J8:J15) -> 285.18 | K16: =SUM(K8:K15) -> 0 | ... R16: =SUM(R8:R15) -> 652.37 | S16: =SUM(C16,Q16) -> 2240 | T16: =SUM(D16,R16) -> 2189.37 | U16: =SUM(U8:U15) -> 50.63
A17: Ket : *) data bulan Juli belum rekonsilliasi dengan data BPS
A19: B. PADI LADANG
U20: (Ha)
A21: NO | B21: KECAMATAN | C21: TARGET OKT-MAR | D21: REALISASI OKT-MAR | E21: MT. 2015 | S21: TOTAL | U21: SISA TANAM
E22: APRIL | G22: MEI | I22: JUNI | K22: JULI | M22: AGUST | O22: SEPT | Q22: JUMLAH APR-SEPT
C23: MT. 2014/2015 | D23: MT. 2014/2015 | E23: TARGET | F23: REALISASI | G23: TARGET | H23: REALISASI | I23: TARGET | J23: REALISASI | K23: TARGET | L23: REALISASI | M23: TARGET | N23: REALISASI | O23: TARGET | P23: REALISASI | Q23: TARGET | R23: REALISASI | S23: TARGET | T23: REALISASI
A24: (1) | B24: (2) | C24: (3) | D24: (4) | E24: (5) | F24: (6) | G24: (7) | H24: (8) | I24: (9) | J24: (10) | K24: (11) | L24: (12) | M24: (13) | N24: (14) | O24: (15) | P24: (16) | Q24: (17) | R24: (18) | S24: (19) | T24: (20) | U24: (21)
A25: 1 | B25: CIWANDAN | C25: ='lap bulanan'!I44 -> 0 | D25: ='lap bulanan'!I61 -> 0 | E25: ='lap bulanan'!J44 -> 0 | F25: ='lap bulanan'!J61 -> 0 | G25: ='lap bulanan'!K44 -> 0 | H25: ='lap bulanan'!K61 -> 0 | I25: ='lap bulanan'!L44 -> 0 | J25: ='lap bulanan'!L61 -> 0 | K25: ='lap bulanan'!M44 -> 0 | L25: ='lap bulanan'!M61 -> 0 | M25: ='lap bulanan'!N44 -> 0 | N25: ='lap bulanan'!N61 -> 0 | O25: ='lap bulanan'!O44 -> 0 | P25: ='lap bulanan'!O61 -> 0 | Q25: =SUM(E25,G25,I25,K25,M25,O25) -> 0 | R25: =SUM(F25,H25,J25,L25,N25,P25) -> 0 | S25: =C25 -> 0 | T25: =SUM(D25,R25) -> 0 | U25: =S25-T25 -> 0
A26: 2 | B26: CITANGKIL | C26: ='lap bulanan'!I45 -> 0 | D26: ='lap bulanan'!I62 -> 0 | E26: ='lap bulanan'!J45 -> 0 | F26: ='lap bulanan'!J62 -> 0 | G26: ='lap bulanan'!K45 -> 0 | H26: ='lap bulanan'!K62 -> 0 | I26: ='lap bulanan'!L45 -> 0 | J26: ='lap bulanan'!L62 -> 0 | K26: ='lap bulanan'!M45 -> 0 | L26: ='lap bulanan'!M62 -> 0 | M26: ='lap bulanan'!N45 -> 0 | N26: ='lap bulanan'!N62 -> 0 | O26: ='lap bulanan'!O45 -> 0 | P26: ='lap bulanan'!O62 -> 0 | Q26: =SUM(E26,G26,I26,K26,M26,O26) -> 0 | R26: =SUM(F26,H26,J26,L26,N26,P26) -> 0 | S26: =C26 -> 0 | T26: =SUM(D26,R26) -> 0 | U26: =S26-T26 -> 0
A27: 3 | B27: PULO MERAK | C27: ='lap bulanan'!I46 -> 30 | D27: ='lap bulanan'!I63 -> 25 | E27: ='lap bulanan'!J46 -> 0 | F27: ='lap bulanan'!J63 -> 0 | G27: ='lap bulanan'!K46 -> 0 | H27: ='lap bulanan'!K63 -> 0 | I27: ='lap bulanan'!L46 -> 0 | J27: ='lap bulanan'!L63 -> 0 | K27: ='lap bulanan'!M46 -> 0 | L27: ='lap bulanan'!M63 -> 0 | M27: ='lap bulanan'!N46 -> 0 | N27: ='lap bulanan'!N63 -> 0 | O27: 5 | P27: ='lap bulanan'!O63 -> 0 | Q27: =SUM(E27,G27,I27,K27,M27,O27) -> 5 | R27: =SUM(F27,H27,J27,L27,N27,P27) -> 0 | S27: =C27 -> 30 | T27: =SUM(D27,R27) -> 25 | U27: =S27-T27 -> 5
A28: 4 | B28: PURWAKARTA | C28: ='lap bulanan'!I47 -> 0 | D28: ='lap bulanan'!I64 -> 0 | E28: ='lap bulanan'!J47 -> 0 | F28: ='lap bulanan'!J64 -> 0 | G28: ='lap bulanan'!K47 -> 0 | H28: ='lap bulanan'!K64 -> 0 | I28: ='lap bulanan'!L47 -> 0 | J28: ='lap bulanan'!L64 -> 0 | K28: ='lap bulanan'!M47 -> 0 | L28: ='lap bulanan'!M64 -> 0 | M28: ='lap bulanan'!N47 -> 0 | N28: ='lap bulanan'!N64 -> 0 | O28: ='lap bulanan'!O47 -> 0 | P28: ='lap bulanan'!O64 -> 0 | Q28: =SUM(E28,G28,I28,K28,M28,O28) -> 0 | R28: =SUM(F28,H28,J28,L28,N28,P28) -> 0 | S28: =C28 -> 0 | T28: =SUM(D28,R28) -> 0 | U28: =S28-T28 -> 0
A29: 5 | B29: GEROGOL | C29: ='lap bulanan'!I48 -> 1 | D29: ='lap bulanan'!I65 -> 0 | E29: ='lap bulanan'!J48 -> 0 | F29: ='lap bulanan'!J65 -> 0 | G29: ='lap bulanan'!K48 -> 0 | H29: ='lap bulanan'!K65 -> 0 | I29: ='lap bulanan'!L48 -> 0 | J29: ='lap bulanan'!L65 -> 0 | K29: ='lap bulanan'!M48 -> 0 | L29: ='lap bulanan'!M65 -> 0 | M29: ='lap bulanan'!N48 -> 0 | N29: ='lap bulanan'!N65 -> 0 | O29: 1 | P29: ='lap bulanan'!O65 -> 0 | Q29: =SUM(E29,G29,I29,K29,M29,O29) -> 1 | R29: =SUM(F29,H29,J29,L29,N29,P29) -> 0 | S29: =C29 -> 1 | T29: =SUM(D29,R29) -> 0 | U29: =S29-T29 -> 1
A30: 6 | B30: CILEGON | C30: ='lap bulanan'!I49 -> 0 | D30: ='lap bulanan'!I66 -> 0 | E30: ='lap bulanan'!J49 -> 0 | F30: ='lap bulanan'!J66 -> 0 | G30: ='lap bulanan'!K49 -> 0 | H30: ='lap bulanan'!K66 -> 0 | I30: ='lap bulanan'!L49 -> 0 | J30: ='lap bulanan'!L66 -> 0 | K30: ='lap bulanan'!M49 -> 0 | L30: ='lap bulanan'!M66 -> 0 | M30: ='lap bulanan'!N49 -> 0 | N30: ='lap bulanan'!N66 -> 0 | O30: ='lap bulanan'!O49 -> 0 | P30: ='lap bulanan'!O66 -> 0 | Q30: =SUM(E30,G30,I30,K30,M30,O30) -> 0 | R30: =SUM(F30,H30,J30,L30,N30,P30) -> 0 | S30: =C30 -> 0 | T30: =SUM(D30,R30) -> 0 | U30: =S30-T30 -> 0
A31: 7 | B31: JOMBANG | C31: ='lap bulanan'!I50 -> 0 | D31: ='lap bulanan'!I67 -> 0 | E31: ='lap bulanan'!J50 -> 0 | F31: ='lap bulanan'!J67 -> 0 | G31: ='lap bulanan'!K50 -> 0 | H31: ='lap bulanan'!K67 -> 0 | I31: ='lap bulanan'!L50 -> 0 | J31: ='lap bulanan'!L67 -> 0 | K31: ='lap bulanan'!M50 -> 0 | L31: ='lap bulanan'!M67 -> 0 | M31: ='lap bulanan'!N50 -> 0 | N31: ='lap bulanan'!N67 -> 0 | O31: ='lap bulanan'!O50 -> 0 | P31: ='lap bulanan'!O67 -> 0 | Q31: =SUM(E31,G31,I31,K31,M31,O31) -> 0 | R31: =SUM(F31,H31,J31,L31,N31,P31) -> 0 | S31: =C31 -> 0 | T31: =SUM(D31,R31) -> 0 | U31: =S31-T31 -> 0
A32: 8 | B32: CIBEBER | C32: ='lap bulanan'!I51 -> 0 | D32: ='lap bulanan'!I68 -> 0 | E32: ='lap bulanan'!J51 -> 0 | F32: ='lap bulanan'!J68 -> 0 | G32: ='lap bulanan'!K51 -> 0 | H32: ='lap bulanan'!K68 -> 0 | I32: ='lap bulanan'!L51 -> 0 | J32: ='lap bulanan'!L68 -> 0 | K32: ='lap bulanan'!M51 -> 0 | L32: ='lap bulanan'!M68 -> 0 | M32: ='lap bulanan'!N51 -> 0 | N32: ='lap bulanan'!N68 -> 0 | O32: ='lap bulanan'!O51 -> 0 | P32: ='lap bulanan'!O68 -> 0 | Q32: =SUM(E32,G32,I32,K32,M32,O32) -> 0 | R32: =SUM(F32,H32,J32,L32,N32,P32) -> 0 | S32: =C32 -> 0 | T32: =SUM(D32,R32) -> 0 | U32: =S32-T32 -> 0
A33: JUMLAH | C33: ='lap bulanan'!I52 -> 31 | D33: ='lap bulanan'!I69 -> 25 | E33: ='lap bulanan'!J52 -> 0 | F33: ='lap bulanan'!J69 -> 0 | G33: ='lap bulanan'!K52 -> 0 | H33: ='lap bulanan'!K69 -> 0 | I33: ='lap bulanan'!L52 -> 0 | J33: ='lap bulanan'!L69 -> 0 | K33: ='lap bulanan'!M52 -> 0 | L33: ='lap bulanan'!M69 -> 0 | M33: ='lap bulanan'!N52 -> 0 | N33: ='lap bulanan'!N69 -> 0 | O33: =SUM(O25:O32) -> 6 | P33: ='lap bulanan'!O69 -> 0 | Q33: =SUM(Q25:Q32) -> 6 | R33: =SUM(R25:R32) -> 0 | S33: =SUM(S25:S32) -> 31 | T33: =SUM(D33,R33) -> 25 | U33: =SUM(U25:U32) -> 6
A38: Tabel A5
A39: SASARAN INDIKATIF LUAS TANAM PADI SAWAH MT. 2014/2015 DAN MT. 2015
A40: KOTA CILEGON
Q41: (Ha)
A42: NO | B42: KECAMATAN | C42: MT. 2014/2015 | I42: Oktober- Maret | J42: MT. 2015 | P42: April - Sept. | Q42: Oktober- Septem.
C43: Okt | D43: Nov | E43: Des | F43: Jan | G43: Feb | H43: Maret | J43: April | K43: Mei | L43: Juni | M43: Juli | N43: Ags | O43: Sept
A45: (1) | B45: (2) | C45: (3) | D45: (4) | E45: (5) | F45: (6) | G45: (7) | H45: (8) | I45: (9) | J45: (10) | K45: (11) | L45: (12) | M45: (13) | N45: (14) | O45: (15) | P45: (16) | Q45: (17)
A46: 1 | B46: CIWANDAN | C46: 0 | D46: 31 | E46: 0 | F46: 247 | G46: 43 | H46: 0 | I46: =SUM(C46:H46) -> 321 | J46: 0 | K46: 0 | L46: 0 | M46: 0 | N46: 0 | O46: 0 | P46: =SUM(J46:O46) -> 0 | Q46: =I46+P46 -> 321
A47: 2 | B47: CITANGKIL | C47: 29 | D47: 55 | E47: 55 | F47: 100 | G47: 55 | H47: 0 | I47: =SUM(C47:H47) -> 294 | J47: 0 | K47: 11 | L47: 0 | M47: 0 | N47: 0 | O47: 0 | P47: =SUM(J47:O47) -> 11 | Q47: =SUM(I47,P47) -> 305
A48: 3 | B48: PULO MERAK | C48: 0 | D48: 0 | E48: 10 | F48: 38 | G48: 0 | H48: 0 | I48: =SUM(C48:H48) -> 48 | J48: 0 | K48: 10 | L48: 0 | M48: 0 | N48: 0 | O48: 0 | P48: =SUM(J48:O48) -> 10 | Q48: =SUM(I48,P48) -> 58
A49: 4 | B49: PURWAKARTA | C49: 0 | D49: 0 | E49: 60 | F49: 124 | G49: 0 | H49: 0 | I49: =SUM(C49:H49) -> 184 | J49: 5 | K49: 10 | L49: 0 | M49: 0 | N49: 0 | O49: 10 | P49: =SUM(J49:O49) -> 25 | Q49: =SUM(I49,P49) -> 209
A50: 5 | B50: GEROGOL | C50: 0 | D50: 25 | E50: 50 | F50: 160 | G50: 25 | H50: 0 | I50: =SUM(C50:H50) -> 260 | J50: 0 | K50: 10 | L50: 0 | M50: 0 | N50: 0 | O50: 0 | P50: =SUM(J50:O50) -> 10 | Q50: =SUM(I50,P50) -> 270
A51: 6 | B51: CILEGON | C51: 0 | D51: 10 | E51: 25 | F51: 19 | G51: 1 | H51: 0 | I51: =SUM(C51:H51) -> 55 | J51: 0 | K51: 10 | L51: 0 | M51: 0 | N51: 0 | O51: 0 | P51: =SUM(J51:O51) -> 10 | Q51: =SUM(I51,P51) -> 65
A52: 7 | B52: JOMBANG | C52: 0 | D52: 0 | E52: 122 | F52: 271 | G52: 0 | H52: 9 | I52: =SUM(C52:H52) -> 402 | J52: 69 | K52: 45 | L52: 76 | M52: 0 | N52: 0 | O52: 5 | P52: =SUM(J52:O52) -> 195 | Q52: =SUM(I52,P52) -> 597
A53: 8 | B53: CIBEBER | C53: 0 | D53: 45 | E53: 120 | F53: 160 | G53: 25 | H53: 20 | I53: =SUM(C53:H53) -> 370 | J53: 20 | K53: 25 | L53: 0 | M53: 0 | N53: 0 | O53: 0 | P53: =SUM(J53:O53) -> 45 | Q53: =SUM(I53,P53) -> 415
B54: Jumlah | C54: =SUM(C46:C53) -> 29 | D54: =SUM(D46:D53) -> 166 | E54: =SUM(E46:E53) -> 442 | F54: =SUM(F46:F53) -> 1119 | G54: =SUM(G46:G53) -> 149 | H54: =SUM(H46:H53) -> 29 | I54: =SUM(I46:I53) -> 1934 | J54: =SUM(J46:J53) -> 94 | ... Q54: =SUM(Q46:Q53) -> 2240
A56: Tabel A6
A57: SASARAN INDIKATIF LUAS TANAM PADI LADANG MT. 2014/2015 DAN MT. 2015
A58: KOTA CILEGON
Q59: (Ha)
A60: NO | B60: KECAMATAN | C60: MT. 2014/2015 | I60: Oktober- Maret | J60: MT. 2015 | P60: April - Sept. | Q60: Oktober- Septem.
C61: Okt | D61: Nov | E61: Des | F61: Jan | G61: Feb | H61: Maret | J61: April | K61: Mei | L61: Juni | M61: Juli | N61: Ags | O61: Sept
A63: (1) | B63: (2) | C63: (3) | D63: (4) | E63: (5) | F63: (6) | G63: (7) | H63: (8) | I63: (9) | J63: (10) | K63: (11) | L63: (12) | M63: (13) | N63: (14) | O63: (15) | P63: (16) | Q63: (17)
A64: 1 | B64: CIWANDAN | C64: 0 | D64: 0 | E64: 0 | F64: 0 | G64: 0 | H64: 0 | I64: =SUM(C64:H64) -> 0 | J64: 0 | K64: 0 | L64: 0 | M64: 0 | N64: 0 | O64: 0 | P64: =SUM(J64:O64) -> 0 | Q64: =I64+P64 -> 0
A65: 2 | B65: CITANGKIL | C65: 0 | D65: 0 | E65: 0 | F65: 0 | G65: 0 | H65: 0 | I65: =SUM(C65:H65) -> 0 | J65: 0 | K65: 0 | L65: 0 | M65: 0 | N65: 0 | O65: 0 | P65: =SUM(J65:O65) -> 0 | Q65: =I65+P65 -> 0
A66: 3 | B66: PULO MERAK | C66: 0 | D66: 0 | E66: 10 | F66: 20 | G66: 0 | H66: 0 | I66: =SUM(C66:H66) -> 30 | J66: 0 | K66: 0 | L66: 0 | M66: 0 | N66: 0 | O66: 0 | P66: =SUM(J66:O66) -> 0 | Q66: =SUM(I66,P66) -> 30
A67: 4 | B67: PURWAKARTA | C67: 0 | D67: 0 | E67: 0 | F67: 0 | G67: 0 | H67: 0 | I67: =SUM(C67:H67) -> 0 | J67: 0 | K67: 0 | L67: 0 | M67: 0 | N67: 0 | O67: 0 | P67: =SUM(J67:O67) -> 0 | Q67: =I67+P67 -> 0
A68: 5 | B68: GEROGOL | C68: 0 | D68: 0 | E68: 0 | F68: 1 | G68: 0 | H68: 0 | I68: =SUM(C68:H68) -> 1 | J68: 0 | K68: 0 | L68: 0 | M68: 0 | N68: 0 | O68: 0 | P68: 0 | Q68: =SUM(I68,P68) -> 1
A69: 6 | B69: CILEGON | C69: 0 | D69: 0 | E69: 0 | F69: 0 | G69: 0 | H69: 0 | I69: =SUM(C69:H69) -> 0 | J69: 0 | K69: 0 | L69: 0 | M69: 0 | N69: 0 | P69: =SUM(J69:O69) -> 0 | Q69: =I69+P69 -> 0
A70: 7 | B70: JOMBANG | C70: 0 | D70: 0 | E70: 0 | F70: 0 | G70: 0 | H70: 0 | I70: =SUM(C70:H70) -> 0 | J70: 0 | K70: 0 | L70: 0 | M70: 0 | N70: 0 | O70: 0 | P70: =SUM(J70:O70) -> 0 | Q70: =I70+P70 -> 0
A71: 8 | B71: CIBEBER | C71: 0 | D71: 0 | E71: 0 | F71: 0 | G71: 0 | H71: 0 | I71: =SUM(C71:H71) -> 0 | J71: 0 | K71: 0 | L71: 0 | M71: 0 | N71: 0 | O71: 0 | P71: =SUM(J71:O71) -> 0 | Q71: =I71+P71 -> 0
B72: Jumlah | C72: =SUM(C64:C71) -> 0 | D72: =SUM(D64:D71) -> 0 | E72: =SUM(E64:E71) -> 10 | F72: =SUM(F64:F71) -> 21 | G72: =SUM(G64:G71) -> 0 | H72: =SUM(H64:H71) -> 0 | I72: =SUM(I64:I71) -> 31 | J72: =SUM(J64:J71) -> 0 | ... Q72: =SUM(Q64:Q71) -> 31
