Workbook

Sheet padi sawah
A2: DATA LUAS TANAM PADI (SAWAH) PER BULAN
A3: KOTA CILEGON TAHUN 2025
O5: (Ha)
A6: No | B6: Kecamatan | C6: Bulan | O6: Jumlah | S6: mei | T6: 130
C7: Jan | D7: Feb | E7: Maret | F7: Apr | G7: Mei | H7: Juni | I7: Juli | J7: Agst | K7: Sept | L7: Okt | M7: Nov | N7: Des | Q7: apr - juni | S7: jun | T7: 108
A8: 1 | B8: 2 | C8: 3 | D8: 4 | E8: 5 | F8: 6 | G8: 7 | H8: 8 | I8: 9 | J8: 10 | K8: 11 | L8: 12 | M8: 13 | N8: 14 | O8: 15 | S8: jul | T8: 35
A9: 1 | B9: CIWANDAN | C9: 145 | D9: 25 | E9: 0 | F9: 0 | G9: 20 | H9: 208 | I9: 40 | J9: 1 | K9: 2 | L9: 2 | M9: 1 | N9: 88 | O9: =SUM(C9:N9) -> 532 | Q9: =SUM(F9:H9) -> 228 | R9: 9000 | S9: agst
A10: 2 | B10: CITANGKIL | C10: 45 | D10: 10 | E10: 1 | F10: 1 | G10: 23 | H10: 91 | I10: 0 | J10: 2 | K10: 5 | L10: 2 | M10: 10 | N10: 35 | O10: =SUM(C10:N10) -> 225 | Q10: =SUM(F10:H10) -> 115 | R10: 8500 | S10: sep
A11: 3 | B11: PULOMERAK | C11: 11 | D11: 0 | E11: 0 | F11: 3 | G11: 7 | H11: 1 | I11: 0 | J11: 0 | K11: 0 | L11: 0 | M11: 0 | N11: 0 | O11: =SUM(C11:N11) -> 22 | Q11: =SUM(F11:H11) -> 11 | S11: okt
A12: 4 | B12: PURWAKARTA | C12: 97 | D12: 50 | E12: 0 | F12: 0 | G12: 17 | H12: 98 | I12: 0 | J12: 0 | K12: 0 | L12: 5 | M12: 3.5 | N12: 104 | O12: =SUM(C12:N12) -> 374.5 | Q12: =SUM(F12:H12) -> 115 | S12: nov
A13: 5 | B13: GROGOL | C13: 78 | D13: 0 | E13: 0 | F13: 11 | G13: 5 | H13: 0 | I13: 0 | J13: 0 | K13: 0 | L13: 1 | M13: 2 | N13: 91 | O13: =SUM(C13:N13) -> 188 | Q13: =SUM(F13:H13) -> 16 | S13: des
A14: 6 | B14: CILEGON | C14: 10 | D14: 3 | E14: 0 | F14: 2 | G14: 21 | H14: 9 | I14: 3 | J14: 0 | K14: 8 | L14: 11.5 | M14: 3 | N14: 5 | O14: =SUM(C14:N14) -> 75.5 | Q14: =SUM(F14:H14) -> 32
A15: 7 | B15: JOMBANG | C15: 185 | D15: 31 | E15: 4 | F15: 81 | G15: 65 | H15: 78 | I15: 0 | J15: 59 | K15: 0 | L15: 8 | M15: 101 | N15: 120 | O15: =SUM(C15:N15) -> 732 | Q15: =SUM(F15:H15) -> 224
A16: 8 | B16: CIBEBER | C16: 65 | D16: 23 | E16: 0 | F16: 7 | G16: 63 | H16: 98 | I16: 11 | J16: 31 | K16: 16 | L16: 16 | M16: 40 | N16: 114 | O16: =SUM(C16:N16) -> 484 | Q16: =SUM(F16:H16) -> 168
A17: JUMLAH | C17: =SUM(C9:C16) -> 636 | D17: =SUM(D9:D16) -> 142 | E17: =SUM(E9:E16) -> 5 | F17: =SUM(F9:F16) -> 105 | G17: =SUM(G9:G16) -> 221 | H17: =SUM(H9:H16) -> 583 | I17: =SUM(I9:I16) -> 54 | J17: =SUM(J9:J16) -> 93 | ... O17: =SUM(O9:O16) -> 2633 | Q17: =SUM(Q9:Q16) -> 909
A35: DATA LUAS PANEN PADI (SAWAH) PER BULAN
A36: KOTA CILEGON TAHUN 2025
O38: (Ha)
A39: No | B39: Kecamatan | C39: Bulan | O39: Jumlah
C40: Jan | D40: Feb | E40: Maret | F40: Apr | G40: Mei | H40: Juni | I40: Juli | J40: Agst | K40: Sept | L40: Okt | M40: Nov | N40: Des
A41: 1 | B41: 2 | C41: 3 | D41: 4 | E41: 5 | F41: 6 | G41: 7 | H41: 8 | I41: 9 | J41: 10 | K41: 11 | L41: 12 | M41: 13 | N41: 14 | O41: 15
A42: 1 | B42: CIWANDAN | C42: 0 | D42: 0 | E42: 3 | F42: 245 | G42: 20 | H42: 0 | I42: 40 | J42: 20 | K42: 116 | L42: 135 | M42: 1 | N42: 0 | O42: =SUM(C42:N42) -> 580
A43: 2 | B43: CITANGKIL | C43: 0 | D43: 0 | E43: 51 | F43: 54 | G43: 10 | H43: 1 | I43: 0 | J43: 23 | K43: 81 | L43: 10 | M43: 0 | N43: 5 | O43: =SUM(C43:N43) -> 235
A44: 3 | B44: PULOMERAK | C44: 0 | D44: 0 | E44: 0 | F44: 11 | G44: - | H44: 0 | I44: - | J44: 3 | K44: 5 | L44: 0 | M44: 0 | N44: 0 | O44: =SUM(C44:N44) -> 19
A45: 4 | B45: PURWAKARTA | C45: 0 | D45: 0 | E45: 0 | F45: 164 | G45: 2 | H45: 0 | I45: 0 | J45: 25 | K45: 90 | L45: 0 | M45: 0 | N45: 0 | O45: =SUM(C45:N45) -> 281
A46: 5 | B46: GROGOL | C46: 0 | D46: 0 | E46: 30 | F46: 78.32 | G46: - | H46: 0 | I46: - | J46: 5 | K46: 0 | L46: 0 | M46: 0 | N46: 0 | O46: =SUM(C46:N46) -> 113.32
A47: 6 | B47: CILEGON | C47: 5 | D47: 3 | E47: 18 | F47: 10 | G47: 0 | H47: 0 | I47: 5 | J47: 21 | K47: 7 | L47: 5 | M47: 5 | N47: 8 | O47: =SUM(C47:N47) -> 87
A48: 7 | B48: JOMBANG | C48: 45 | D48: 39 | E48: 110 | F48: 210 | G48: 118 | H48: 4 | I48: - | J48: 57 | K48: 100 | L48: 0 | M48: 59 | N48: 0 | O48: =SUM(C48:N48) -> 742
A49: 8 | B49: CIBEBER | C49: 10 | D49: 5 | E49: 35 | F49: 131 | G49: 0 | H49: 0 | I49: 3 | J49: 115 | K49: 55 | L49: 0 | M49: 1 | N49: 16 | O49: =SUM(C49:N49) -> 371
A50: JUMLAH | C50: =SUM(C42:C49) -> 60 | D50: =SUM(D42:D49) -> 47 | E50: =SUM(E42:E49) -> 247 | F50: =SUM(F42:F49) -> 903.32 | G50: =SUM(G42:G49) -> 150 | H50: =SUM(H42:H49) -> 5 | I50: =SUM(I42:I49) -> 48 | J50: =SUM(J42:J49) -> 269 | ... O50: =SUM(O42:O49) -> 2428.32 | Q50: =O50*5% -> 121.416 | R50: =O50-Q50 -> 2306.904 | S50: =O50*95% -> 2306.904
A68: DATA PRODUKSI PADI (SAWAH) PER BULAN
A69: KOTA CILEGON TAHUN 2025
O71: (Ton GKG)
A72: No | B72: Kecamatan | C72: Bulan | O72: Jumlah
C73: Jan | D73: Feb | E73: Maret | F73: Apr | G73: Mei | H73: Juni | I73: Juli | J73: Agst | K73: Sept | L73: Okt | M73: Nov | N73: Des
A74: 1 | B74: 2 | C74: 3 | D74: 4 | E74: 5 | F74: 6 | G74: 7 | H74: 8 | I74: 9 | J74: 10 | K74: 11 | L74: 12 | M74: 13 | N74: 14 | O74: 15
A75: 1 | B75: CIWANDAN | C75: 0 | D75: 0 | E75: 17.1 | F75: 1421 | G75: 116 | H75: 0 | I75: - | J75: 116 | K75: 672.8 | L75: 769.5 | M75: 5.7 | O75: =SUM(C75:N75) -> 3118.1
A76: 2 | B76: CITANGKIL | C76: 0 | D76: 0 | E76: 290 | F76: 313.2 | G76: 58 | H76: 5.8 | I76: 5.8 | J76: 133.4 | K76: 469.8 | L76: 58 | M76: 0 | N76: 29 | O76: =SUM(C76:N76) -> 1363
A77: 3 | B77: PULOMERAK | C77: 0 | D77: 0 | E77: 0 | F77: 63.8 | G77: 0 | H77: 0 | I77: - | J77: 17.4 | K77: 29 | L77: 0 | M77: 0 | O77: =SUM(C77:N77) -> 110.2
A78: 4 | B78: PURWAKARTA | C78: 0 | D78: 0 | E78: 0 | F78: 951.2 | G78: 11.6 | H78: 0 | I78: 0 | J78: 145 | K78: 522 | L78: 0 | M78: 0 | O78: =SUM(C78:N78) -> 1629.8
A79: 5 | B79: GROGOL | C79: 0 | D79: 0 | E79: 171 | F79: 452 | G79: 0 | H79: 0 | I79: - | J79: 29 | K79: 0 | L79: 0 | M79: 0 | O79: =SUM(C79:N79) -> 652
A80: 6 | B80: CILEGON | C80: 28.5 | D80: 17.1 | E80: 102.6 | F80: 58 | G80: 0 | H80: 0 | I80: 0 | J80: 121.8 | K80: 40.6 | L80: 29 | M80: 29 | N80: 46.4 | O80: =SUM(C80:N80) -> 473
A81: 7 | B81: JOMBANG | C81: 261 | D81: 226.2 | E81: 627 | F81: 1218 | G81: 684.4 | H81: 29 | I81: - | J81: 330.6 | K81: 580 | L81: 0 | M81: 342.2 | N81: 0 | O81: =SUM(C81:N81) -> 4298.4
A82: 8 | B82: CIBEBER | C82: 57 | D82: 28.5 | E82: 199.5 | F82: 759.8 | G82: 0 | H82: 0 | I82: 0 | J82: 667 | K82: 319 | L82: 0 | M82: 5.8 | N82: 91.2 | O82: =SUM(C82:N82) -> 2127.8
A83: JUMLAH | C83: =SUM(C75:C82) -> 346.5 | D83: =SUM(D75:D82) -> 271.8 | E83: =SUM(E75:E82) -> 1407.2 | F83: =SUM(F75:F82) -> 5237 | G83: =SUM(G75:G82) -> 870 | H83: =SUM(H75:H82) -> 34.8 | I83: =SUM(I75:I82) -> 5.8 | J83: =SUM(J75:J82) -> 1560.2 | ... O83: =SUM(O75:O82) -> 13772.3
A101: DATA PRODUKTIVITAS PADI (SAWAH) PER BULAN
A102: KOTA CILEGON TAHUN 2025
O104: (Ku/Ha)
A105: No | B105: Kecamatan | C105: Bulan | O105: Jumlah
C106: Jan | D106: Feb | E106: Maret | F106: Apr | G106: Mei | H106: Juni | I106: Juli | J106: Agst | K106: Sept | L106: Okt | M106: Nov | N106: Des
A107: 1 | B107: 2 | C107: 3 | D107: 4 | E107: 5 | F107: 6 | G107: 7 | H107: 8 | I107: 9 | J107: 10 | K107: 11 | L107: 12 | M107: 13 | N107: 14 | O107: 15
A108: 1 | B108: CIWANDAN | C108: 0 | D108: 0 | E108: 57 | F108: 58 | G108: 58 | H108: 0 | I108: - | J108: 58 | K108: 58 | L108: 57 | M108: 57 | O108: =O75/O42*10 -> 53.760345
A109: 2 | B109: CITANGKIL | C109: 0 | D109: 0 | E109: 57 | F109: 58 | G109: 58 | H109: 58 | I109: 58 | J109: 58 | K109: 58 | L109: 58 | M109: 0 | N109: 58 | O109: =O76/O43*10 -> 58
A110: 3 | B110: PULOMERAK | C110: 0 | D110: 0 | E110: 0 | F110: 58 | G110: 0 | H110: 0 | I110: - | J110: 58 | K110: 58 | L110: 0 | M110: 0 | O110: =O77/O44*10 -> 58
A111: 4 | B111: PURWAKARTA | C111: 0 | D111: 0 | E111: 0 | F111: 58 | G111: 58 | H111: 0 | I111: 0 | J111: 58 | K111: 58 | L111: 0 | M111: 0 | O111: =O78/O45*10 -> 58 | Q111: =(I111+J111)/2 -> 29
A112: 5 | B112: GROGOL | C112: 0 | D112: 0 | E112: 57 | F112: 58 | G112: 0 | H112: 0 | I112: - | J112: 58 | K112: 0 | L112: 0 | M112: 0 | O112: =O79/O46*10 -> 57.536181
A113: 6 | B113: CILEGON | C113: 57 | D113: 57 | E113: 57 | F113: 58 | G113: 0 | H113: 0 | I113: 0 | J113: 58 | K113: 58 | L113: 58 | M113: 58 | N113: 58 | O113: =O80/O47*10 -> 54.367816
A114: 7 | B114: JOMBANG | C114: 58 | D114: 58 | E114: 58 | F114: 58 | G114: 58 | H114: 58 | I114: - | J114: 58 | K114: 58 | L114: 0 | M114: 58 | N114: 0 | O114: =O81/O48*10 -> 57.929919
A115: 8 | B115: CIBEBER | C115: 57 | D115: 57 | E115: 57 | F115: 58 | G115: 0 | H115: 0 | I115: 0 | J115: 58 | K115: 58 | L115: 0 | M115: 58 | N115: 57 | O115: =O82/O49*10 -> 57.3531
A116: JUMLAH | C116: =D83/D50*10 -> 57.829787 | D116: =E83/E50*10 -> 56.97166 | E116: =E83/E50*10 -> 56.97166 | F116: =F83/F50*10 -> 57.975025 | G116: =G83/G50*10 -> 58 | H116: =H83/H50*10 -> 69.6 | I116: =I83/I50*10 -> 1.2083333 | J116: =J83/J50*10 -> 58 | K116: =K83/K50*10 -> 58 | L116: =L83/L50*10 -> 57.1 | ... O116: =O83/O50*10 -> 56.715342 | Q116: =O116*95% -> 53.879575 | R116: =13*O116/10 -> 73.729945

Sheet puso
A1: DATA LUAS PUSO PADI (SAWAH) PER BULAN
A2: KOTA CILEGON TAHUN 2025
O3: (Ha)
A4: No | B4: Kecamatan | C4: Bulan | O4: Jumlah
C5: Jan | D5: Feb | E5: Maret | F5: Apr | G5: Mei | H5: Juni | I5: Juli | J5: Agst | K5: Sept | L5: Okt | M5: Nov | N5: Des
A6: 1 | B6: 2 | C6: 3 | D6: 4 | E6: 5 | F6: 6 | G6: 7 | H6: 8 | I6: 9 | J6: 10 | K6: 11 | L6: 12 | M6: 13 | N6: 14 | O6: 15
A7: 1 | B7: CIWANDAN | C7: 0 | D7: 0 | E7: 0 | F7: 0 | G7: 0 | H7: 0 | I7: 0 | J7: 0 | K7: 0 | L7: 0 | M7: 0 | N7: 0 | O7: =SUM(C7:N7) -> 0
A8: 2 | B8: CITANGKIL | C8: 0 | D8: 0 | E8: 0 | F8: 0 | G8: 0 | H8: 0 | I8: 0 | J8: 0 | K8: 0 | L8: 0 | M8: 0 | N8: 0 | O8: =SUM(C8:N8) -> 0
A9: 3 | B9: PULOMERAK | C9: 0 | D9: 0 | E9: 0 | F9: 0 | G9: 0 | H9: 0 | I9: 0 | J9: 0 | K9: 0 | L9: 0 | M9: 0 | N9: 0 | O9: =SUM(C9:N9) -> 0
A10: 4 | B10: PURWAKARTA | C10: 0 | D10: 0 | E10: 0 | F10: 0 | G10: 0 | H10: 0 | I10: 0 | J10: 0 | K10: 0 | L10: 0 | M10: 0 | N10: 0 | O10: =SUM(C10:N10) -> 0
A11: 5 | B11: GROGOL | C11: 0 | D11: 0 | E11: 0 | F11: 0 | G11: 0 | H11: 0 | I11: 0 | J11: 0 | K11: 0 | L11: 0 | M11: 0 | N11: 0 | O11: =SUM(C11:N11) -> 0
A12: 6 | B12: CILEGON | C12: 0 | D12: 0 | E12: 0 | F12: 0 | G12: 0 | H12: 0 | I12: 0 | J12: 0 | K12: 0 | L12: 0 | M12: 0 | N12: 0 | O12: =SUM(C12:N12) -> 0
A13: 7 | B13: JOMBANG | C13: 0 | D13: 0 | E13: 0 | F13: 0 | G13: 0 | H13: 0 | I13: 0 | J13: 0 | K13: 0 | L13: 0 | M13: 0 | N13: 0 | O13: =SUM(C13:N13) -> 0
A14: 8 | B14: CIBEBER | C14: 0 | D14: 0 | E14: 0 | F14: 0 | G14: 0 | H14: 0 | I14: 0 | J14: 0 | K14: 0 | L14: 0 | M14: 0 | N14: 0 | O14: =SUM(C14:N14) -> 0
A15: JUMLAH | C15: =SUM(C7:C14) -> 0 | D15: =SUM(D7:D14) -> 0 | E15: =SUM(E7:E14) -> 0 | F15: =SUM(F7:F14) -> 0 | G15: =SUM(G7:G14) -> 0 | H15: =SUM(H7:H14) -> 0 | I15: =SUM(I7:I14) -> 0 | J15: =SUM(J7:J14) -> 0 | ... O15: =SUM(O7:O14) -> 0
A34: DATA LUAS PUSO KEDELAI PER BULAN
A35: KOTA CILEGON TAHUN 2025
O36: (Ha)
A37: No | B37: Kecamatan | C37: Bulan | O37: Jumlah
C38: Jan | D38: Feb | E38: Maret | F38: Apr | G38: Mei | H38: Juni | I38: Juli | J38: Agst | K38: Sept | L38: Okt | M38: Nov | N38: Des
A39: 1 | B39: 2 | C39: 3 | D39: 4 | E39: 5 | F39: 6 | G39: 7 | H39: 8 | I39: 9 | J39: 10 | K39: 11 | L39: 12 | M39: 13 | N39: 14 | O39: 15
A40: 1 | B40: CIWANDAN | C40: 0 | D40: 0 | E40: 0 | F40: 0 | G40: 0 | H40: 0 | I40: 0 | J40: 0 | K40: 0 | L40: 0 | M40: 0 | N40: 0 | O40: =SUM(C40:N40) -> 0
A41: 2 | B41: CITANGKIL | C41: 0 | D41: 0 | E41: 0 | F41: 0 | G41: 0 | H41: 0 | I41: 0 | J41: 0 | K41: 0 | L41: 0 | M41: 0 | N41: 0 | O41: =SUM(C41:N41) -> 0
A42: 3 | B42: PULOMERAK | C42: 0 | D42: 0 | E42: 0 | F42: 0 | G42: 0 | H42: 0 | I42: 0 | J42: 0 | K42: 0 | L42: 0 | M42: 0 | N42: 0 | O42: =SUM(C42:N42) -> 0
A43: 4 | B43: PURWAKARTA | C43: 0 | D43: 0 | E43: 0 | F43: 0 | G43: 0 | H43: 0 | I43: 0 | J43: 0 | K43: 0 | L43: 0 | M43: 0 | N43: 0 | O43: =SUM(C43:N43) -> 0
A44: 5 | B44: GROGOL | C44: 0 | D44: 0 | E44: 0 | F44: 0 | G44: 0 | H44: 0 | I44: 0 | J44: 0 | K44: 0 | L44: 0 | M44: 0 | N44: 0 | O44: =SUM(C44:N44) -> 0
A45: 6 | B45: CILEGON | C45: 0 | D45: 0 | E45: 0 | F45: 0 | G45: 0 | H45: 0 | I45: 0 | J45: 0 | K45: 0 | L45: 0 | M45: 0 | N45: 0 | O45: =SUM(C45:N45) -> 0
A46: 7 | B46: JOMBANG | C46: 0 | D46: 0 | E46: 0 | F46: 0 | G46: 0 | H46: 0 | I46: 0 | J46: 0 | K46: 0 | L46: 0 | M46: 0 | N46: 0 | O46: =SUM(C46:N46) -> 0
A47: 8 | B47: CIBEBER | C47: 0 | D47: 0 | E47: 0 | F47: 0 | G47: 0 | H47: 0 | I47: 0 | J47: 0 | K47: 0 | L47: 0 | M47: 0 | N47: 0 | O47: =SUM(C47:N47) -> 0
A48: JUMLAH | C48: =SUM(C40:C47) -> 0 | D48: =SUM(D40:D47) -> 0 | E48: =SUM(E40:E47) -> 0 | F48: =SUM(F40:F47) -> 0 | G48: =SUM(G40:G47) -> 0 | H48: =SUM(H40:H47) -> 0 | I48: =SUM(I40:I47) -> 0 | J48: =SUM(J40:J47) -> 0 | ... O48: =SUM(O40:O47) -> 0

Sheet padi ladang
A2: DATA LUAS TANAM PADI (DARAT) PER BULAN
A3: KOTA CILEGON TAHUN 2025
O5: (Ha)
A6: No | B6: Kecamatan | C6: Bulan | O6: Jumlah
C7: Jan | D7: Feb | E7: Maret | F7: Apr | G7: Mei | H7: Juni | I7: Juli | J7: Agst | K7: Sept | L7: Okt | M7: Nov | N7: Des
A8: 1 | B8: 2 | C8: 3 | D8: 4 | E8: 5 | F8: 6 | G8: 7 | H8: 8 | I8: 9 | J8: 10 | K8: 11 | L8: 12 | M8: 13 | N8: 14 | O8: 15
A9: 1 | B9: CIWANDAN | C9: 0 | D9: 0 | E9: 0 | F9: 0 | G9: 0 | H9: 0 | I9: 0 | J9: 0 | K9: 0 | L9: 0 | M9: 0 | N9: 0 | O9: =SUM(C9:N9) -> 0
A10: 2 | B10: CITANGKIL | C10: 0 | D10: 0 | E10: 0 | F10: 0 | G10: 0 | H10: 0 | I10: 0 | J10: 0 | K10: 0 | L10: 0 | M10: 0 | N10: 0 | O10: =SUM(C10:N10) -> 0
A11: 3 | B11: PULOMERAK | C11: 0 | D11: 0 | E11: 0 | F11: 0 | G11: 0 | H11: 0 | I11: 0 | J11: 0 | K11: 0 | L11: 0 | M11: 0 | N11: 0 | O11: =SUM(C11:N11) -> 0
A12: 4 | B12: PURWAKARTA | C12: 0 | D12: 0 | E12: 0 | F12: 0 | G12: 0 | H12: 0 | I12: 0 | J12: 0 | K12: 0 | L12: 0 | M12: 0 | N12: 0 | O12: =SUM(C12:N12) -> 0
A13: 5 | B13: GROGOL | C13: 0 | D13: 0 | E13: 0 | F13: 0 | G13: 0 | H13: 0 | I13: 0 | J13: 0 | K13: 0 | L13: 0 | M13: 0 | N13: 0 | O13: =SUM(C13:N13) -> 0
A14: 6 | B14: CILEGON | C14: 0 | D14: 0 | E14: 0 | F14: 0 | G14: 0 | H14: 0 | I14: 0 | J14: 0 | K14: 0 | L14: 0 | M14: 0 | N14: 0 | O14: =SUM(C14:N14) -> 0
A15: 7 | B15: JOMBANG | C15: 0 | D15: 0 | E15: 0 | F15: 0 | G15: 0 | H15: 0 | I15: 0 | J15: 0 | K15: 0 | L15: 0 | M15: 0 | N15: 0 | O15: =SUM(C15:N15) -> 0
A16: 8 | B16: CIBEBER | C16: 0 | D16: 0 | E16: 0 | F16: 0 | G16: 0 | H16: - | I16: 0 | J16: 0 | K16: 0 | L16: 0 | M16: 0 | N16: 0 | O16: =SUM(C16:N16) -> 0
A17: JUMLAH | C17: =SUM(C9:C16) -> 0 | D17: =SUM(D9:D16) -> 0 | E17: =SUM(E9:E16) -> 0 | F17: =SUM(F9:F16) -> 0 | G17: =SUM(G9:G16) -> 0 | H17: =SUM(H9:H16) -> 0 | I17: =SUM(I9:I16) -> 0 | J17: =SUM(J9:J16) -> 0 | ... O17: =SUM(O9:O16) -> 0
A35: DATA LUAS PANEN PADI (DARAT) PER BULAN
A36: KOTA CILEGON TAHUN 2025
O38: (Ha)
A39: No | B39: Kecamatan | C39: Bulan | O39: Jumlah
C40: Jan | D40: Feb | E40: Maret | F40: Apr | G40: Mei | H40: Juni | I40: Juli | J40: Agst | K40: Sept | L40: Okt | M40: Nov | N40: Des
A41: 1 | B41: 2 | C41: 3 | D41: 4 | E41: 5 | F41: 6 | G41: 7 | H41: 8 | I41: 9 | J41: 10 | K41: 11 | L41: 12 | M41: 13 | N41: 14 | O41: 15
A42: 1 | B42: CIWANDAN | C42: 0 | D42: 0 | E42: 0 | F42: 0 | G42: 0 | H42: 0 | I42: 0 | J42: 0 | K42: 0 | L42: 0 | M42: 0 | N42: 0 | O42: =SUM(C42:N42) -> 0
A43: 2 | B43: CITANGKIL | C43: 0 | D43: 0 | E43: 0 | F43: 0 | G43: 0 | H43: 0 | I43: 0 | J43: 0 | K43: 0 | L43: 0 | M43: 0 | N43: 0 | O43: =SUM(C43:N43) -> 0
A44: 3 | B44: PULOMERAK | C44: 0 | D44: 0 | E44: 0 | F44: 0 | G44: 0 | H44: 0 | I44: 0 | J44: 0 | K44: 0 | L44: 0 | M44: 0 | N44: 0 | O44: =SUM(C44:N44) -> 0
A45: 4 | B45: PURWAKARTA | C45: 0 | D45: 0 | E45: 0 | F45: 0 | G45: 0 | H45: 0 | I45: 0 | J45: 0 | K45: 0 | L45: 0 | M45: 0 | N45: 0 | O45: =SUM(C45:N45) -> 0
A46: 5 | B46: GROGOL | C46: 0 | D46: 0 | E46: 0 | F46: 0 | G46: 0 | H46: 0 | I46: 0 | J46: 0 | K46: 0 | L46: 0 | M46: 0 | N46: 0 | O46: =SUM(C46:N46) -> 0
A47: 6 | B47: CILEGON | C47: 0 | D47: 0 | E47: 0 | F47: 0 | G47: 0 | H47: 0 | I47: 0 | J47: 0 | K47: 0 | L47: 0 | M47: 0 | N47: 0 | O47: =SUM(C47:N47) -> 0
A48: 7 | B48: JOMBANG | C48: 0 | D48: 0 | E48: 0 | F48: 0 | G48: 0 | H48: 0 | I48: 0 | J48: 0 | K48: 0 | L48: 0 | M48: 0 | N48: 0 | O48: =SUM(C48:N48) -> 0
A49: 8 | B49: CIBEBER | C49: 0 | D49: 0 | E49: 0 | F49: 0 | G49: 0 | H49: 0 | I49: 0 | J49: 0 | K49: - | L49: 0 | M49: 0 | N49: 0 | O49: =SUM(C49:N49) -> 0
A50: JUMLAH | C50: =SUM(C42:C49) -> 0 | D50: =SUM(D42:D49) -> 0 | E50: =SUM(E42:E49) -> 0 | F50: =SUM(F42:F49) -> 0 | G50: =SUM(G42:G49) -> 0 | H50: =SUM(H42:H49) -> 0 | I50: =SUM(I42:I49) -> 0 | J50: =SUM(J42:J49) -> 0 | ... O50: =SUM(O42:O49) -> 0
A68: DATA PRODUKSI PADI (DARAT) PER BULAN
A69: KOTA CILEGON TAHUN 2025
O71: (Ton)
A72: No | B72: Kecamatan | C72: Bulan | O72: Jumlah
C73: Jan | D73: Feb | E73: Maret | F73: Apr | G73: Mei | H73: Juni | I73: Juli | J73: Agst | K73: Sept | L73: Okt | M73: Nov | N73: Des
A74: 1 | B74: 2 | C74: 3 | D74: 4 | E74: 5 | F74: 6 | G74: 7 | H74: 8 | I74: 9 | J74: 10 | K74: 11 | L74: 12 | M74: 13 | N74: 14 | O74: 15
A75: 1 | B75: CIWANDAN | C75: 0 | D75: 0 | E75: 0 | F75: 0 | G75: 0 | H75: 0 | I75: 0 | J75: 0 | K75: 0 | L75: 0 | M75: 0 | N75: 0 | O75: =SUM(C75:N75) -> 0
A76: 2 | B76: CITANGKIL | C76: 0 | D76: 0 | E76: 0 | F76: 0 | G76: 0 | H76: 0 | I76: 0 | J76: 0 | K76: 0 | L76: 0 | M76: 0 | N76: 0 | O76: =SUM(C76:N76) -> 0
A77: 3 | B77: PULOMERAK | C77: 0 | D77: 0 | E77: 0 | F77: 0 | G77: 0 | H77: 0 | I77: 0 | J77: 0 | K77: 0 | L77: 0 | M77: 0 | N77: 0 | O77: =SUM(C77:N77) -> 0
A78: 4 | B78: PURWAKARTA | C78: 0 | D78: 0 | E78: 0 | F78: 0 | G78: 0 | H78: 0 | I78: 0 | J78: 0 | K78: 0 | L78: 0 | M78: 0 | N78: 0 | O78: =SUM(C78:N78) -> 0
A79: 5 | B79: GROGOL | C79: 0 | D79: 0 | E79: 0 | F79: 0 | G79: 0 | H79: 0 | I79: 0 | J79: 0 | K79: 0 | L79: 0 | M79: 0 | N79: 0 | O79: =SUM(C79:N79) -> 0
A80: 6 | B80: CILEGON | C80: 0 | D80: 0 | E80: 0 | F80: 0 | G80: 0 | H80: 0 | I80: 0 | J80: 0 | K80: 0 | L80: 0 | M80: 0 | N80: 0 | O80: =SUM(C80:N80) -> 0
A81: 7 | B81: JOMBANG | C81: 0 | D81: 0 | E81: 0 | F81: 0 | G81: 0 | H81: 0 | I81: 0 | J81: 0 | K81: 0 | L81: 0 | M81: 0 | N81: 0 | O81: =SUM(C81:N81) -> 0
A82: 8 | B82: CIBEBER | C82: 0 | D82: 0 | E82: 0 | F82: 0 | G82: 0 | H82: 0 | I82: 0 | J82: 0 | K82: - | L82: 0 | M82: 0 | N82: 0 | O82: =SUM(C82:N82) -> 0
A83: JUMLAH | C83: =SUM(C75:C82) -> 0 | D83: =SUM(D75:D82) -> 0 | E83: =SUM(E75:E82) -> 0 | F83: =SUM(F75:F82) -> 0 | G83: =SUM(G75:G82) -> 0 | H83: =SUM(H75:H82) -> 0 | I83: =SUM(I75:I82) -> 0 | J83: =SUM(J75:J82) -> 0 | ... O83: =SUM(O75:O82) -> 0
A101: DATA PRODUKTIVITAS PADI (DARAT) PER BULAN
A102: KOTA CILEGON TAHUN 2025
O104: (Ku/Ha)
A105: No | B105: Kecamatan | C105: Bulan | O105: Jumlah
C106: Jan | D106: Feb | E106: Maret | F106: Apr | G106: Mei | H106: Juni | I106: Juli | J106: Agst | K106: Sept | L106: Okt | M106: Nov | N106: Des
A107: 1 | B107: 2 | C107: 3 | D107: 4 | E107: 5 | F107: 6 | G107: 7 | H107: 8 | I107: 9 | J107: 10 | K107: 11 | L107: 12 | M107: 13 | N107: 14 | O107: 15
A108: 1 | B108: CIWANDAN | C108: 0 | D108: 0 | E108: 0 | F108: 0 | G108: 0 | H108: 0 | I108: 0 | J108: 0 | K108: 0 | L108: 0 | M108: 0 | N108: 0 | O108: =SUM(C108:N108) -> 0
A109: 2 | B109: CITANGKIL | C109: 0 | D109: 0 | E109: 0 | F109: 0 | G109: 0 | H109: 0 | I109: 0 | J109: 0 | K109: 0 | L109: 0 | M109: 0 | N109: 0 | O109: =SUM(C109:N109) -> 0
A110: 3 | B110: PULOMERAK | C110: 0 | D110: 0 | E110: 0 | F110: 0 | G110: 0 | H110: 0 | I110: 0 | J110: 0 | K110: 0 | L110: 0 | M110: 0 | N110: 0 | O110: 0
A111: 4 | B111: PURWAKARTA | C111: 0 | D111: 0 | E111: 0 | F111: 0 | G111: 0 | H111: 0 | I111: 0 | J111: 0 | K111: 0 | L111: 0 | M111: 0 | N111: 0 | O111: =SUM(C111:N111) -> 0
A112: 5 | B112: GROGOL | C112: 0 | D112: 0 | E112: 0 | F112: 0 | G112: 0 | H112: 0 | I112: 0 | J112: 0 | K112: 0 | L112: 0 | M112: 0 | N112: 0 | O112: =SUM(C112:N112) -> 0
A113: 6 | B113: CILEGON | C113: 0 | D113: 0 | E113: 0 | F113: 0 | G113: 0 | H113: 0 | I113: 0 | J113: 0 | K113: 0 | L113: 0 | M113: 0 | N113: 0 | O113: =SUM(C113:N113) -> 0
A114: 7 | B114: JOMBANG | C114: 0 | D114: 0 | E114: 0 | F114: 0 | G114: 0 | H114: 0 | I114: 0 | J114: 0 | K114: 0 | L114: 0 | M114: 0 | N114: 0 | O114: =SUM(C114:N114) -> 0
A115: 8 | B115: CIBEBER | C115: 0 | D115: 0 | E115: 0 | F115: 0 | G115: 0 | H115: 0 | I115: 0 | J115: 0 | K115: 0 | L115: - | M115: 0 | N115: 0 | O115: =SUM(C115:N115) -> 0
A116: JUMLAH | C116: =SUM(C108:C115) -> 0 | D116: =SUM(D108:D115) -> 0 | E116: =SUM(E108:E115) -> 0 | F116: =SUM(F108:F115) -> 0 | G116: =SUM(G108:G115) -> 0 | H116: =SUM(H108:H115) -> 0 | I116: =SUM(I108:I115) -> 0 | J116: =SUM(J108:J115) -> 0 | ... O116: =SUM(O108:O115) -> 0

Sheet jagung
A2: DATA LUAS TANAM JAGUNG PER BULAN
A3: KOTA CILEGON TAHUN 2025
O5: (Ha)
A6: No | B6: Kecamatan | C6: Bulan | O6: Jumlah
C7: Jan | D7: Feb | E7: Maret | F7: Apr | G7: Mei | H7: Juni | I7: Juli | J7: Agst | K7: Sept | L7: Okt | M7: Nov | N7: Des
A8: 1 | B8: 2 | C8: 3 | D8: 4 | E8: 5 | F8: 6 | G8: 7 | H8: 8 | I8: 9 | J8: 10 | K8: 11 | L8: 12 | M8: 13 | N8: 14 | O8: 15
A9: 1 | B9: CIWANDAN | C9: 0 | D9: 0 | E9: 0 | F9: 0 | G9: 0 | H9: 0.2 | I9: 0 | J9: 4.15 | K9: 0.4 | L9: 0 | M9: 3.15 | O9: =SUM(C9:N9) -> 7.9
A10: 2 | B10: CITANGKIL | C10: 0.2 | D10: 0.25 | E10: 0 | F10: 0.2 | G10: 0.3 | H10: 0.1 | I10: 0 | J10: 0.6 | K10: 0.1 | L10: 0.3 | M10: 0.1 | N10: 0.1 | O10: =SUM(C10:N10) -> 1.95
A11: 3 | B11: PULOMERAK | C11: 2 | D11: 0 | E11: 0 | F11: 3 | G11: 0 | H11: 0 | I11: 0 | J11: 0 | K11: 0 | L11: 0.5 | M11: 0.5 | N11: 0 | O11: =SUM(C11:N11) -> 6
A12: 4 | B12: PURWAKARTA | C12: 0.15 | D12: 0 | E12: 0 | F12: 0 | G12: 0 | H12: 0 | I12: - | J12: 0 | K12: 0 | L12: 0 | M12: 1 | N12: 0 | O12: =SUM(C12:N12) -> 1.15
A13: 5 | B13: GROGOL | C13: 0 | D13: 0 | E13: 1 | F13: 0 | G13: 0 | H13: 1 | I13: - | J13: 0.2 | K13: 1 | L13: 0 | M13: 0.1 | O13: =SUM(C13:N13) -> 3.3
A14: 6 | B14: CILEGON | C14: 0.2 | D14: 0.1 | E14: 0 | F14: 0.2 | G14: 0.1 | H14: 0 | I14: 0 | J14: 4 | K14: 0 | L14: 0.3 | M14: 0.5 | N14: 0.2 | O14: =SUM(C14:N14) -> 5.6
A15: 7 | B15: JOMBANG | C15: 0.5 | D15: 0 | E15: 0 | F15: 0.5 | G15: 0.5 | H15: 0 | I15: - | J15: 1 | K15: 0 | L15: 1 | M15: 1 | N15: 1 | O15: =SUM(C15:N15) -> 5.5
A16: 8 | B16: CIBEBER | C16: 0 | D16: 1 | E16: 0 | F16: 1 | G16: 0 | H16: 1 | I16: 0 | J16: 1 | K16: 1 | L16: 2 | M16: 1 | N16: 0 | O16: =SUM(C16:N16) -> 8
A17: JUMLAH | C17: =SUM(C9:C16) -> 3.05 | D17: =SUM(D9:D16) -> 1.35 | E17: =SUM(E9:E16) -> 1 | F17: =SUM(F9:F16) -> 4.9 | G17: =SUM(G9:G16) -> 0.6 | H17: =SUM(H9:H16) -> 2.3 | I17: =SUM(I9:I16) -> 0 | J17: =SUM(J9:J16) -> 10.95 | ... O17: =SUM(O9:O16) -> 39.4
A35: DATA LUAS PANEN JAGUNG PER BULAN
A36: KOTA CILEGON TAHUN 2025
O38: (Ha)
A39: No | B39: Kecamatan | C39: Bulan | O39: Jumlah
C40: Jan | D40: Feb | E40: Maret | F40: Apr | G40: Mei | H40: Juni | I40: Juli | J40: Agst | K40: Sept | L40: Okt | M40: Nov | N40: Des
A41: 1 | B41: 2 | C41: 3 | D41: 4 | E41: 5 | F41: 6 | G41: 7 | H41: 8 | I41: 9 | J41: 10 | K41: 11 | L41: 12 | M41: 13 | N41: 14 | O41: 15
A42: 1 | B42: CIWANDAN | C42: 0 | D42: 0 | E42: 0 | F42: 0 | G42: 0 | H42: - | I42: - | J42: 0 | K42: 0 | L42: 0 | M42: 0 | O42: =SUM(C42:N42) -> 0
A43: 2 | B43: CITANGKIL | C43: 0 | D43: 0 | E43: 0 | F43: 0 | G43: 0 | H43: 0 | I43: 0 | J43: - | K43: 0 | L43: 0 | M43: 0 | O43: =SUM(C43:N43) -> 0
A44: 3 | B44: PULOMERAK | C44: 0 | D44: 0 | E44: 0 | F44: 0 | G44: - | H44: - | I44: - | J44: - | K44: 0 | L44: 0 | M44: 0 | O44: =SUM(C44:N44) -> 0
A45: 4 | B45: PURWAKARTA | C45: 0 | D45: 0 | E45: 0 | F45: - | G45: - | H45: 0 | I45: 0 | J45: - | K45: 0 | L45: 0.2 | M45: 0 | N45: 0 | O45: =SUM(C45:N45) -> 0.2
A46: 5 | B46: GROGOL | C46: 0 | D46: 0 | E46: 0 | F46: 0 | G46: - | H46: - | I46: - | J46: - | K46: 0 | L46: 0 | M46: 0 | O46: =SUM(C46:N46) -> 0
A47: 6 | B47: CILEGON | C47: 0 | D47: 0 | E47: 0 | F47: - | G47: 0 | H47: 0 | I47: - | J47: - | K47: 0 | L47: 0 | M47: 0 | N47: 0 | O47: =SUM(C47:N47) -> 0
A48: 7 | B48: JOMBANG | C48: 0 | D48: 0 | E48: 0 | F48: - | G48: - | H48: - | I48: 0 | J48: - | K48: 0 | L48: 0 | M48: 0 | O48: =SUM(C48:N48) -> 0
A49: 8 | B49: CIBEBER | C49: 0 | D49: 0 | E49: 0 | F49: 0 | G49: 0 | H49: - | I49: 0 | J49: - | K49: 0 | L49: 0 | M49: 0 | N49: 1 | O49: =SUM(C49:N49) -> 1
A50: JUMLAH | C50: =SUM(C42:C49) -> 0 | D50: =SUM(D42:D49) -> 0 | E50: =SUM(E42:E49) -> 0 | F50: =SUM(F42:F49) -> 0 | G50: =SUM(G42:G49) -> 0 | H50: =SUM(H42:H49) -> 0 | I50: =SUM(I42:I49) -> 0 | J50: =SUM(J42:J49) -> 0 | ... O50: =SUM(O42:O49) -> 1.2 | Q50: =SUM(C50:N50) -> 1.2
N52: (Ha Panen Muda)
A53: No | B53: Kecamatan | C53: Bulan | O53: Jumlah
C54: Jan | D54: Feb | E54: Maret | F54: Apr | G54: Mei | H54: Juni | I54: Juli | J54: Agst | K54: Sept | L54: Okt | M54: Nov | N54: Des
A55: 1 | B55: 2 | C55: 3 | D55: 4 | E55: 5 | F55: 6 | G55: 7 | H55: 8 | I55: 9 | J55: 10 | K55: 11 | L55: 12 | M55: 13 | N55: 14 | O55: 15
A56: 1 | B56: CIWANDAN | C56: 0 | D56: 0 | E56: 0 | F56: 0 | G56: 0 | H56: - | I56: - | J56: 0.2 | K56: 0 | L56: 0 | M56: 0 | N56: 1.15 | O56: =SUM(C56:N56) -> 1.35
A57: 2 | B57: CITANGKIL | C57: 0.2 | D57: 0.2 | E57: 0 | F57: 0.25 | G57: 0 | H57: 0.2 | I57: 0 | J57: 0.1 | K57: 0.79 | L57: 0.6 | M57: 0.1 | N57: 0.3 | O57: =SUM(C57:N57) -> 2.74
A58: 3 | B58: PULOMERAK | C58: 0 | D58: 0 | E58: 0 | F58: 0 | G58: 4 | H58: 4 | I58: 0 | J58: 1 | K58: 0 | L58: 0 | M58: 0 | N58: 0 | O58: =SUM(C58:N58) -> 9
A59: 4 | B59: PURWAKARTA | C59: 0 | D59: 0 | E59: 0 | G59: 1 | H59: - | I59: - | J59: - | K59: 0 | L59: 0 | M59: 0 | N59: 0 | O59: =SUM(C59:N59) -> 1
A60: 5 | B60: GROGOL | C60: 0 | D60: 0 | E60: 0 | G60: 0 | H60: - | I60: 0 | J60: 0 | K60: 4.9 | L60: 0 | M60: 0 | O60: =SUM(C60:N60) -> 4.9
A61: 6 | B61: CILEGON | C61: 0.2 | D61: 0 | E61: 0 | F61: 0.3 | G61: 0 | H61: 0 | I61: - | J61: - | K61: 0 | L61: 0 | M61: 0.4 | N61: 0.3 | O61: =SUM(C61:N61) -> 1.2
A62: 7 | B62: JOMBANG | C62: 0 | D62: 0 | E62: 0 | F62: 0 | G62: 1 | H62: 0 | I62: 0 | J62: 0 | K62: 0 | L62: 1 | M62: 0 | O62: =SUM(C62:N62) -> 2
A63: 8 | B63: CIBEBER | C63: 1 | D63: 0 | E63: 0 | F63: 1 | G63: 0 | H63: 1 | I63: 0 | J63: 1 | K63: 1 | L63: 1 | M63: 1 | N63: 0 | O63: =SUM(C63:N63) -> 7
A64: JUMLAH | C64: =SUM(C56:C63) -> 1.4 | D64: =SUM(D56:D63) -> 0.2 | E64: =SUM(E56:E63) -> 0 | F64: =SUM(F56:F63) -> 1.55 | G64: =SUM(G56:G63) -> 6 | H64: =SUM(H56:H63) -> 5.2 | I64: =SUM(I56:I63) -> 0 | J64: =SUM(J56:J63) -> 2.3 | ... O64: =SUM(O56:O63) -> 29.19
A68: DATA PRODUKSI JAGUNG PER BULAN
A69: KOTA CILEGON TAHUN 2025
N71: (Ton Tongkol Kering)
A72: No | B72: Kecamatan | C72: Bulan | O72: Jumlah
C73: Jan | D73: Feb | E73: Maret | F73: Apr | G73: Mei | H73: Juni | I73: Juli | J73: Agst | K73: Sept | L73: Okt | M73: Nov | N73: Des
A74: 1 | B74: 2 | C74: 3 | D74: 4 | E74: 5 | F74: 6 | G74: 7 | H74: 8 | I74: 9 | J74: 10 | K74: 11 | L74: 12 | M74: 13 | N74: 14 | O74: 15
A75: 1 | B75: CIWANDAN | C75: 0 | D75: 0 | E75: 0 | F75: 0 | G75: - | H75: - | I75: - | J75: 0 | K75: 0 | L75: 0 | M75: 0 | O75: =SUM(C75:N75) -> 0
A76: 2 | B76: CITANGKIL | C76: 0 | D76: 0 | E76: 0 | F76: - | G76: - | H76: 0 | I76: - | J76: - | K76: 0 | L76: 0 | M76: 0 | O76: =SUM(C76:N76) -> 0
A77: 3 | B77: PULOMERAK | C77: 0 | D77: 0 | E77: 0 | F77: 0 | G77: - | H77: - | I77: - | J77: - | K77: 0 | L77: 0 | M77: 0 | O77: =SUM(C77:N77) -> 0
A78: 4 | B78: PURWAKARTA | C78: 0 | D78: 0 | E78: 0 | G78: 0 | H78: - | I78: 0 | J78: - | K78: 0 | L78: 0.98 | M78: 0 | N78: 0 | O78: =SUM(C78:N78) -> 0.98
A79: 5 | B79: GROGOL | C79: 0 | D79: 0 | E79: 0 | F79: 0 | G79: - | H79: - | I79: - | J79: - | K79: 0 | L79: 0 | M79: 0 | O79: =SUM(C79:N79) -> 0
A80: 6 | B80: CILEGON | C80: 0 | D80: 0 | E80: 0 | F80: - | G80: - | H80: - | I80: - | J80: - | K80: 0 | L80: 0 | M80: 0 | O80: =SUM(C80:N80) -> 0
A81: 7 | B81: JOMBANG | C81: 0 | D81: 0 | E81: 0 | F81: - | G81: - | H81: - | I81: 0 | J81: - | K81: 0 | L81: 0 | M81: 0 | O81: =SUM(C81:N81) -> 0
A82: 8 | B82: CIBEBER | C82: 0 | D82: 0 | E82: 0 | F82: 0 | G82: 0 | H82: - | I82: 0 | J82: - | K82: 0 | L82: 0 | M82: 0 | N82: 4.9 | O82: 4.9
A83: JUMLAH | C83: =SUM(C75:C82) -> 0 | D83: =SUM(D75:D82) -> 0 | E83: =SUM(E75:E82) -> 0 | F83: =SUM(F75:F82) -> 0 | G83: =SUM(G75:G82) -> 0 | H83: =SUM(H75:H82) -> 0 | I83: =SUM(I75:I82) -> 0 | J83: =SUM(J75:J82) -> 0 | ... M83: =SUM(M75:M82) -> 0 | N83: 4.9 | O83: =SUM(O75:O82) -> 5.88
N85: (Ton Tongkol Basah)
A86: No | B86: Kecamatan | C86: Bulan | O86: Jumlah
C87: Jan | D87: Feb | E87: Maret | F87: Apr | G87: Mei | H87: Juni | I87: Juli | J87: Agst | K87: Sept | L87: Okt | M87: Nov | N87: Des
A88: 1 | B88: 2 | C88: 3 | D88: 4 | E88: 5 | F88: 6 | G88: 7 | H88: 8 | I88: 9 | J88: 10 | K88: 11 | L88: 12 | M88: 13 | N88: 14 | O88: 15
A89: 1 | B89: CIWANDAN | C89: 0 | D89: 0 | E89: 0 | F89: 0 | G89: 0 | H89: - | I89: - | J89: 0.9 | K89: 0 | L89: 0 | M89: 0 | N89: 5.6 | O89: =SUM(C89:N89) -> 6.5
A90: 2 | B90: CITANGKIL | C90: 0.98 | D90: 0.9 | E90: 0 | F90: 1.2 | G90: 0 | H90: 0.9 | I90: 0 | J90: 0.49 | K90: 3.8 | L90: 2.9 | M90: 0.49 | N90: 1.47 | O90: =SUM(C90:N90) -> 13.13
A91: 3 | B91: PULOMERAK | C91: 0 | D91: 0 | E91: 0 | F91: 0 | G91: 19.6 | H91: 19.6 | I91: 0 | J91: 4.9 | K91: 0 | L91: 0 | M91: 0 | O91: =SUM(C91:N91) -> 44.1
A92: 4 | B92: PURWAKARTA | C92: 0 | D92: 0 | E92: 0 | F92: 0 | G92: 0 | H92: - | I92: - | J92: - | K92: 0 | L92: 0 | M92: 0 | N92: 0 | O92: =SUM(C92:N92) -> 0
A93: 5 | B93: GROGOL | C93: 0 | D93: 0 | E93: 0 | F93: - | G93: 4.9 | H93: - | I93: 0 | J93: 0 | K93: 24 | L93: 0 | M93: 0 | O93: =SUM(C93:N93) -> 28.9
A94: 6 | B94: CILEGON | C94: 0.98 | D94: 0 | E94: 0 | F94: 1.5 | G94: 0 | H94: 0 | I94: - | J94: - | K94: 0 | L94: 0 | M94: 1.9 | N94: 1.47 | O94: =SUM(C94:N94) -> 5.85
A95: 7 | B95: JOMBANG | C95: 0 | D95: 0 | E95: 0 | F95: 0 | G95: 4.9 | H95: 0 | I95: 0 | J95: 0 | K95: 0 | L95: 4.9 | M95: 0 | O95: =SUM(C95:N95) -> 9.8
A96: 8 | B96: CIBEBER | C96: 4.9 | D96: 0 | E96: 0 | F96: 4.9 | G96: 0 | H96: 4.9 | I96: 0 | J96: 4.9 | K96: 4.9 | L96: 4.9 | M96: 4.9 | N96: 0 | O96: =SUM(C96:N96) -> 29.4
A97: JUMLAH | C97: =SUM(C89:C96) -> 6.86 | D97: =SUM(D89:D96) -> 0.9 | E97: =SUM(E89:E96) -> 0 | F97: =SUM(F89:F96) -> 7.6 | G97: =SUM(G89:G96) -> 29.4 | H97: =SUM(H89:H96) -> 20.5 | I97: =SUM(I89:I96) -> 0 | J97: =SUM(J89:J96) -> 11.19 | ... O97: =SUM(O89:O96) -> 137.68
A101: DATA PRODUKTIVITAS JAGUNG PER BULAN
A102: KOTA CILEGON TAHUN 2025
N104: (Ku/Ha Pipilan Kering)
A105: No | B105: Kecamatan | C105: Bulan | O105: Jumlah
C106: Jan | D106: Feb | E106: Maret | F106: Apr | G106: Mei | H106: Juni | I106: Juli | J106: Agst | K106: Sept | L106: Okt | M106: Nov | N106: Des
A107: 1 | B107: 2 | C107: 3 | D107: 4 | E107: 5 | F107: 6 | G107: 7 | H107: 8 | I107: 9 | J107: 10 | K107: 11 | L107: 12 | M107: 13 | N107: 14 | O107: 15
A108: 1 | B108: CIWANDAN | C108: 0 | D108: 0 | E108: 0 | F108: 0 | G108: 0 | H108: - | I108: - | J108: 0 | K108: 0 | L108: 0 | M108: 0 | O108: =O75/O42*10 -> #DIV/0!
A109: 2 | B109: CITANGKIL | C109: 0 | D109: 0 | E109: 0 | F109: 0 | G109: - | H109: 0 | I109: - | J109: - | K109: 0 | L109: 0 | M109: 0 | O109: =O76/O43*10 -> #DIV/0!
A110: 3 | B110: PULOMERAK | C110: 0 | D110: 0 | E110: 0 | F110: 0 | G110: - | H110: - | I110: - | J110: - | K110: 0 | L110: 0 | M110: 0 | O110: =O77/O44*10 -> #DIV/0!
A111: 4 | B111: PURWAKARTA | C111: 0 | D111: 0 | E111: 0 | F111: - | G111: 0 | H111: - | I111: 0 | J111: - | K111: 0 | L111: 49.01 | M111: 0 | N111: 0 | O111: =O78/O45*10 -> 49
A112: 5 | B112: GROGOL | C112: 0 | D112: 0 | E112: 0 | F112: 0 | G112: - | H112: - | I112: - | J112: - | K112: 0 | L112: 0 | M112: 0 | O112: 0
A113: 6 | B113: CILEGON | C113: 0 | D113: 0 | E113: 0 | F113: - | G113: - | H113: - | I113: - | J113: - | K113: 0 | L113: 0 | M113: 0 | O113: =O80/O47*10 -> #DIV/0!
A114: 7 | B114: JOMBANG | C114: 0 | D114: 0 | E114: 0 | F114: - | G114: - | H114: - | I114: 0 | J114: - | K114: 0 | L114: 0 | M114: 0 | O114: =O81/O48*10 -> #DIV/0!
A115: 8 | B115: CIBEBER | C115: 0 | D115: 0 | E115: 0 | F115: 0 | G115: 0 | H115: - | I115: 0 | J115: - | K115: 0 | L115: 0 | M115: 0 | N115: 49.01 | O115: =O82/O49*10 -> 49
A116: JUMLAH | C116: =SUM(C108:C115) -> 0 | D116: =SUM(D108:D115) -> 0 | E116: =SUM(E108:E115) -> 0 | F116: =SUM(F108:F115) -> 0 | G116: =SUM(G108:G115) -> 0 | H116: =SUM(H108:H115) -> 0 | I116: =I83/I50*10 -> #DIV/0! | J116: =J83/J50*10 -> #DIV/0! | K116: =K83/K50*10 -> #DIV/0! | L116: =L83/L50*10 -> 49 | M116: =M83/M50*10 -> #DIV/0! | N116: =N83/N50*10 -> 49 | O116: 49.01
N118: (Ku/Ha Tongkol Basah)
A119: No | B119: Kecamatan | C119: Bulan | O119: Jumlah
C120: Jan | D120: Feb | E120: Maret | F120: Apr | G120: Mei | H120: Juni | I120: Juli | J120: Agst | K120: Sept | L120: Okt | M120: Nov | N120: Des
A121: 1 | B121: 2 | C121: 3 | D121: 4 | E121: 5 | F121: 6 | G121: 7 | H121: 8 | I121: 9 | J121: 10 | K121: 11 | L121: 12 | M121: 13 | N121: 14 | O121: 15
A122: 1 | B122: CIWANDAN | C122: 0 | D122: 0 | E122: 0 | F122: 0 | G122: 0 | H122: - | I122: - | J122: 49.01 | K122: 0 | L122: 0 | M122: 0 | N122: 49.01 | O122: =O89/O56*10 -> 48.148148
A123: 2 | B123: CITANGKIL | C123: 49.01 | D123: 49.01 | E123: 0 | F123: 49.01 | G123: 0 | H123: 49.01 | I123: 0 | J123: 49.01 | K123: 49.01 | L123: 49.01 | M123: 49.01 | N123: 49.01 | O123: =O90/O57*10 -> 47.919708
A124: 3 | B124: PULOMERAK | C124: 0 | D124: 0 | E124: 0 | F124: 0 | G124: 49.01 | H124: 49.01 | I124: 0 | J124: 49.01 | K124: 0 | L124: 0 | M124: 0 | O124: =O91/O58*10 -> 49
A125: 4 | B125: PURWAKARTA | C125: 0 | D125: 0 | E125: 0 | F125: - | G125: 0 | H125: - | I125: - | J125: - | K125: 0 | L125: 0 | M125: 0 | N125: 0 | O125: =O92/O59*10 -> 0
A126: 5 | B126: GROGOL | C126: 0 | D126: 0 | E126: 0 | F126: - | G126: 49.01 | H126: - | I126: 0 | J126: 0 | K126: 49.01 | L126: 0 | M126: 0 | O126: =O93/O60*10 -> 58.979592
A127: 6 | B127: CILEGON | C127: 49.01 | D127: 0 | E127: 0 | F127: 49.01 | G127: 0 | H127: 0 | I127: - | J127: - | K127: 0 | L127: 0 | M127: 49.01 | N127: 49.01 | O127: =O94/O61*10 -> 48.75
A128: 7 | B128: JOMBANG | C128: 0 | D128: 0 | E128: 0 | F128: 0 | G128: 49.01 | H128: 0 | I128: 0 | J128: 0 | K128: 0 | L128: 49.01 | M128: 0 | O128: =O95/O62*10 -> 49
A129: 8 | B129: CIBEBER | C129: 49.01 | D129: 0 | E129: 0 | F129: 49.01 | G129: 0 | H129: 49.01 | I129: 0 | J129: 49.01 | K129: 49.01 | L129: 49.01 | M129: 49.01 | N129: 0 | O129: =O96/O63*10 -> 42
A130: JUMLAH | C130: =C97/C64*10 -> 49 | D130: =D97/D64*10 -> 45 | E130: =E97/E64*10 -> #DIV/0! | F130: =F97/F64*10 -> 49.032258 | G130: =G97/G64*10 -> 49 | H130: =H97/H64*10 -> 39.423077 | I130: =I97/I64*10 -> #DIV/0! | J130: =J97/J64*10 -> 48.652174 | ... O130: =O97/O64*10 -> 47.166838

Sheet kedelai
A2: DATA LUAS TANAM KEDELAI PER BULAN
A3: KOTA CILEGON TAHUN 2025
O5: (Ha)
A6: No | B6: Kecamatan | C6: Bulan | O6: Jumlah
C7: Jan | D7: Feb | E7: Maret | F7: Apr | G7: Mei | H7: Juni | I7: Juli | J7: Agst | K7: Sept | L7: Okt | M7: Nov | N7: Des
A8: 1 | B8: 2 | C8: 3 | D8: 4 | E8: 5 | F8: 6 | G8: 7 | H8: 8 | I8: 9 | J8: 10 | K8: 11 | L8: 12 | M8: 13 | N8: 14 | O8: 15 | Q8: ok-nop
A9: 1 | B9: CIWANDAN | C9: 0 | D9: 0 | E9: 0 | F9: 0 | G9: 0 | H9: 0 | I9: 0 | J9: 0 | K9: 0 | L9: 0 | M9: 0 | N9: 0 | O9: =SUM(C9:N9) -> 0 | Q9: =SUM(L9:M9) -> 0
A10: 2 | B10: CITANGKIL | C10: 0 | D10: 0 | E10: 0 | F10: 0 | G10: 0 | H10: 0 | I10: 0 | J10: 0 | K10: 0 | L10: 0 | M10: 0 | N10: 0 | O10: =SUM(C10:N10) -> 0 | Q10: =SUM(L10:M10) -> 0
A11: 3 | B11: PULOMERAK | C11: 0 | D11: 0 | E11: 0 | F11: 0 | G11: 0 | H11: 0 | I11: 0 | J11: 0 | K11: 0 | L11: 0 | M11: 0 | N11: 0 | O11: =SUM(C11:N11) -> 0 | Q11: =SUM(L11:M11) -> 0
A12: 4 | B12: PURWAKARTA | C12: 0 | D12: 0 | E12: 0 | F12: 0 | G12: 0 | H12: 0 | I12: 0 | J12: 0 | K12: 0 | L12: 0 | M12: 0 | N12: 0 | O12: =SUM(C12:N12) -> 0 | Q12: =SUM(L12:M12) -> 0
A13: 5 | B13: GROGOL | C13: 0 | D13: 0 | E13: 0 | F13: 0 | G13: 0 | H13: 0 | I13: 0 | J13: 0 | K13: 0 | L13: 0 | M13: 0 | N13: 0 | O13: =SUM(C13:N13) -> 0 | Q13: =SUM(L13:M13) -> 0
A14: 6 | B14: CILEGON | C14: 0 | D14: 0 | E14: 0 | F14: 0 | G14: 0 | H14: 0 | I14: 0 | J14: 0 | K14: 0 | L14: 0 | M14: 0 | N14: 0 | O14: =SUM(C14:N14) -> 0 | Q14: =SUM(L14:M14) -> 0
A15: 7 | B15: JOMBANG | C15: 0 | D15: 0 | E15: 0 | F15: 0 | G15: 0 | H15: 0 | I15: 0 | J15: 0 | K15: 0 | L15: 0 | M15: 0 | N15: 0 | O15: =SUM(C15:N15) -> 0 | Q15: =SUM(L15:M15) -> 0
A16: 8 | B16: CIBEBER | C16: 0 | D16: 0 | E16: 0 | F16: 0 | G16: 0 | H16: 0 | I16: 0 | J16: 0 | K16: 0 | L16: 0 | M16: 0 | N16: 0 | O16: =SUM(C16:N16) -> 0 | Q16: =SUM(L16:M16) -> 0
A17: JUMLAH | C17: =SUM(C9:C16) -> 0 | D17: =SUM(D9:D16) -> 0 | E17: =SUM(E9:E16) -> 0 | F17: =SUM(F9:F16) -> 0 | G17: =SUM(G9:G16) -> 0 | H17: =SUM(H9:H16) -> 0 | I17: =SUM(I9:I16) -> 0 | J17: =SUM(J9:J16) -> 0 | ... O17: =SUM(O9:O16) -> 0
A35: DATA LUAS PANEN KEDELAI PER BULAN
A36: KOTA CILEGON TAHUN 2025
O38: (Ha)
A39: No | B39: Kecamatan | C39: Bulan | O39: Jumlah
C40: Jan | D40: Feb | E40: Maret | F40: Apr | G40: Mei | H40: Juni | I40: Juli | J40: Agst | K40: Sept | L40: Okt | M40: Nov | N40: Des
A41: 1 | B41: 2 | C41: 3 | D41: 4 | E41: 5 | F41: 6 | G41: 7 | H41: 8 | I41: 9 | J41: 10 | K41: 11 | L41: 12 | M41: 13 | N41: 14 | O41: 15
A42: 1 | B42: CIWANDAN | C42: 0 | D42: 0 | E42: 0 | F42: 0 | G42: 0 | H42: 0 | I42: 0 | J42: 0 | K42: 0 | L42: 0 | M42: 0 | N42: 0 | O42: =SUM(C42:N42) -> 0 | Q42: =SUM(C42:E42) -> 0
A43: 2 | B43: CITANGKIL | C43: 0 | D43: 0 | E43: 0 | F43: 0 | G43: 0 | H43: 0 | I43: 0 | J43: 0 | K43: 0 | L43: 0 | M43: 0 | N43: 0 | O43: =SUM(C43:N43) -> 0 | Q43: =SUM(C43:E43) -> 0
A44: 3 | B44: PULOMERAK | C44: 0 | D44: 0 | E44: 0 | F44: 0 | G44: 0 | H44: 0 | I44: 0 | J44: 0 | K44: 0 | L44: 0 | M44: 0 | N44: 0 | O44: =SUM(C44:N44) -> 0 | Q44: =SUM(C44:E44) -> 0
A45: 4 | B45: PURWAKARTA | C45: 0 | D45: 0 | E45: 0 | F45: 0 | G45: 0 | H45: 0 | I45: 0 | J45: 0 | K45: 0 | L45: 0 | M45: 0 | N45: 0 | O45: =SUM(C45:N45) -> 0 | Q45: =SUM(C45:E45) -> 0
A46: 5 | B46: GROGOL | C46: 0 | D46: 0 | E46: 0 | F46: 0 | G46: 0 | H46: 0 | I46: 0 | J46: 0 | K46: 0 | L46: 0 | M46: 0 | N46: 0 | O46: =SUM(C46:N46) -> 0 | Q46: =SUM(C46:E46) -> 0
A47: 6 | B47: CILEGON | C47: 0 | D47: 0 | E47: 0 | F47: 0 | G47: 0 | H47: 0 | I47: 0 | J47: 0 | K47: 0 | L47: 0 | M47: 0 | N47: 0 | O47: =SUM(C47:N47) -> 0 | Q47: =SUM(C47:E47) -> 0
A48: 7 | B48: JOMBANG | C48: 0 | D48: 0 | E48: 0 | F48: 0 | G48: 0 | H48: 0 | I48: 0 | J48: 0 | K48: 0 | L48: 0 | M48: 0 | N48: 0 | O48: =SUM(C48:N48) -> 0 | Q48: =SUM(C48:E48) -> 0
A49: 8 | B49: CIBEBER | C49: 0 | D49: 0 | E49: 0 | F49: 0 | G49: 0 | H49: 0 | I49: 0 | J49: 0 | K49: 0 | L49: 0 | M49: 0 | N49: 0 | O49: =SUM(C49:N49) -> 0 | P49: 15 | Q49: =SUM(C49:E49) -> 0
A50: JUMLAH | C50: =SUM(C42:C49) -> 0 | D50: =SUM(D42:D49) -> 0 | E50: =SUM(E42:E49) -> 0 | F50: =SUM(F42:F49) -> 0 | G50: =SUM(G42:G49) -> 0 | H50: =SUM(H42:H49) -> 0 | I50: =SUM(I42:I49) -> 0 | J50: =SUM(J42:J49) -> 0 | ... P50: =SUM(P42:P49) -> 15
A68: DATA PRODUKSI KEDELAI PER BULAN
A69: KOTA CILEGON TAHUN 2025
O71: (Ton)
A72: No | B72: Kecamatan | C72: Bulan | O72: Jumlah
C73: Jan | D73: Feb | E73: Maret | F73: Apr | G73: Mei | H73: Juni | I73: Juli | J73: Agst | K73: Sept | L73: Okt | M73: Nov | N73: Des
A74: 1 | B74: 2 | C74: 3 | D74: 4 | E74: 5 | F74: 6 | G74: 7 | H74: 8 | I74: 9 | J74: 10 | K74: 11 | L74: 12 | M74: 13 | N74: 14 | O74: 15
A75: 1 | B75: CIWANDAN | C75: 0 | D75: 0 | E75: 0 | F75: 0 | G75: 0 | H75: 0 | I75: 0 | J75: 0 | K75: 0 | L75: 0 | M75: 0 | N75: 0 | O75: =SUM(C75:N75) -> 0 | Q75: =SUM(C75:E75) -> 0
A76: 2 | B76: CITANGKIL | C76: 0 | D76: 0 | E76: 0 | F76: 0 | G76: 0 | H76: 0 | I76: 0 | J76: 0 | K76: 0 | L76: 0 | M76: 0 | N76: 0 | O76: =SUM(C76:N76) -> 0 | Q76: =SUM(C76:E76) -> 0
A77: 3 | B77: PULOMERAK | C77: 0 | D77: 0 | E77: 0 | F77: 0 | G77: 0 | H77: 0 | I77: 0 | J77: 0 | K77: 0 | L77: 0 | M77: 0 | N77: 0 | O77: =SUM(C77:N77) -> 0 | Q77: =SUM(C77:E77) -> 0
A78: 4 | B78: PURWAKARTA | C78: 0 | D78: 0 | E78: 0 | F78: 0 | G78: 0 | H78: 0 | I78: 0 | J78: 0 | K78: 0 | L78: 0 | M78: 0 | N78: 0 | O78: =SUM(C78:N78) -> 0 | Q78: =SUM(C78:E78) -> 0
A79: 5 | B79: GROGOL | C79: 0 | D79: 0 | E79: 0 | F79: 0 | G79: 0 | H79: 0 | I79: 0 | J79: 0 | K79: 0 | L79: 0 | M79: 0 | N79: 0 | O79: =SUM(C79:N79) -> 0 | Q79: =SUM(C79:E79) -> 0
A80: 6 | B80: CILEGON | C80: 0 | D80: 0 | E80: 0 | F80: 0 | G80: 0 | H80: 0 | I80: 0 | J80: 0 | K80: 0 | L80: 0 | M80: 0 | N80: 0 | O80: =SUM(C80:N80) -> 0 | Q80: =SUM(C80:E80) -> 0
A81: 7 | B81: JOMBANG | C81: 0 | D81: 0 | E81: 0 | F81: 0 | G81: 0 | H81: 0 | I81: 0 | J81: 0 | K81: 0 | L81: 0 | M81: 0 | N81: 0 | O81: =SUM(C81:N81) -> 0 | Q81: =SUM(C81:E81) -> 0
A82: 8 | B82: CIBEBER | C82: 0 | D82: 0 | E82: 0 | F82: 0 | G82: 0 | H82: 0 | I82: 0 | J82: 0 | K82: 0 | L82: 0 | M82: 0 | N82: 0 | O82: =SUM(C82:N82) -> 0 | Q82: =SUM(C82:E82) -> 0
A83: JUMLAH | C83: =SUM(C75:C82) -> 0 | D83: =SUM(D75:D82) -> 0 | E83: =SUM(E75:E82) -> 0 | F83: =SUM(F75:F82) -> 0 | G83: =SUM(G75:G82) -> 0 | H83: =SUM(H75:H82) -> 0 | I83: =SUM(I75:I82) -> 0 | J83: =SUM(J75:J82) -> 0 | ... O83: =SUM(O75:O82) -> 0
A101: DATA PRODUKTIVITAS KEDELAI PER BULAN
A102: KOTA CILEGON TAHUN 2025
O104: (Ku/Ha)
A105: No | B105: Kecamatan | C105: Bulan | O105: Jumlah
C106: Jan | D106: Feb | E106: Maret | F106: Apr | G106: Mei | H106: Juni | I106: Juli | J106: Agst | K106: Sept | L106: Okt | M106: Nov | N106: Des
A107: 1 | B107: 2 | C107: 3 | D107: 4 | E107: 5 | F107: 6 | G107: 7 | H107: 8 | I107: 9 | J107: 10 | K107: 11 | L107: 12 | M107: 13 | N107: 14 | O107: 15
A108: 1 | B108: CIWANDAN | C108: 0 | D108: 0 | E108: 0 | F108: 0 | G108: 0 | H108: 0 | I108: 0 | J108: 0 | K108: 0 | L108: 0 | M108: 0 | N108: 0 | O108: 0
A109: 2 | B109: CITANGKIL | C109: 0 | D109: 0 | E109: 0 | F109: 0 | G109: 0 | H109: 0 | I109: 0 | J109: 0 | K109: 0 | L109: 0 | M109: 0 | N109: 0 | O109: 0
A110: 3 | B110: PULOMERAK | C110: 0 | D110: 0 | E110: 0 | F110: 0 | G110: 0 | H110: 0 | I110: 0 | J110: 0 | K110: 0 | L110: 0 | M110: 0 | N110: 0 | O110: 0
A111: 4 | B111: PURWAKARTA | C111: 0 | D111: 0 | E111: 0 | F111: 0 | G111: 0 | H111: 0 | I111: 0 | J111: 0 | K111: 0 | L111: 0 | M111: 0 | N111: 0 | O111: 0
A112: 5 | B112: GROGOL | C112: 0 | D112: 0 | E112: 0 | F112: 0 | G112: 0 | H112: 0 | I112: 0 | J112: 0 | K112: 0 | L112: 0 | M112: 0 | N112: 0 | O112: 0
A113: 6 | B113: CILEGON | C113: 0 | D113: 0 | E113: 0 | F113: 0 | G113: 0 | H113: 0 | I113: 0 | J113: 0 | K113: 0 | L113: 0 | M113: 0 | N113: 0 | O113: 0
A114: 7 | B114: JOMBANG | C114: 0 | D114: 0 | E114: 0 | F114: 0 | G114: 0 | H114: 0 | I114: 0 | J114: 0 | K114: 0 | L114: 0 | M114: 0 | N114: 0 | O114: 0
A115: 8 | B115: CIBEBER | C115: 0 | D115: 0 | E115: 0 | F115: 0 | G115: 0 | H115: 0 | I115: 0 | J115: 0 | K115: 0 | L115: 0 | M115: 0 | N115: 0 | O115: 0
A116: JUMLAH | C116: 0 | D116: =SUM(D108:D115) -> 0 | E116: =SUM(E108:E115) -> 0 | F116: =SUM(F108:F115) -> 0 | G116: =SUM(G108:G115) -> 0 | H116: =SUM(H108:H115) -> 0 | I116: =SUM(I108:I115) -> 0 | J116: =SUM(J108:J115) -> 0 | K116: =SUM(K108:K115) -> 0 | ... O116: =SUM(O108:O115) -> 0

Sheet kc tanah
A2: DATA LUAS TANAM KACANG TANAH PER BULAN
A3: KOTA CILEGON TAHUN 2025
O5: (Ha)
A6: No | B6: Kecamatan | C6: Bulan | O6: Jumlah
C7: Jan | D7: Feb | E7: Maret | F7: Apr | G7: Mei | H7: Juni | I7: Juli | J7: Agst | K7: Sept | L7: Okt | M7: Nov | N7: Des
A8: 1 | B8: 2 | C8: 3 | D8: 4 | E8: 5 | F8: 6 | G8: 7 | H8: 8 | I8: 9 | J8: 10 | K8: 11 | L8: 12 | M8: 13 | N8: 14 | O8: 15
A9: 1 | B9: CIWANDAN | C9: 0 | D9: 0 | E9: 0 | F9: 10 | G9: - | H9: - | I9: - | J9: 0 | K9: 0 | L9: 0 | M9: 0 | N9: 0 | O9: =SUM(C9:N9) -> 10 | P9: =SUM(I9:K9) -> 0 | Q9: =SUM(F9:K9) -> 10
A10: 2 | B10: CITANGKIL | C10: 0 | D10: 25 | E10: 125 | F10: 0 | G10: 0 | H10: 10 | I10: 0 | J10: 1 | K10: 0 | L10: 30 | M10: 70 | N10: 25 | O10: =SUM(C10:N10) -> 286 | P10: =SUM(I10:K10) -> 1 | Q10: =SUM(F10:K10) -> 11
A11: 3 | B11: PULOMERAK | C11: 0 | D11: 0 | E11: 0 | F11: 4 | G11: - | H11: - | I11: 0 | K11: 0 | L11: 50 | M11: 0 | N11: 0 | O11: =SUM(C11:N11) -> 54 | P11: =SUM(I11:K11) -> 0 | Q11: =SUM(F11:K11) -> 4
A12: 4 | B12: PURWAKARTA | C12: 0 | D12: 0 | E12: 0 | F12: 10 | G12: 10 | H12: 0 | I12: 0 | J12: - | K12: 0 | L12: 0 | M12: 0 | N12: 1 | O12: =SUM(C12:N12) -> 21 | P12: =SUM(I12:K12) -> 0 | Q12: =SUM(F12:K12) -> 20
A13: 5 | B13: GROGOL | C13: 0 | D13: 0 | E13: 0 | F13: 15 | G13: 0 | H13: 5 | I13: 0 | J13: - | K13: 0 | L13: 0 | M13: 0 | N13: 235 | O13: =SUM(C13:N13) -> 255 | P13: =SUM(I13:K13) -> 0 | Q13: =SUM(F13:K13) -> 20
A14: 6 | B14: CILEGON | C14: 0 | D14: 0 | E14: 0 | F14: 0 | G14: 14 | H14: 5 | I14: 0 | J14: 4 | K14: 0 | L14: 0 | M14: 5 | N14: 0 | O14: =SUM(C14:N14) -> 28 | P14: =SUM(I14:K14) -> 4 | Q14: =SUM(F14:K14) -> 23
A15: 7 | B15: JOMBANG | C15: 0 | D15: 0 | E15: 0 | F15: 0 | G15: - | H15: - | I15: 0 | J15: - | K15: 0 | L15: 0 | M15: 2 | N15: 0 | O15: =SUM(C15:N15) -> 2 | P15: =SUM(I15:K15) -> 0 | Q15: =SUM(F15:K15) -> 0
A16: 8 | B16: CIBEBER | C16: 0 | D16: 15 | E16: 0 | F16: 10 | G16: 0 | H16: 25 | I16: 0 | J16: 30 | K16: 1 | L16: 45 | M16: 15 | N16: 0 | O16: =SUM(C16:N16) -> 141 | P16: =SUM(I16:K16) -> 31 | Q16: =SUM(F16:K16) -> 66
A17: JUMLAH | C17: =SUM(C9:C16) -> 0 | D17: =SUM(D9:D16) -> 40 | E17: =SUM(E9:E16) -> 125 | F17: =SUM(F9:F16) -> 49 | G17: =SUM(G9:G16) -> 24 | H17: =SUM(H9:H16) -> 45 | I17: =SUM(I9:I16) -> 0 | J17: =SUM(J9:J16) -> 35 | ... P17: =SUM(P9:P16) -> 36 | Q17: =SUM(I9:K9) -> 0
A34: DATA LUAS PANEN KACANG TANAH PER BULAN
A35: KOTA CILEGON TAHUN 2025
O37: (Ha)
A38: No | B38: Kecamatan | C38: Bulan | O38: Jumlah
C39: Jan | D39: Feb | E39: Maret | F39: Apr | G39: Mei | H39: Juni | I39: Juli | J39: Agst | K39: Sept | L39: Okt | M39: Nov | N39: Des
A40: 1 | B40: 2 | C40: 3 | D40: 4 | E40: 5 | F40: 6 | G40: 7 | H40: 8 | I40: 9 | J40: 10 | K40: 11 | L40: 12 | M40: 13 | N40: 14 | O40: 15
A41: 1 | B41: CIWANDAN | C41: 0 | D41: 10 | E41: 0 | F41: 0 | G41: 0 | H41: - | I41: - | J41: - | K41: 0 | L41: 0 | M41: 0 | O41: =SUM(C41:N41) -> 10 | Q41: =SUM(F41:K41) -> 0
A42: 2 | B42: CITANGKIL | C42: 6 | D42: 164 | E42: 0 | F42: 0 | G42: 25 | H42: 125 | I42: 0 | J42: 0 | K42: 10 | L42: 0 | M42: 1 | N42: 1 | O42: =SUM(C42:N42) -> 332 | Q42: =SUM(F42:K42) -> 160
A43: 3 | B43: PULOMERAK | C43: 15 | D43: 0 | E43: 0 | F43: 0 | G43: 0 | H43: 0 | I43: 0 | J43: 4 | K43: 0 | L43: 0 | M43: 0 | O43: =SUM(C43:N43) -> 19 | Q43: =SUM(F43:K43) -> 4
A44: 4 | B44: PURWAKARTA | C44: 10 | D44: 15 | E44: 0 | F44: 15 | G44: 0 | H44: 10 | I44: - | J44: - | K44: 10 | L44: 0 | M44: 0 | O44: =SUM(C44:N44) -> 60 | Q44: =SUM(F44:K44) -> 35
A45: 5 | B45: GROGOL | C45: 0 | D45: 0 | E45: 0 | F45: 0 | G45: 0 | H45: 0 | I45: 0 | J45: 0 | K45: 5 | L45: 0 | M45: 0 | O45: =SUM(C45:N45) -> 5 | Q45: =SUM(F45:K45) -> 5
A46: 6 | B46: CILEGON | C46: 0 | D46: 23 | E46: 0 | F46: 0 | G46: 0 | H46: 0 | I46: 0 | J46: 0 | K46: 5 | L46: 0 | M46: 4 | O46: =SUM(C46:N46) -> 32 | Q46: =SUM(F46:K46) -> 5
A47: 7 | B47: JOMBANG | C47: 0 | D47: 0 | E47: 0 | F47: 0 | G47: 0 | H47: - | I47: - | J47: - | K47: 0 | L47: 0 | M47: 0 | O47: =SUM(C47:N47) -> 0 | Q47: =SUM(F47:K47) -> 0
A48: 8 | B48: CIBEBER | C48: 49 | D48: 25 | E48: 0 | F48: 0 | G48: 15 | H48: 0 | I48: 0 | J48: 25 | K48: 0 | L48: 25 | M48: 30 | N48: 45 | O48: =SUM(C48:N48) -> 214 | Q48: =SUM(F48:K48) -> 40
A49: JUMLAH | C49: =SUM(C41:C48) -> 80 | D49: =SUM(D41:D48) -> 237 | E49: =SUM(E41:E48) -> 0 | F49: =SUM(F41:F48) -> 15 | G49: =SUM(G41:G48) -> 40 | H49: =SUM(H41:H48) -> 135 | I49: =SUM(I41:I48) -> 0 | J49: =SUM(J41:J48) -> 29 | ... O49: =SUM(O41:O48) -> 672 | Q49: =SUM(F49:K49) -> 249
A67: DATA PRODUKSI KACANG TANAH PER BULAN
A68: KOTA CILEGON TAHUN 2025
O70: (Ton)
A71: No | B71: Kecamatan | C71: Bulan | O71: Jumlah
C72: Jan | D72: Feb | E72: Maret | F72: Apr | G72: Mei | H72: Juni | I72: Juli | J72: Agst | K72: Sept | L72: Okt | M72: Nov | N72: Des
A73: 1 | B73: 2 | C73: 3 | D73: 4 | E73: 5 | F73: 6 | G73: 7 | H73: 8 | I73: 9 | J73: 10 | K73: 11 | L73: 12 | M73: 13 | N73: 14 | O73: 15
A74: 1 | B74: CIWANDAN | C74: 0 | D74: 12 | E74: 0 | F74: 0 | G74: 0 | H74: - | I74: - | J74: - | K74: 0 | L74: 0 | M74: 0 | O74: =SUM(C74:N74) -> 12 | Q74: =SUM(F74:K74) -> 0
A75: 2 | B75: CITANGKIL | C75: 7.2 | D75: 196.8 | E75: 0 | F75: 0 | G75: 30 | H75: 150 | I75: 0 | J75: 0 | K75: 120 | L75: 0 | M75: 12 | N75: 12 | O75: =SUM(C75:N75) -> 528 | Q75: =SUM(F75:K75) -> 300
A76: 3 | B76: PULOMERAK | C76: 18 | D76: 0 | E76: 0 | F76: 0 | G76: 0 | H76: 0 | I76: 0 | J76: 4.8 | K76: 0 | L76: 0 | M76: 0 | O76: =SUM(C76:N76) -> 22.8 | Q76: =SUM(F76:K76) -> 4.8
A77: 4 | B77: PURWAKARTA | C77: 12 | D77: 18 | E77: 0 | F77: 18 | G77: 0 | H77: 12 | I77: - | J77: 0 | K77: 12 | L77: 0 | M77: 2 | O77: =SUM(C77:N77) -> 74 | Q77: =SUM(F77:K77) -> 42
A78: 5 | B78: GROGOL | C78: 0 | D78: 0 | E78: 0 | F78: 0 | G78: 0 | H78: 0 | I78: 0 | J78: 0 | K78: 6 | L78: 0 | M78: 1 | O78: =SUM(C78:N78) -> 7 | Q78: =SUM(F78:K78) -> 6
A79: 6 | B79: CILEGON | C79: 0 | D79: 27.6 | E79: 0 | F79: 0 | G79: 0 | H79: 0 | I79: 0 | J79: 0 | K79: 6 | L79: 0 | M79: 4.8 | O79: =SUM(C79:N79) -> 38.4 | Q79: =SUM(F79:K79) -> 6
A80: 7 | B80: JOMBANG | C80: 0 | D80: 0 | E80: 0 | F80: 0 | G80: 0 | H80: 0 | I80: - | J80: - | K80: 0 | L80: 0 | M80: 0 | O80: =SUM(C80:N80) -> 0 | Q80: =SUM(F80:K80) -> 0
A81: 8 | B81: CIBEBER | C81: 48 | D81: 30 | E81: 0 | F81: 0 | G81: 18 | H81: 0 | I81: 0 | J81: 30 | K81: 0 | L81: 30 | M81: 36 | N81: 54 | O81: =SUM(C81:N81) -> 246 | Q81: =SUM(F81:K81) -> 48
A82: JUMLAH | C82: =SUM(C74:C81) -> 85.2 | D82: =SUM(D74:D81) -> 284.4 | E82: =SUM(E74:E81) -> 0 | F82: =SUM(F74:F81) -> 18 | G82: =SUM(G74:G81) -> 48 | H82: =SUM(H74:H81) -> 162 | I82: =SUM(I74:I81) -> 0 | J82: =SUM(J74:J81) -> 34.8 | ... O82: =SUM(O74:O81) -> 928.2 | P82: =O82/0.32 -> 2900.625 | Q82: =SUM(F82:K82) -> 406.8 | R82: =O82/0.32 -> 2900.625
A97: =-J9 -> 0
A100: DATA PRODUKTIVITAS KACANG TANAH PER BULAN
A101: KOTA CILEGON TAHUN 2025
O103: (Ku/Ha)
A104: No | B104: Kecamatan | C104: Bulan | O104: Jumlah
C105: Jan | D105: Feb | E105: Maret | F105: Apr | G105: Mei | H105: Juni | I105: Juli | J105: Agst | K105: Sept | L105: Okt | M105: Nov | N105: Des
A106: 1 | B106: 2 | C106: 3 | D106: 4 | E106: 5 | F106: 6 | G106: 7 | H106: 8 | I106: 9 | J106: 10 | K106: 11 | L106: 12 | M106: 13 | N106: 14 | O106: 15
A107: 1 | B107: CIWANDAN | C107: 0 | D107: 12 | E107: 0 | F107: 0 | G107: 0 | H107: - | I107: - | J107: - | K107: 0 | L107: 0 | M107: 0 | O107: =O74/O41*10 -> 12 | Q107: =O107/0.32 -> 37.5 | R107: =E107/0.32 -> 0 | S107: =R107*0.53 -> 0
A108: 2 | B108: CITANGKIL | C108: 12 | D108: 12 | E108: 0 | F108: 0 | G108: 12 | H108: 12 | I108: 0 | J108: 0 | K108: 12 | L108: 0 | M108: 12 | N108: 12 | O108: =O75/O42*10 -> 15.903614 | Q108: =O108/0.32 -> 49.698795 | R108: =E108/0.32 -> 0 | S108: =R108*0.53 -> 0
A109: 3 | B109: PULOMERAK | C109: 12 | D109: 0 | E109: 0 | F109: 0 | G109: 0 | H109: 0 | I109: 0 | J109: 12 | K109: 12 | L109: 0 | M109: 0 | O109: =O76/O43*10 -> 12 | Q109: =O109/0.32 -> 37.5 | R109: =E109/0.32 -> 0 | S109: =R109*0.53 -> 0
A110: 4 | B110: PURWAKARTA | C110: 12 | D110: 12 | E110: 0 | F110: 12 | G110: 0 | H110: 12 | I110: 0 | J110: - | K110: 0 | L110: 0 | M110: 0 | O110: =O77/O44*10 -> 12.333333 | Q110: =O110/0.32 -> 38.541667 | R110: =E110/0.32 -> 0 | S110: =R110*0.53 -> 0
A111: 5 | B111: GROGOL | C111: 0 | D111: 0 | E111: 0 | F111: 0 | G111: 0 | H111: 0 | I111: 0 | J111: 0 | K111: 12 | L111: 0 | M111: 0 | O111: =O78/O45*10 -> 14 | Q111: =O111/0.32 -> 43.75 | R111: =E111/0.32 -> 0 | S111: =R111*0.53 -> 0
A112: 6 | B112: CILEGON | C112: 0 | D112: 12 | E112: 0 | F112: 0 | G112: 0 | H112: 0 | I112: 0 | J112: 0 | K112: 12 | L112: 0 | M112: 12 | O112: =O79/O46*10 -> 12 | Q112: =O112/0.32 -> 37.5 | R112: =E112/0.32 -> 0 | S112: =R112*0.53 -> 0
A113: 7 | B113: JOMBANG | C113: 0 | D113: 0 | E113: 0 | F113: 0 | G113: 0 | H113: - | I113: 0 | J113: 0 | K113: 0 | L113: 0 | M113: 0 | O113: =O80/O47*10 -> #DIV/0! | Q113: =O113/0.32 -> #DIV/0! | R113: =E113/0.32 -> 0 | S113: =R113*0.53 -> 0
A114: 8 | B114: CIBEBER | C114: 12 | D114: 12 | E114: 0 | F114: 0 | G114: 12 | H114: 0 | I114: 0 | J114: 12 | K114: 0 | L114: 12 | M114: 12 | N114: 12 | O114: =O81/O48*10 -> 11.495327 | Q114: =O114/0.32 -> 35.922897 | R114: =E114/0.32 -> 0 | S114: =R114*0.53 -> 0
A115: JUMLAH | C115: =C82/C49*10 -> 10.65 | D115: =D82/D49*10 -> 12 | E115: =E82/E49*10 -> #DIV/0! | F115: =F82/F49*10 -> 12 | G115: =G82/G49*10 -> 12 | H115: =H82/H49*10 -> 12 | I115: =I82/I49*10 -> #DIV/0! | J115: =SUM(J107:J114) -> 24 | K115: =K82/K49*10 -> 48 | L115: =L82/L49*10 -> 12 | M115: =SUM(M107:M114) -> 36 | N115: =N82/N49*10 -> 14.347826 | O115: =O82/O49*10 -> 13.8125 | P115: =O115/0.32 -> 43.164062 | Q115: 0 | R115: =O115/0.32 -> 43.164062

Sheet ubi kayu
A2: DATA LUAS TANAM UBI KAYU/SINGKONG
A3: KOTA CILEGON TAHUN 2025
O5: (Ha)
A6: No | B6: Kecamatan | C6: Bulan | O6: Jumlah
C7: Jan | D7: Feb | E7: Maret | F7: Apr | G7: Mei | H7: Juni | I7: Juli | J7: Agst | K7: Sept | L7: Okt | M7: Nov | N7: Des
A8: 1 | B8: 2 | C8: 3 | D8: 4 | E8: 5 | F8: 6 | G8: 7 | H8: 8 | I8: 9 | J8: 10 | K8: 11 | L8: 12 | M8: 13 | N8: 14 | O8: 15
A9: 1 | B9: CIWANDAN | C9: 1 | D9: 0 | E9: 0 | F9: 0 | G9: 1 | H9: 0 | I9: 0 | J9: - | K9: 1 | L9: 0 | M9: 0 | O9: =SUM(C9:N9) -> 3
A10: 2 | B10: CITANGKIL | C10: 0 | D10: 2 | E10: 0 | F10: 0 | G10: 1 | H10: 0 | I10: 0 | J10: 0 | K10: 1 | L10: 0 | M10: 0.2 | N10: 0 | O10: =SUM(C10:N10) -> 4.2
A11: 3 | B11: PULOMERAK | C11: 0 | D11: 0 | E11: 0 | F11: 4 | G11: 0 | H11: - | I11: 0 | J11: 0 | K11: 0 | L11: 0 | M11: 0 | N11: 0 | O11: =SUM(C11:N11) -> 4
A12: 4 | B12: PURWAKARTA | C12: 2 | D12: 0 | E12: 0 | F12: 0 | G12: 0 | H12: - | I12: - | J12: - | K12: 0 | L12: 0 | M12: 3 | N12: 3 | O12: =SUM(C12:N12) -> 8
A13: 5 | B13: GROGOL | C13: 0 | D13: 0 | E13: 0 | F13: 0 | G13: - | H13: - | I13: - | J13: - | K13: 0 | L13: 0 | M13: 0.1 | N13: 2 | O13: =SUM(C13:N13) -> 2.1
A14: 6 | B14: CILEGON | C14: 0 | D14: 0.3 | E14: 0 | F14: - | G14: 0.1 | H14: - | I14: 0 | J14: - | K14: 0 | L14: 0.2 | M14: 0 | N14: 0 | O14: =SUM(C14:N14) -> 0.5
A15: 7 | B15: JOMBANG | C15: 0 | D15: 0 | E15: 0 | F15: - | G15: - | H15: - | I15: - | J15: - | K15: 1 | L15: 0 | M15: 0 | N15: 0 | O15: =SUM(C15:N15) -> 1
A16: 8 | B16: CIBEBER | C16: 0 | D16: 0 | E16: 0 | F16: 0 | G16: 0 | H16: 1 | I16: 0 | J16: 1 | K16: 1 | L16: 2 | M16: 2 | N16: 0 | O16: =SUM(C16:N16) -> 7
A17: JUMLAH | C17: =SUM(C9:C16) -> 3 | D17: =SUM(D9:D16) -> 2.3 | E17: =SUM(E9:E16) -> 0 | F17: =SUM(F9:F16) -> 4 | G17: =SUM(G9:G16) -> 2 | H17: =SUM(H9:H16) -> 1 | I17: =SUM(I9:I16) -> 0 | J17: =SUM(J9:J16) -> 1 | ... O17: =SUM(O9:O16) -> 29.8
A34: DATA LUAS PANEN UBI KAYU PER BULAN
A35: KOTA CILEGON TAHUN 2025
O37: (Ha)
A38: No | B38: Kecamatan | C38: Bulan | O38: Jumlah
C39: Jan | D39: Feb | E39: Maret | F39: Apr | G39: Mei | H39: Juni | I39: Juli | J39: Agst | K39: Sept | L39: Okt | M39: Nov | N39: Des
A40: 1 | B40: 2 | C40: 3 | D40: 4 | E40: 5 | F40: 6 | G40: 7 | H40: 8 | I40: 9 | J40: 10 | K40: 11 | L40: 12 | M40: 13 | N40: 14 | O40: 15
A41: 1 | B41: CIWANDAN | C41: 1 | D41: 0 | E41: 0 | F41: 0 | G41: 0 | H41: - | I41: 0 | J41: 0 | K41: 0 | L41: 0 | M41: 0 | N41: 0 | O41: =SUM(C41:N41) -> 1
A42: 2 | B42: CITANGKIL | C42: 0 | D42: 1 | E42: 0 | F42: 1 | G42: 1 | H42: 0 | I42: - | J42: 0 | K42: 0 | L42: 0 | M42: 0 | N42: 1 | O42: =SUM(C42:N42) -> 4
A43: 3 | B43: PULOMERAK | C43: 0 | D43: 0 | E43: 0 | F43: 0 | G43: 3 | H43: 3 | I43: 0 | J43: 2 | K43: 0 | L43: 0 | M43: 0 | O43: =SUM(C43:N43) -> 8
A44: 4 | B44: PURWAKARTA | C44: 1 | D44: 0 | E44: 0 | F44: 0 | G44: 0 | H44: - | I44: 0 | J44: - | K44: 0 | L44: 0 | M44: 0 | O44: =SUM(C44:N44) -> 1
A45: 5 | B45: GROGOL | C45: 0 | D45: 0 | E45: 0 | F45: 0 | G45: - | H45: 0 | I45: 0 | J45: 4 | K45: 0 | L45: 0 | M45: 0 | N45: 0 | O45: =SUM(C45:N45) -> 4
A46: 6 | B46: CILEGON | C46: 0 | D46: 0 | E46: 0 | F46: 0.2 | G46: - | H46: - | I46: 0 | J46: 0 | K46: 0 | L46: 0.1 | M46: 0 | O46: =SUM(C46:N46) -> 0.3
A47: 7 | B47: JOMBANG | C47: 0 | D47: 0 | E47: 0 | F47: - | G47: - | H47: - | I47: - | J47: - | K47: 0 | L47: 0 | M47: 0 | O47: =SUM(C47:N47) -> 0
A48: 8 | B48: CIBEBER | C48: 85 | D48: 22 | E48: 0 | F48: 12 | G48: 8 | H48: 5 | I48: 0 | J48: 10 | K48: 2 | L48: 1 | M48: 3 | N48: 1 | O48: =SUM(C48:N48) -> 149
A49: JUMLAH | C49: =SUM(C41:C48) -> 87 | D49: =SUM(D41:D48) -> 23 | E49: =SUM(E41:E48) -> 0 | F49: =SUM(F41:F48) -> 13.2 | G49: =SUM(G41:G48) -> 12 | H49: =SUM(H41:H48) -> 8 | I49: =SUM(I41:I48) -> 0 | J49: =SUM(J41:J48) -> 16 | ... O49: =SUM(O41:O48) -> 167.3
A68: DATA PRODUKSI UBI KAYU PER BULAN
A69: KOTA CILEGON TAHUN 2025
O71: (Ton)
A72: No | B72: Kecamatan | C72: Bulan | O72: Jumlah
C73: Jan | D73: Feb | E73: Maret | F73: Apr | G73: Mei | H73: Juni | I73: Juli | J73: Agst | K73: Sept | L73: Okt | M73: Nov | N73: Des
A74: 1 | B74: 2 | C74: 3 | D74: 4 | E74: 5 | F74: 6 | G74: 7 | H74: 8 | I74: 9 | J74: 10 | K74: 11 | L74: 12 | M74: 13 | N74: 14 | O74: 15
A75: 1 | B75: CIWANDAN | C75: 12 | D75: 0 | E75: 0 | F75: 0 | G75: 0 | H75: 0 | I75: 0 | J75: 0 | K75: 0 | L75: 0 | M75: 0 | N75: 0 | O75: =SUM(C75:N75) -> 12
A76: 2 | B76: CITANGKIL | C76: 0 | D76: 12 | E76: 0 | F76: 12 | G76: 12 | H76: 0 | I76: 0 | J76: 0 | K76: 0 | L76: 0 | M76: 0 | N76: 12 | O76: =SUM(C76:N76) -> 48
A77: 3 | B77: PULOMERAK | C77: 0 | D77: 0 | E77: 0 | F77: 0 | G77: 36 | H77: 36 | I77: 0 | J77: 24 | K77: 0 | L77: 0 | M77: 0 | O77: =SUM(C77:N77) -> 96
A78: 4 | B78: PURWAKARTA | C78: 12 | D78: 0 | E78: 0 | F78: 0 | G78: 0 | H78: 0 | I78: 0 | J78: - | K78: 0 | L78: 0 | M78: 0 | O78: =SUM(C78:N78) -> 12
A79: 5 | B79: GROGOL | C79: 0 | D79: 0 | E79: 0 | F79: 0 | G79: 0 | H79: 0 | I79: 0 | J79: 48 | K79: 0 | L79: 0 | M79: 0 | N79: 0 | O79: =SUM(C79:N79) -> 48
A80: 6 | B80: CILEGON | C80: 0 | D80: 0 | E80: 0 | F80: 2.4 | G80: 0 | H80: - | I80: 0 | J80: 0 | K80: 0 | L80: 1.2 | M80: 0 | O80: =SUM(C80:N80) -> 3.6
A81: 7 | B81: JOMBANG | C81: 0 | D81: 0 | E81: 0 | F81: 0 | G81: 0 | H81: - | I81: 0 | J81: - | K81: - | L81: 0 | M81: 0 | O81: =SUM(C81:N81) -> 0
A82: 8 | B82: CIBEBER | C82: 1020 | D82: 264 | E82: 0 | F82: 144 | G82: 96 | H82: 60 | I82: 0 | J82: 120 | K82: 24 | L82: 12 | M82: 36 | N82: 12 | O82: =SUM(C82:N82) -> 1788
A83: JUMLAH | C83: =SUM(C75:C82) -> 1044 | D83: =SUM(D75:D82) -> 276 | E83: =SUM(E75:E82) -> 0 | F83: =SUM(F75:F82) -> 158.4 | G83: =SUM(G75:G82) -> 144 | H83: =SUM(H75:H82) -> 96 | I83: =SUM(I75:I82) -> 0 | J83: =SUM(J75:J82) -> 192 | ... O83: =SUM(O75:O82) -> 2007.6
A101: DATA PRODUKTIVITAS UBI KAYU PER BULAN
A102: KOTA CILEGON TAHUN 2025
O104: (Ku/Ha)
A105: No | B105: Kecamatan | C105: Bulan | O105: Jumlah
C106: Jan | D106: Feb | E106: Maret | F106: Apr | G106: Mei | H106: Juni | I106: Juli | J106: Agst | K106: Sept | L106: Okt | M106: Nov | N106: Des
A107: 1 | B107: 2 | C107: 3 | D107: 4 | E107: 5 | F107: 6 | G107: 7 | H107: 8 | I107: 9 | J107: 10 | K107: 11 | L107: 12 | M107: 13 | N107: 14 | O107: 15
A108: 1 | B108: CIWANDAN | C108: 120 | D108: 0 | E108: 0 | F108: 0 | G108: 0 | H108: 0 | I108: 0 | J108: 0 | K108: 0 | L108: 0 | M108: 0 | N108: 0 | O108: =O75/O41*10 -> 120
A109: 2 | B109: CITANGKIL | C109: 0 | D109: 120 | E109: 0 | F109: 120 | G109: 120 | H109: 0 | I109: 0 | J109: 0 | K109: 0 | L109: 0 | M109: 0 | N109: 120 | O109: =(O76/O42)*10 -> 120
A110: 3 | B110: PULOMERAK | C110: 0 | D110: 0 | E110: 0 | F110: 0 | G110: 120 | H110: 120 | I110: 0 | J110: 120 | K110: 0 | L110: 0 | M110: 0 | O110: =O77/O43*10 -> 120
A111: 4 | B111: PURWAKARTA | C111: 120 | D111: 0 | E111: 0 | F111: 0 | G111: 0 | H111: - | I111: 0 | J111: 0 | K111: 0 | L111: 0 | M111: 0 | O111: =O78/O44*10 -> 120
A112: 5 | B112: GROGOL | C112: 0 | D112: 0 | E112: 0 | F112: 0 | G112: - | H112: 0 | I112: 0 | J112: 120 | K112: 0 | L112: 0 | M112: 0 | N112: 0 | O112: =(O79/O45)*10 -> 120
A113: 6 | B113: CILEGON | C113: 0 | D113: 0 | E113: 0 | F113: 120 | G113: - | H113: - | I113: 0 | J113: 0 | K113: 0 | L113: 120 | M113: 0 | O113: =(O80/O46)*10 -> 120
A114: 7 | B114: JOMBANG | C114: 0 | D114: 0 | E114: 0 | F114: 0 | G114: - | H114: - | I114: 0 | J114: 0 | K114: 0 | L114: 0 | M114: 0 | O114: =(O81/O47)*10 -> #DIV/0!
A115: 8 | B115: CIBEBER | C115: 120 | D115: 120 | E115: 0 | F115: 120 | G115: 120 | H115: 120 | I115: 0 | J115: 120 | K115: 120 | L115: 120 | M115: 120 | N115: 120 | O115: =(O82/O48)*10 -> 120
A116: JUMLAH | C116: 120.01 | D116: =D83/D49*10 -> 120 | E116: =E83/E49*10 -> #DIV/0! | F116: =F83/F49*10 -> 120 | G116: =G83/G49*10 -> 120 | H116: =H83/H49*10 -> 120 | I116: =I83/I49*10 -> #DIV/0! | J116: =J83/J49*10 -> 120 | K116: =K83/K49*10 -> 120 | ... O116: =O83/O49*10 -> 120

Sheet ubi jalar
A2: DATA LUAS TANAM UBI JALAR PER BULAN
A3: KOTA CILEGON TAHUN 2025
O5: (Ha)
A6: No | B6: Kecamatan | C6: Bulan | O6: Jumlah
C7: Jan | D7: Feb | E7: Maret | F7: Apr | G7: Mei | H7: Juni | I7: Juli | J7: Agst | K7: Sept | L7: Okt | M7: Nov | N7: Des
A8: 1 | B8: 2 | C8: 3 | D8: 4 | E8: 5 | F8: 6 | G8: 7 | H8: 8 | I8: 9 | J8: 10 | K8: 11 | L8: 12 | M8: 13 | N8: 14 | O8: 15
A9: 1 | B9: CIWANDAN | C9: 0 | D9: 0 | E9: 0 | F9: 0 | G9: 0 | H9: 0 | I9: 0 | J9: - | K9: 0 | L9: 0 | M9: 0 | O9: =SUM(C9:N9) -> 0
A10: 2 | B10: CITANGKIL | C10: 0 | D10: 0.1 | E10: 0 | F10: 0 | G10: 0.15 | H10: - | I10: 0 | J10: 0.2 | K10: 0 | L10: 0 | M10: 0 | N10: 0.1 | O10: =SUM(C10:N10) -> 0.4
A11: 3 | B11: PULOMERAK | C11: 0 | D11: 0 | E11: 0 | F11: 0 | G11: 0 | H11: - | I11: 0 | J11: 0 | K11: 0 | L11: 0 | M11: 0 | N11: 0 | O11: =SUM(C11:N11) -> 0
A12: 4 | B12: PURWAKARTA | C12: 0 | D12: 0.5 | E12: 0 | F12: 0 | G12: - | H12: 0 | I12: - | J12: 0 | K12: 0 | L12: 0 | M12: 0 | N12: 0.5 | O12: =SUM(C12:N12) -> 1
A13: 5 | B13: GROGOL | C13: 0 | D13: 0 | E13: 0 | F13: 0 | G13: - | H13: 1 | I13: - | J13: - | K13: 0 | L13: 0 | M13: 0 | N13: 2 | O13: =SUM(C13:N13) -> 3
A14: 6 | B14: CILEGON | C14: 0 | D14: 0.1 | E14: 0 | F14: 0.2 | G14: 0.3 | H14: 0.1 | I14: 0 | J14: - | K14: 0 | L14: 0.3 | M14: 0 | N14: 0.2 | O14: =SUM(C14:N14) -> 1.2
A15: 7 | B15: JOMBANG | C15: 0 | D15: 0 | E15: 0 | F15: 0 | G15: - | H15: - | I15: - | J15: - | K15: 1 | L15: 0 | M15: 1 | N15: 1 | O15: =SUM(C15:N15) -> 3
A16: 8 | B16: CIBEBER | C16: 0 | D16: 0 | E16: 0 | F16: 1 | G16: 0 | H16: 0 | I16: 0 | J16: 1 | K16: 0 | L16: 1 | M16: 0 | N16: 0 | O16: =SUM(C16:N16) -> 3
A17: JUMLAH | C17: =SUM(C9:C16) -> 0 | D17: =SUM(D9:D16) -> 0.7 | E17: =SUM(E9:E16) -> 0 | F17: =SUM(F9:F16) -> 1.2 | G17: =SUM(G9:G16) -> 0.3 | H17: =SUM(H9:H16) -> 1.1 | I17: =SUM(I9:I16) -> 0 | J17: =SUM(J9:J16) -> 1.2 | ... O17: =SUM(O9:O16) -> 11.6
A35: DATA LUAS PANEN UBI JALAR PER BULAN
A36: KOTA CILEGON TAHUN 2025
O38: (Ha)
A39: No | B39: Kecamatan | C39: Bulan | O39: Jumlah
C40: Jan | D40: Feb | E40: Maret | F40: Apr | G40: Mei | H40: Juni | I40: Juli | J40: Agst | K40: Sept | L40: Okt | M40: Nov | N40: Des
A41: 1 | B41: 2 | C41: 3 | D41: 4 | E41: 5 | F41: 6 | G41: 7 | H41: 8 | I41: 9 | J41: 10 | K41: 11 | L41: 12 | M41: 13 | N41: 14 | O41: 15
A42: 1 | B42: CIWANDAN | C42: 0 | D42: 0 | E42: 0 | G42: - | H42: 0 | I42: 0 | J42: 0 | K42: 0 | L42: 0 | M42: 0 | O42: =SUM(C42:N42) -> 0
A43: 2 | B43: CITANGKIL | C43: 0 | D43: 0 | E43: 0 | F43: 0.15 | G43: 0.1 | H43: - | I43: 0 | J43: 0.1 | K43: 0.15 | L43: 0 | M43: 0 | N43: 0.2 | O43: =SUM(C43:N43) -> 0.6
A44: 3 | B44: PULOMERAK | C44: 0 | D44: 0 | E44: 0 | F44: 0 | G44: - | H44: - | I44: 0 | J44: 0 | K44: 0 | L44: 0 | M44: 0 | O44: =SUM(C44:N44) -> 0
A45: 4 | B45: PURWAKARTA | C45: 1 | D45: 0 | E45: 0 | G45: 0 | H45: 0 | I45: - | J45: 0 | K45: 0 | L45: 0 | M45: 0 | O45: =SUM(C45:N45) -> 1
A46: 5 | B46: GROGOL | C46: 0 | D46: 0 | E46: 441 | G46: - | H46: - | I46: 0 | J46: 0 | K46: 0 | L46: 0 | M46: 0 | O46: =SUM(C46:N46) -> 441
A47: 6 | B47: CILEGON | C47: 0 | D47: 0.2 | E47: 0 | F47: 0.3 | G47: 0.1 | H47: 0 | I47: 0 | J47: 0.2 | K47: 0 | L47: 0.2 | M47: 0 | N47: 0.2 | O47: =SUM(C47:N47) -> 1.2
A48: 7 | B48: JOMBANG | C48: 0 | D48: 0 | E48: 0 | G48: - | H48: - | I48: - | J48: - | K48: 0 | L48: 0 | M48: 0 | O48: =SUM(C48:N48) -> 0
A49: 8 | B49: CIBEBER | C49: 0 | D49: 0 | E49: 0 | F49: 0 | G49: 0 | H49: 0 | I49: 0 | J49: 1 | K49: 0 | L49: 0 | M49: 1 | O49: =SUM(C49:N49) -> 2
A50: JUMLAH | C50: =SUM(C42:C49) -> 1 | D50: =SUM(D42:D49) -> 0.2 | E50: =SUM(E42:E49) -> 441 | F50: =SUM(F42:F49) -> 0.45 | G50: =SUM(G42:G49) -> 0.1 | H50: =SUM(H42:H49) -> 0 | I50: =SUM(I42:I49) -> 0 | J50: =SUM(J42:J49) -> 1.3 | ... O50: =SUM(O42:O49) -> 445.8
A68: DATA PRODUKSI UBI JALAR PER BULAN
A69: KOTA CILEGON TAHUN 2025
O71: (Ton)
A72: No | B72: Kecamatan | C72: Bulan | O72: Jumlah
C73: Jan | D73: Feb | E73: Maret | F73: Apr | G73: Mei | H73: Juni | I73: Juli | J73: Agst | K73: Sept | L73: Okt | M73: Nov | N73: Des
A74: 1 | B74: 2 | C74: 3 | D74: 4 | E74: 5 | F74: 6 | G74: 7 | H74: 8 | I74: 9 | J74: 10 | K74: 11 | L74: 12 | M74: 13 | N74: 14 | O74: 15
A75: 1 | B75: CIWANDAN | C75: 0 | D75: 0 | E75: 0 | F75: 0 | G75: - | H75: 0 | I75: 0 | J75: 0 | K75: 0 | L75: 0 | M75: 0 | O75: =SUM(C75:N75) -> 0
A76: 2 | B76: CITANGKIL | C76: 0 | D76: 0 | E76: 0 | F76: 1.5 | G76: 1.05 | H76: - | I76: 0 | J76: 1.5 | K76: 2.1 | L76: 0 | M76: 0 | N76: 2.1 | O76: =SUM(C76:N76) -> 8.25
A77: 3 | B77: PULOMERAK | C77: 0 | D77: 0 | E77: 0 | F77: 0 | G77: - | H77: - | I77: 0 | J77: 0 | K77: 0 | L77: 0 | M77: 0 | O77: =SUM(C77:N77) -> 0
A78: 4 | B78: PURWAKARTA | C78: 10.5 | D78: 0 | E78: 0 | F78: - | G78: 0 | H78: - | I78: - | J78: 0 | K78: 0 | L78: 0 | M78: 2 | O78: =SUM(C78:N78) -> 12.5
A79: 5 | B79: GROGOL | C79: 0 | D79: 0 | E79: 4360.5 | F79: - | G79: - | H79: - | I79: 0 | J79: 0 | K79: 0 | L79: 0 | M79: 0 | O79: =SUM(C79:N79) -> 4360.5
A80: 6 | B80: CILEGON | C80: 0 | D80: 2.1 | E80: 0 | F80: 3.1 | G80: 1.05 | H80: 0 | I80: 0 | J80: 2.1 | K80: 0 | L80: 2.1 | M80: 0 | N80: 2.4 | O80: =SUM(C80:N80) -> 12.85
A81: 7 | B81: JOMBANG | C81: 0 | D81: 0 | E81: 0 | F81: - | G81: - | H81: - | I81: - | J81: - | K81: 0 | L81: 0 | M81: 0 | O81: =SUM(C81:N81) -> 0
A82: 8 | B82: CIBEBER | C82: 0 | D82: 0 | E82: 0 | F82: 0 | G82: 0 | H82: 0 | I82: 0 | J82: 10.5 | K82: 0 | L82: 0 | M82: 10.5 | O82: =SUM(C82:N82) -> 21
A83: JUMLAH | C83: =SUM(C75:C82) -> 10.5 | D83: =SUM(D75:D82) -> 2.1 | E83: =SUM(E75:E82) -> 4360.5 | F83: =SUM(F75:F82) -> 4.6 | G83: =SUM(G75:G82) -> 2.1 | H83: =SUM(H75:H82) -> 0 | I83: =SUM(I75:I82) -> 0 | J83: =SUM(J75:J82) -> 14.1 | ... O83: =SUM(O75:O82) -> 4415.1
E90: q
A101: DATA PRODUKTIVITAS UBI JALAR PER BULAN
A102: KOTA CILEGON TAHUN 2025
O104: (Ku/Ha)
A105: No | B105: Kecamatan | C105: Bulan | O105: Jumlah
C106: Jan | D106: Feb | E106: Maret | F106: Apr | G106: Mei | H106: Juni | I106: Juli | J106: Agst | K106: Sept | L106: Okt | M106: Nov | N106: Des
A107: 1 | B107: 2 | C107: 3 | D107: 4 | E107: 5 | F107: 6 | G107: 7 | H107: 8 | I107: 9 | J107: 10 | K107: 11 | L107: 12 | M107: 13 | N107: 14 | O107: 15
A108: 1 | B108: CIWANDAN | C108: 0 | D108: 0 | E108: 0 | F108: 0 | G108: - | H108: 0 | I108: 0 | J108: 0 | K108: 0 | L108: 0 | M108: 0 | O108: =O75/O42*10 -> #DIV/0!
A109: 2 | B109: CITANGKIL | C109: 0 | D109: 0 | E109: 0 | F109: 105 | G109: 105 | H109: - | I109: 0 | J109: 105 | K109: 105 | L109: 0 | M109: 0 | N109: 105 | O109: =O76/O43*10 -> 137.5
A110: 3 | B110: PULOMERAK | C110: 0 | D110: 0 | E110: 0 | F110: 0 | G110: - | H110: - | I110: 0 | J110: 0 | K110: 0 | L110: 0 | M110: 0 | O110: =O77/O44*10 -> #DIV/0!
A111: 4 | B111: PURWAKARTA | C111: 105 | D111: 0 | E111: 0 | F111: - | G111: 0 | H111: - | I111: - | J111: 0 | K111: 0 | L111: 0 | M111: 0 | O111: =O78/O45*10 -> 125
A112: 5 | B112: GROGOL | C112: 0 | D112: 0 | E112: 105 | F112: =-F109:F112 -> 0 | G112: - | H112: - | I112: 0 | J112: 0 | K112: 0 | L112: 0 | M112: 0 | O112: 0
A113: 6 | B113: CILEGON | C113: 0 | D113: 105 | E113: 0 | F113: 105 | G113: 105 | H113: 0 | I113: 0 | J113: 105 | K113: 0 | L113: 105 | M113: 0 | N113: 105 | O113: =O80/O47*10 -> 107.08333
A114: 7 | B114: JOMBANG | C114: 0 | D114: 0 | E114: 0 | F114: - | G114: - | H114: - | I114: - | J114: - | K114: 0 | L114: 0 | M114: 0 | O114: 0
A115: 8 | B115: CIBEBER | C115: 0 | D115: 0 | E115: 0 | F115: 0 | G115: 0 | H115: 0 | I115: 0 | J115: 105 | K115: 0 | L115: 0 | M115: 105 | O115: 105
A116: JUMLAH | C116: =SUM(C108:C115) -> 105 | D116: =D83/D50*10 -> 105 | E116: =E83/E50*10 -> 98.877551 | F116: =F83/F50*10 -> 102.22222 | G116: =G83/G50*10 -> 210 | H116: =H83/H50*10 -> #DIV/0! | I116: =I83/I50*10 -> #DIV/0! | J116: =J83/J50*10 -> 108.46154 | K116: =SUM(K108:K115) -> 105 | L116: =SUM(L108:L115) -> 105 | M116: =SUM(M108:M115) -> 105 | N116: - | O116: =O83/O50*10 -> 99.037685

Sheet kc ijo
A2: DATA LUAS TANAM KACANG HIJAU PER BULAN
A3: KOTA CILEGON TAHUN 2025
O5: (Ha)
A6: No | B6: Kecamatan | C6: Bulan | O6: Jumlah
C7: Jan | D7: Feb | E7: Maret | F7: Apr | G7: Mei | H7: Juni | I7: Juli | J7: Agst | K7: Sept | L7: Okt | M7: Nov | N7: Des
A8: 1 | B8: 2 | C8: 3 | D8: 4 | E8: 5 | F8: 6 | G8: 7 | H8: 8 | I8: 9 | J8: 10 | K8: 11 | L8: 12 | M8: 13 | N8: 14 | O8: 15
A9: 1 | B9: CIWANDAN | C9: 0 | D9: 0 | E9: 0 | F9: - | G9: - | H9: - | I9: - | J9: - | K9: 0 | L9: 0 | M9: 0 | O9: =SUM(C9:N9) -> 0
A10: 2 | B10: CITANGKIL | C10: 0 | D10: 0 | E10: 0 | F10: - | G10: - | H10: - | I10: - | J10: - | K10: 0 | L10: 0 | M10: 0 | O10: =SUM(C10:N10) -> 0
A11: 3 | B11: PULOMERAK | C11: 0 | D11: 0 | E11: 0 | F11: - | G11: - | H11: - | I11: - | J11: - | K11: 0 | L11: 0 | M11: 0 | O11: =SUM(C11:N11) -> 0
A12: 4 | B12: PURWAKARTA | C12: 0 | D12: 0 | E12: 0 | F12: 0 | G12: - | H12: 0 | I12: - | J12: 0 | K12: 0 | L12: 0 | M12: 0 | O12: =SUM(C12:N12) -> 0
A13: 5 | B13: GROGOL | C13: 0 | D13: 0 | E13: 0 | F13: 0 | G13: 0 | H13: - | I13: - | J13: - | K13: 0 | L13: 0 | M13: 0 | O13: =SUM(C13:N13) -> 0
A14: 6 | B14: CILEGON | C14: 0 | D14: 0 | E14: 0 | F14: - | G14: - | H14: - | I14: - | J14: - | K14: 0 | L14: 0 | M14: 0 | O14: =SUM(C14:N14) -> 0
A15: 7 | B15: JOMBANG | C15: 0 | D15: 0 | E15: 0 | F15: - | G15: - | H15: - | I15: - | J15: - | K15: 0 | L15: 0 | M15: 0 | O15: =SUM(C15:N15) -> 0
A16: 8 | B16: CIBEBER | C16: 0 | D16: 0 | E16: 0 | F16: 1 | G16: 0 | H16: 0 | I16: - | J16: 1 | K16: 0 | L16: 1 | M16: 0 | O16: =SUM(C16:N16) -> 3
A17: JUMLAH | C17: =SUM(C9:C16) -> 0 | D17: =SUM(D9:D16) -> 0 | E17: =SUM(E9:E16) -> 0 | F17: =SUM(F9:F16) -> 1 | G17: =SUM(G9:G16) -> 0 | H17: =SUM(H9:H16) -> 0 | I17: =SUM(I9:I16) -> 0 | J17: =SUM(J9:J16) -> 1 | ... O17: =SUM(O9:O16) -> 3
A35: DATA LUAS PANEN KACANG HIJAU PER BULAN
A36: KOTA CILEGON TAHUN 2025
O38: (Ha)
A39: No | B39: Kecamatan | C39: Bulan | O39: Jumlah
C40: Jan | D40: Feb | E40: Maret | F40: Apr | G40: Mei | H40: Juni | I40: Juli | J40: Agst | K40: Sept | L40: Okt | M40: Nov | N40: Des
A41: 1 | B41: 2 | C41: 3 | D41: 4 | E41: 5 | F41: 6 | G41: 7 | H41: 8 | I41: 9 | J41: 10 | K41: 11 | L41: 12 | M41: 13 | N41: 14 | O41: 15
A42: 1 | B42: CIWANDAN | C42: 0 | D42: 0 | E42: 0 | F42: 0 | G42: - | H42: - | I42: 0 | J42: - | K42: 0 | L42: 0 | M42: 0 | O42: =SUM(C42:N42) -> 0
A43: 2 | B43: CITANGKIL | C43: 0 | D43: 0 | E43: 0 | F43: - | G43: - | H43: - | I43: - | J43: - | K43: 0 | L43: 0 | M43: 0 | O43: =SUM(C43:N43) -> 0
A44: 3 | B44: PULOMERAK | C44: 0 | D44: 0 | E44: 0 | F44: - | G44: - | H44: - | I44: - | J44: - | K44: 0 | L44: 0 | M44: 0 | O44: =SUM(C44:N44) -> 0
A45: 4 | B45: PURWAKARTA | C45: 0 | D45: 0 | E45: 0 | F45: 0 | G45: 0 | H45: 0 | I45: 0 | J45: 0 | K45: 0 | L45: 0 | M45: 0 | O45: =SUM(C45:N45) -> 0
A46: 5 | B46: GROGOL | C46: 0 | D46: 0 | E46: 0 | F46: - | G46: - | H46: - | I46: 0 | J46: - | K46: 0 | L46: 0 | M46: 0 | O46: =SUM(C46:N46) -> 0
A47: 6 | B47: CILEGON | C47: 0 | D47: 0 | E47: 0 | F47: - | G47: - | H47: - | I47: - | J47: - | K47: 0 | L47: 0 | M47: 0 | N47: 0 | O47: =SUM(C47:N47) -> 0
A48: 7 | B48: JOMBANG | C48: 0 | D48: 0 | E48: 0 | F48: - | G48: - | H48: - | I48: - | J48: - | K48: 0 | L48: 0 | M48: 0 | O48: =SUM(C48:N48) -> 0
A49: 8 | B49: CIBEBER | C49: 0 | D49: 0 | E49: 0 | F49: 0 | G49: 0 | H49: 0 | I49: - | J49: 1 | K49: 0 | L49: 0 | M49: 1 | O49: =SUM(C49:N49) -> 2
A50: JUMLAH | C50: =SUM(C42:C49) -> 0 | D50: =SUM(D42:D49) -> 0 | E50: =SUM(E42:E49) -> 0 | F50: =SUM(F42:F49) -> 0 | G50: =SUM(G42:G49) -> 0 | H50: =SUM(H42:H49) -> 0 | I50: =SUM(I42:I49) -> 0 | J50: =SUM(J42:J49) -> 1 | ... O50: =SUM(O42:O49) -> 2
A68: DATA PRODUKSI KACANG HIJAU PER BULAN
A69: KOTA CILEGON TAHUN 2025
O71: (Ton)
A72: No | B72: Kecamatan | C72: Bulan | O72: Jumlah
C73: Jan | D73: Feb | E73: Maret | F73: Apr | G73: Mei | H73: Juni | I73: Juli | J73: Agst | K73: Sept | L73: Okt | M73: Nov | N73: Des
A74: 1 | B74: 2 | C74: 3 | D74: 4 | E74: 5 | F74: 6 | G74: 7 | H74: 8 | I74: 9 | J74: 10 | K74: 11 | L74: 12 | M74: 13 | N74: 14 | O74: 15
A75: 1 | B75: CIWANDAN | C75: 0 | D75: 0 | E75: 0 | F75: 0 | G75: - | H75: - | I75: 0 | J75: - | K75: 0 | L75: 0 | M75: 0 | O75: =SUM(C75:N75) -> 0
A76: 2 | B76: CITANGKIL | C76: 0 | D76: 0 | E76: 0 | F76: - | G76: - | H76: - | I76: - | J76: - | K76: 0 | L76: 0 | M76: 0 | O76: =SUM(C76:N76) -> 0
A77: 3 | B77: PULOMERAK | C77: 0 | D77: 0 | E77: 0 | F77: - | G77: - | H77: - | I77: - | J77: - | K77: 0 | L77: 0 | M77: 0 | O77: =SUM(C77:N77) -> 0
A78: 4 | B78: PURWAKARTA | C78: 0 | D78: 0 | E78: 0 | F78: 0 | G78: 0 | H78: 0 | I78: 0 | J78: 0 | K78: 0 | L78: 0 | M78: 0 | O78: =SUM(C78:N78) -> 0
A79: 5 | B79: GROGOL | C79: 0 | D79: 0 | E79: 0 | F79: - | G79: - | H79: - | I79: 0 | J79: - | K79: 0 | L79: 0 | M79: 0 | O79: =SUM(C79:N79) -> 0
A80: 6 | B80: CILEGON | C80: 0 | D80: 0 | E80: 0 | F80: - | G80: - | H80: - | I80: - | J80: - | K80: 0 | L80: 0 | M80: 0 | N80: 0 | O80: =SUM(C80:N80) -> 0
A81: 7 | B81: JOMBANG | C81: 0 | D81: 0 | E81: 0 | F81: - | G81: - | H81: - | I81: - | J81: - | K81: 0 | L81: 0 | M81: 0 | O81: =SUM(C81:N81) -> 0
A82: 8 | B82: CIBEBER | C82: 0 | D82: 0 | E82: 0 | F82: 0 | G82: 0 | H82: 0 | I82: - | J82: 1.2 | K82: 0 | L82: 0 | M82: 1.2 | N82: 0 | O82: =SUM(C82:N82) -> 2.4
A83: JUMLAH | C83: =SUM(C75:C82) -> 0 | D83: =SUM(D75:D82) -> 0 | E83: =SUM(E75:E82) -> 0 | F83: =SUM(F75:F82) -> 0 | G83: =SUM(G75:G82) -> 0 | H83: =SUM(H75:H82) -> 0 | I83: =SUM(I75:I82) -> 0 | J83: =SUM(J75:J82) -> 1.2 | ... O83: =SUM(O75:O82) -> 2.4
A101: DATA PRODUKTIVITAS KACANG HIJAU PER BULAN
A102: KOTA CILEGON TAHUN 2025
O104: (Ku/Ha)
A105: No | B105: Kecamatan | C105: Bulan | O105: Jumlah
C106: Jan | D106: Feb | E106: Maret | F106: Apr | G106: Mei | H106: Juni | I106: Juli | J106: Agst | K106: Sept | L106: Okt | M106: Nov | N106: Des
A107: 1 | B107: 2 | C107: 3 | D107: 4 | E107: 5 | F107: 6 | G107: 7 | H107: 8 | I107: 9 | J107: 10 | K107: 11 | L107: 12 | M107: 13 | N107: 14 | O107: 15
A108: 1 | B108: CIWANDAN | C108: 0 | D108: 0 | E108: 0 | F108: 0 | G108: - | H108: - | I108: 0 | J108: - | K108: 0 | L108: 0 | M108: 0 | O108: =O75/O42*10 -> #DIV/0!
A109: 2 | B109: CITANGKIL | C109: 0 | D109: 0 | E109: 0 | F109: - | G109: - | H109: - | I109: 0 | J109: - | K109: 0 | L109: 0 | M109: 0 | O109: =O76/O43*10 -> #DIV/0!
A110: 3 | B110: PULOMERAK | C110: 0 | D110: 0 | E110: 0 | F110: - | G110: - | H110: - | I110: - | J110: - | K110: 0 | L110: 0 | M110: 0 | O110: =O77/O44*10 -> #DIV/0!
A111: 4 | B111: PURWAKARTA | C111: 0 | D111: 0 | E111: 0 | F111: 0 | G111: 0 | H111: 0 | I111: 0 | J111: 0 | K111: 0 | L111: 0 | M111: 0 | N111: 0 | O111: =O78/O45*10 -> #DIV/0!
A112: 5 | B112: GROGOL | C112: 0 | D112: 0 | E112: 0 | F112: - | G112: - | H112: - | I112: 0 | J112: 0 | K112: 0 | L112: 0 | M112: 0 | O112: =O79/O46*10 -> #DIV/0!
A113: 6 | B113: CILEGON | C113: 0 | D113: 0 | E113: 0 | F113: - | G113: - | H113: - | I113: - | J113: 0 | K113: 0 | L113: 0 | M113: 0 | N113: 0 | O113: =O80/O47*10 -> #DIV/0!
A114: 7 | B114: JOMBANG | C114: 0 | D114: 0 | E114: 0 | F114: - | G114: - | H114: - | I114: - | J114: 0 | K114: 0 | L114: 0 | M114: 0 | O114: =O81/O48*10 -> #DIV/0!
A115: 8 | B115: CIBEBER | C115: 0 | D115: 0 | E115: 0 | F115: 0 | G115: 0 | H115: 0 | I115: - | J115: 12 | K115: 0 | L115: 0 | M115: 12 | O115: =O82/O49*10 -> 12
A116: JUMLAH | C116: =SUM(C108:C115) -> 0 | D116: =SUM(D108:D115) -> 0 | E116: =SUM(E108:E115) -> 0 | F116: =SUM(F108:F115) -> 0 | G116: =SUM(G108:G115) -> 0 | H116: =SUM(H108:H115) -> 0 | I116: =SUM(I108:I115) -> 0 | J116: =SUM(J108:J115) -> 12 | ... N116: =SUM(N108:N115) -> 0 | O116: =O108:O116 -> 0

Sheet talas
A2: DATA LUAS TANAM TALAS PER BULAN
A3: KOTA CILEGON TAHUN 2025
O5: (Ha)
A6: No | B6: Kecamatan | C6: Bulan | O6: Jumlah
C7: Jan | D7: Feb | E7: Maret | F7: Apr | G7: Mei | H7: Juni | I7: Juli | J7: Agst | K7: Sept | L7: Okt | M7: Nov | N7: Des
A8: 1 | B8: 2 | C8: 3 | D8: 4 | E8: 5 | F8: 6 | G8: 7 | H8: 8 | I8: 9 | J8: 10 | K8: 11 | L8: 12 | M8: 13 | N8: 14 | O8: 15 | Q8: ok-nop
A9: 1 | B9: CIWANDAN | C9: 0 | D9: 0 | E9: 0 | F9: - | G9: - | H9: - | I9: - | J9: - | K9: 0 | L9: 0 | M9: 0 | O9: =SUM(C9:N9) -> 0 | Q9: =SUM(L9:M9) -> 0
A10: 2 | B10: CITANGKIL | C10: 0 | D10: 0 | E10: 0 | F10: - | G10: - | H10: - | I10: - | J10: - | K10: 0 | L10: 0 | M10: 0 | O10: =SUM(C10:N10) -> 0 | Q10: =SUM(L10:M10) -> 0
A11: 3 | B11: PULOMERAK | C11: 0 | D11: 0 | E11: 0 | F11: - | G11: - | H11: - | I11: - | J11: - | K11: 0 | L11: 0 | M11: 0 | O11: =SUM(C11:N11) -> 0 | Q11: =SUM(L11:M11) -> 0
A12: 4 | B12: PURWAKARTA | C12: 0 | D12: 0 | E12: 0 | F12: - | G12: - | H12: - | I12: - | J12: - | K12: 0 | L12: 0 | M12: 0 | O12: =SUM(C12:N12) -> 0 | Q12: =SUM(L12:M12) -> 0
A13: 5 | B13: GROGOL | C13: 0 | D13: 0 | E13: 0 | F13: - | G13: - | H13: - | I13: - | J13: - | K13: 0 | L13: 0 | M13: 0 | O13: =SUM(C13:N13) -> 0 | Q13: =SUM(L13:M13) -> 0
A14: 6 | B14: CILEGON | C14: 0 | D14: 0 | E14: 0 | F14: - | G14: - | H14: - | I14: - | J14: - | K14: 0 | L14: 0 | M14: 0 | O14: =SUM(C14:N14) -> 0 | Q14: =SUM(L14:M14) -> 0
A15: 7 | B15: JOMBANG | C15: 0 | D15: 0 | E15: 0 | F15: - | G15: - | H15: - | I15: - | J15: - | K15: 0 | L15: 0 | M15: 0 | O15: =SUM(C15:N15) -> 0 | Q15: =SUM(L15:M15) -> 0
A16: 8 | B16: CIBEBER | C16: 0 | D16: 0 | E16: 0 | F16: - | G16: - | H16: - | I16: - | J16: - | K16: 0 | L16: 0 | M16: 0 | O16: =SUM(C16:N16) -> 0 | Q16: =SUM(L16:M16) -> 0
A17: JUMLAH | C17: =SUM(C9:C16) -> 0 | D17: =SUM(D9:D16) -> 0 | E17: =SUM(E9:E16) -> 0 | F17: - | G17: =SUM(G9:G16) -> 0 | H17: =SUM(H9:H16) -> 0 | I17: =SUM(I9:I16) -> 0 | J17: =SUM(J9:J16) -> 0 | K17: =SUM(K9:K16) -> 0 | L17: =SUM(L9:L16) -> 0 | M17: =SUM(M9:M16) -> 0 | N17: =SUM(N9:N16) -> 0 | O17: =SUM(O9:O16) -> 0
A35: DATA LUAS PANEN TALAS PER BULAN
A36: KOTA CILEGON TAHUN 2025
O38: (Ha)
A39: No | B39: Kecamatan | C39: Bulan | O39: Jumlah
C40: Jan | D40: Feb | E40: Maret | F40: Apr | G40: Mei | H40: Juni | I40: Juli | J40: Agst | K40: Sept | L40: Okt | M40: Nov | N40: Des
A41: 1 | B41: 2 | C41: 3 | D41: 4 | E41: 5 | F41: 6 | G41: 7 | H41: 8 | I41: 9 | J41: 10 | K41: 11 | L41: 12 | M41: 13 | N41: 14 | O41: 15
A42: 1 | B42: CIWANDAN | C42: 0 | D42: 0 | E42: 0 | F42: - | G42: - | H42: - | I42: - | J42: - | K42: 0 | L42: 0 | M42: 0 | O42: =SUM(C42:N42) -> 0 | Q42: =SUM(C42:E42) -> 0
A43: 2 | B43: CITANGKIL | C43: 0 | D43: 0 | E43: 0 | F43: - | G43: - | H43: - | I43: - | J43: - | K43: 0 | L43: 0 | M43: 0 | O43: =SUM(C43:N43) -> 0 | Q43: =SUM(C43:E43) -> 0
A44: 3 | B44: PULOMERAK | C44: 0 | D44: 0 | E44: 0 | F44: - | G44: - | H44: - | I44: - | J44: - | K44: 0 | L44: 0 | M44: 0 | O44: =SUM(C44:N44) -> 0 | Q44: =SUM(C44:E44) -> 0
A45: 4 | B45: PURWAKARTA | C45: 0 | D45: 0 | E45: 0 | F45: - | G45: - | H45: - | I45: - | J45: - | K45: 0 | L45: 0 | M45: 0 | O45: =SUM(C45:N45) -> 0 | Q45: =SUM(C45:E45) -> 0
A46: 5 | B46: GROGOL | C46: 0 | D46: 0 | E46: 0 | F46: - | G46: - | H46: - | I46: - | J46: - | K46: 0 | L46: 0 | M46: 0 | O46: =SUM(C46:N46) -> 0 | Q46: =SUM(C46:E46) -> 0
A47: 6 | B47: CILEGON | C47: 0 | D47: 0 | E47: 0 | F47: - | G47: - | H47: - | I47: - | J47: - | K47: 0 | L47: 0 | M47: 0 | O47: =SUM(C47:N47) -> 0 | Q47: =SUM(C47:E47) -> 0
A48: 7 | B48: JOMBANG | C48: 0 | D48: 0 | E48: 0 | F48: - | G48: - | H48: - | I48: - | J48: - | K48: 0 | L48: 0 | M48: 0 | O48: =SUM(C48:N48) -> 0 | Q48: =SUM(C48:E48) -> 0
A49: 8 | B49: CIBEBER | C49: 0 | D49: 0 | E49: 0 | F49: - | G49: - | H49: - | I49: - | J49: - | K49: 0 | L49: 0 | M49: 0 | O49: =SUM(C49:N49) -> 0 | P49: 15 | Q49: =SUM(C49:E49) -> 0
A50: JUMLAH | C50: =SUM(C42:C49) -> 0 | D50: =SUM(D42:D49) -> 0 | E50: =SUM(E42:E49) -> 0 | F50: =SUM(F42:F49) -> 0 | G50: =SUM(G42:G49) -> 0 | H50: =SUM(H42:H49) -> 0 | I50: =SUM(I42:I49) -> 0 | J50: =SUM(J42:J49) -> 0 | ... P50: =SUM(P42:P49) -> 15
A68: DATA PRODUKSI TALAS PER BULAN
A69: KOTA CILEGON TAHUN 2025
O71: (Ton)
A72: No | B72: Kecamatan | C72: Bulan | O72: Jumlah
C73: Jan | D73: Feb | E73: Maret | F73: Apr | G73: Mei | H73: Juni | I73: Juli | J73: Agst | K73: Sept | L73: Okt | M73: Nov | N73: Des
A74: 1 | B74: 2 | C74: 3 | D74: 4 | E74: 5 | F74: 6 | G74: 7 | H74: 8 | I74: 9 | J74: 10 | K74: 11 | L74: 12 | M74: 13 | N74: 14 | O74: 15
A75: 1 | B75: CIWANDAN | C75: 0 | D75: 0 | E75: 0 | F75: - | G75: - | H75: - | I75: - | J75: - | K75: 0 | L75: 0 | M75: 0 | O75: =SUM(C75:N75) -> 0 | Q75: =SUM(C75:E75) -> 0
A76: 2 | B76: CITANGKIL | C76: 0 | D76: 0 | E76: 0 | F76: - | G76: - | H76: - | I76: - | J76: - | K76: 0 | L76: 0 | M76: 0 | O76: =SUM(C76:N76) -> 0 | Q76: =SUM(C76:E76) -> 0
A77: 3 | B77: PULOMERAK | C77: 0 | D77: 0 | E77: 0 | F77: - | G77: - | H77: - | I77: - | J77: - | K77: 0 | L77: 0 | M77: 0 | O77: =SUM(C77:N77) -> 0 | Q77: =SUM(C77:E77) -> 0
A78: 4 | B78: PURWAKARTA | C78: 0 | D78: 0 | E78: 0 | F78: - | G78: - | H78: - | I78: - | J78: - | K78: 0 | L78: 0 | M78: 0 | O78: =SUM(C78:N78) -> 0 | Q78: =SUM(C78:E78) -> 0
A79: 5 | B79: GROGOL | C79: 0 | D79: 0 | E79: 0 | F79: - | G79: - | H79: - | I79: - | J79: - | K79: 0 | L79: 0 | M79: 0 | O79: =SUM(C79:N79) -> 0 | Q79: =SUM(C79:E79) -> 0
A80: 6 | B80: CILEGON | C80: 0 | D80: 0 | E80: 0 | F80: - | G80: - | H80: - | I80: - | J80: - | K80: 0 | L80: 0 | M80: 0 | O80: =SUM(C80:N80) -> 0 | Q80: =SUM(C80:E80) -> 0
A81: 7 | B81: JOMBANG | C81: 0 | D81: 0 | E81: 0 | F81: - | G81: - | H81: - | I81: - | J81: - | K81: 0 | L81: 0 | M81: 0 | O81: =SUM(C81:N81) -> 0 | Q81: =SUM(C81:E81) -> 0
A82: 8 | B82: CIBEBER | C82: 0 | D82: 0 | E82: 0 | F82: - | G82: - | H82: - | I82: - | J82: - | K82: 0 | L82: 0 | M82: 0 | O82: =SUM(C82:N82) -> 0 | Q82: =SUM(C82:E82) -> 0
A83: JUMLAH | C83: =SUM(C75:C82) -> 0 | D83: =SUM(D75:D82) -> 0 | E83: =SUM(E75:E82) -> 0 | F83: =SUM(F75:F82) -> 0 | G83: =SUM(G75:G82) -> 0 | H83: =SUM(H75:H82) -> 0 | I83: =SUM(I75:I82) -> 0 | J83: =SUM(J75:J82) -> 0 | ... O83: =SUM(O75:O82) -> 0
A101: DATA PRODUKTIVITAS TALAS PER BULAN
A102: KOTA CILEGON TAHUN 2025
O104: (Ku/Ha)
A105: No | B105: Kecamatan | C105: Bulan | O105: Jumlah
C106: Jan | D106: Feb | E106: Maret | F106: Apr | G106: Mei | H106: Juni | I106: Juli | J106: Agst | K106: Sept | L106: Okt | M106: Nov | N106: Des
A107: 1 | B107: 2 | C107: 3 | D107: 4 | E107: 5 | F107: 6 | G107: 7 | H107: 8 | I107: 9 | J107: 10 | K107: 11 | L107: 12 | M107: 13 | N107: 14 | O107: 15
A108: 1 | B108: CIWANDAN | C108: 0 | D108: 0 | E108: 0 | F108: - | G108: - | H108: - | I108: - | J108: - | K108: 0 | L108: 0 | M108: 0 | O108: 0
A109: 2 | B109: CITANGKIL | C109: 0 | D109: 0 | E109: 0 | F109: - | G109: - | H109: - | I109: - | J109: - | K109: 0 | L109: 0 | M109: 0 | O109: =SUM(C109:N109) -> 0
A110: 3 | B110: PULOMERAK | C110: 0 | D110: 0 | E110: 0 | F110: - | G110: - | H110: - | I110: - | J110: - | K110: 0 | L110: 0 | M110: 0 | O110: =SUM(C110:N110) -> 0
A111: 4 | B111: PURWAKARTA | C111: 0 | D111: 0 | E111: 0 | F111: - | G111: - | H111: - | I111: - | J111: - | K111: 0 | L111: 0 | M111: 0 | O111: =SUM(C111:N111) -> 0
A112: 5 | B112: GROGOL | C112: 0 | D112: 0 | E112: 0 | F112: - | G112: - | H112: - | I112: - | J112: - | K112: 0 | L112: 0 | M112: 0 | O112: =SUM(C112:N112) -> 0
A113: 6 | B113: CILEGON | C113: 0 | D113: 0 | E113: 0 | F113: - | G113: - | H113: - | I113: - | J113: - | K113: 0 | L113: 0 | M113: 0 | O113: =SUM(C113:N113) -> 0
A114: 7 | B114: JOMBANG | C114: 0 | D114: 0 | E114: 0 | F114: - | G114: - | H114: - | I114: - | J114: - | K114: 0 | L114: 0 | M114: 0 | O114: =SUM(C114:N114) -> 0
A115: 8 | B115: CIBEBER | C115: 0 | D115: 0 | E115: 0 | F115: - | G115: - | H115: - | I115: - | J115: - | K115: 0 | L115: 0 | M115: 0 | O115: =SUM(C115:N115) -> 0
A116: JUMLAH | C116: =SUM(C108:C115) -> 0 | D116: =SUM(D108:D115) -> 0 | E116: =SUM(E108:E115) -> 0 | F116: =SUM(F108:F115) -> 0 | G116: =SUM(G108:G115) -> 0 | H116: =SUM(H108:H115) -> 0 | I116: =SUM(I108:I115) -> 0 | J116: =SUM(J108:J115) -> 0 | ... O116: =SUM(O108:O115) -> 0

Sheet sorgum
A2: DATA LUAS TANAM SORGUM PER BULAN
A3: KOTA CILEGON TAHUN 2025
O5: (Ha)
A6: No | B6: Kecamatan | C6: Bulan | O6: Jumlah
C7: Jan | D7: Feb | E7: Maret | F7: Apr | G7: Mei | H7: Juni | I7: Juli | J7: Agst | K7: Sept | L7: Okt | M7: Nov | N7: Des
A8: 1 | B8: 2 | C8: 3 | D8: 4 | E8: 5 | F8: 6 | G8: 7 | H8: 8 | I8: 9 | J8: 10 | K8: 11 | L8: 12 | M8: 13 | N8: 14 | O8: 15 | Q8: ok-nop
A9: 1 | B9: CIWANDAN | C9: 0 | D9: 0 | E9: 0 | F9: 0 | G9: 0 | H9: 0 | I9: 0 | J9: 0 | K9: 0 | L9: 0 | M9: 0 | N9: 0 | O9: =SUM(C9:N9) -> 0 | Q9: =SUM(L9:M9) -> 0
A10: 2 | B10: CITANGKIL | C10: 0 | D10: 0 | E10: 0 | F10: 0 | G10: 0 | H10: 0 | I10: 0 | J10: 0 | K10: 0 | L10: 0 | M10: 0 | N10: 0 | O10: =SUM(C10:N10) -> 0 | Q10: =SUM(L10:M10) -> 0
A11: 3 | B11: PULOMERAK | C11: 0 | D11: 0 | E11: 0 | F11: 0 | G11: 0 | H11: 0 | I11: 0 | J11: 0 | K11: 0 | L11: 0 | M11: 0 | N11: 0 | O11: =SUM(C11:N11) -> 0 | Q11: =SUM(L11:M11) -> 0
A12: 4 | B12: PURWAKARTA | C12: 0 | D12: 0 | E12: 0 | F12: 0 | G12: 0 | H12: 0 | I12: 0 | J12: 0 | K12: 0 | L12: 0 | M12: 0 | N12: 0 | O12: =SUM(C12:N12) -> 0 | Q12: =SUM(L12:M12) -> 0
A13: 5 | B13: GROGOL | C13: 0 | D13: 0 | E13: 0 | F13: 0 | G13: 0 | H13: 0 | I13: 0 | J13: 0 | K13: 0 | L13: 0 | M13: 0 | N13: 0 | O13: =SUM(C13:N13) -> 0 | Q13: =SUM(L13:M13) -> 0
A14: 6 | B14: CILEGON | C14: 0 | D14: 0 | E14: 0 | F14: 0 | G14: 0 | H14: 0 | I14: 0 | J14: 0 | K14: 0 | L14: 0 | M14: 0 | N14: 0 | O14: =SUM(C14:N14) -> 0 | Q14: =SUM(L14:M14) -> 0
A15: 7 | B15: JOMBANG | C15: 0 | D15: 0 | E15: 0 | F15: 0 | G15: 0 | H15: 0 | I15: 0 | J15: 0 | K15: 0 | L15: 0 | M15: 0 | N15: 0 | O15: =SUM(C15:N15) -> 0 | Q15: =SUM(L15:M15) -> 0
A16: 8 | B16: CIBEBER | C16: 0 | D16: 0 | E16: 0 | F16: 0 | G16: 0 | H16: 0 | I16: 0 | J16: 0 | K16: 0 | L16: 0 | M16: 0 | N16: 0 | O16: =SUM(C16:N16) -> 0 | Q16: =SUM(L16:M16) -> 0
A17: JUMLAH | C17: =SUM(C9:C16) -> 0 | D17: =SUM(D9:D16) -> 0 | E17: =SUM(E9:E16) -> 0 | F17: =SUM(F9:F16) -> 0 | G17: =SUM(G9:G16) -> 0 | H17: =SUM(H9:H16) -> 0 | I17: =SUM(I9:I16) -> 0 | J17: =SUM(J9:J16) -> 0 | ... O17: =SUM(O9:O16) -> 0
A35: DATA LUAS PANEN SORGUM PER BULAN
A36: KOTA CILEGON TAHUN 2025
O38: (Ha)
A39: No | B39: Kecamatan | C39: Bulan | O39: Jumlah
C40: Jan | D40: Feb | E40: Maret | F40: Apr | G40: Mei | H40: Juni | I40: Juli | J40: Agst | K40: Sept | L40: Okt | M40: Nov | N40: Des
A41: 1 | B41: 2 | C41: 3 | D41: 4 | E41: 5 | F41: 6 | G41: 7 | H41: 8 | I41: 9 | J41: 10 | K41: 11 | L41: 12 | M41: 13 | N41: 14 | O41: 15
A42: 1 | B42: CIWANDAN | C42: 0 | D42: 0 | E42: 0 | F42: 0 | G42: 0 | H42: 0 | I42: 0 | J42: 0 | K42: 0 | L42: 0 | M42: 0 | N42: 0 | O42: =SUM(C42:N42) -> 0 | Q42: =SUM(C42:E42) -> 0
A43: 2 | B43: CITANGKIL | C43: 0 | D43: 0 | E43: 0 | F43: 0 | G43: 0 | H43: 0 | I43: 0 | J43: 0 | K43: 0 | L43: 0 | M43: 0 | N43: 0 | O43: =SUM(C43:N43) -> 0 | Q43: =SUM(C43:E43) -> 0
A44: 3 | B44: PULOMERAK | C44: 0 | D44: 0 | E44: 0 | F44: 0 | G44: 0 | H44: 0 | I44: 0 | J44: 0 | K44: 0 | L44: 0 | M44: 0 | N44: 0 | O44: =SUM(C44:N44) -> 0 | Q44: =SUM(C44:E44) -> 0
A45: 4 | B45: PURWAKARTA | C45: 0 | D45: 0 | E45: 0 | F45: 0 | G45: 0 | H45: 0 | I45: 0 | J45: 0 | K45: 0 | L45: 0 | M45: 0 | N45: 0 | O45: =SUM(C45:N45) -> 0 | Q45: =SUM(C45:E45) -> 0
A46: 5 | B46: GROGOL | C46: 0 | D46: 0 | E46: 0 | F46: 0 | G46: 0 | H46: 0 | I46: 0 | J46: 0 | K46: 0 | L46: 0 | M46: 0 | N46: 0 | O46: =SUM(C46:N46) -> 0 | Q46: =SUM(C46:E46) -> 0
A47: 6 | B47: CILEGON | C47: 0 | D47: 0 | E47: 0 | F47: 0 | G47: 0 | H47: 0 | I47: 0 | J47: 0 | K47: 0 | L47: 0 | M47: 0 | N47: 0 | O47: =SUM(C47:N47) -> 0 | Q47: =SUM(C47:E47) -> 0
A48: 7 | B48: JOMBANG | C48: 0 | D48: 0 | E48: 0 | F48: 0 | G48: 0 | H48: 0 | I48: 0 | J48: 0 | K48: 0 | L48: 0 | M48: 0 | N48: 0 | O48: =SUM(C48:N48) -> 0 | Q48: =SUM(C48:E48) -> 0
A49: 8 | B49: CIBEBER | C49: 0 | D49: 0 | E49: 0 | F49: 0 | G49: 0 | H49: 0 | I49: 0 | J49: 0 | K49: 0 | L49: 0 | M49: 0 | N49: 0 | O49: =SUM(C49:N49) -> 0 | P49: 15 | Q49: =SUM(C49:E49) -> 0
A50: JUMLAH | C50: =SUM(C42:C49) -> 0 | D50: =SUM(D42:D49) -> 0 | E50: =SUM(E42:E49) -> 0 | F50: =SUM(F42:F49) -> 0 | G50: =SUM(G42:G49) -> 0 | H50: =SUM(H42:H49) -> 0 | I50: =SUM(I42:I49) -> 0 | J50: =SUM(J42:J49) -> 0 | ... P50: =SUM(P42:P49) -> 15
A68: DATA PRODUKSI SORGUM PER BULAN
A69: KOTA CILEGON TAHUN 2025
O71: (Ton)
A72: No | B72: Kecamatan | C72: Bulan | O72: Jumlah
C73: Jan | D73: Feb | E73: Maret | F73: Apr | G73: Mei | H73: Juni | I73: Juli | J73: Agst | K73: Sept | L73: Okt | M73: Nov | N73: Des
A74: 1 | B74: 2 | C74: 3 | D74: 4 | E74: 5 | F74: 6 | G74: 7 | H74: 8 | I74: 9 | J74: 10 | K74: 11 | L74: 12 | M74: 13 | N74: 14 | O74: 15
A75: 1 | B75: CIWANDAN | C75: 0 | D75: 0 | E75: 0 | F75: 0 | G75: 0 | H75: 0 | I75: 0 | J75: 0 | K75: 0 | L75: 0 | M75: 0 | N75: 0 | O75: =SUM(C75:N75) -> 0 | Q75: =SUM(C75:E75) -> 0
A76: 2 | B76: CITANGKIL | C76: 0 | D76: 0 | E76: 0 | F76: 0 | G76: 0 | H76: 0 | I76: 0 | J76: 0 | K76: 0 | L76: 0 | M76: 0 | N76: 0 | O76: =SUM(C76:N76) -> 0 | Q76: =SUM(C76:E76) -> 0
A77: 3 | B77: PULOMERAK | C77: 0 | D77: 0 | E77: 0 | F77: 0 | G77: 0 | H77: 0 | I77: 0 | J77: 0 | K77: 0 | L77: 0 | M77: 0 | N77: 0 | O77: =SUM(C77:N77) -> 0 | Q77: =SUM(C77:E77) -> 0
A78: 4 | B78: PURWAKARTA | C78: 0 | D78: 0 | E78: 0 | F78: 0 | G78: 0 | H78: 0 | I78: 0 | J78: 0 | K78: 0 | L78: 0 | M78: 0 | N78: 0 | O78: =SUM(C78:N78) -> 0 | Q78: =SUM(C78:E78) -> 0
A79: 5 | B79: GROGOL | C79: 0 | D79: 0 | E79: 0 | F79: 0 | G79: 0 | H79: 0 | I79: 0 | J79: 0 | K79: 0 | L79: 0 | M79: 0 | N79: 0 | O79: =SUM(C79:N79) -> 0 | Q79: =SUM(C79:E79) -> 0
A80: 6 | B80: CILEGON | C80: 0 | D80: 0 | E80: 0 | F80: 0 | G80: 0 | H80: 0 | I80: 0 | J80: 0 | K80: 0 | L80: 0 | M80: 0 | N80: 0 | O80: =SUM(C80:N80) -> 0 | Q80: =SUM(C80:E80) -> 0
A81: 7 | B81: JOMBANG | C81: 0 | D81: 0 | E81: 0 | F81: 0 | G81: 0 | H81: 0 | I81: 0 | J81: 0 | K81: 0 | L81: 0 | M81: 0 | N81: 0 | O81: =SUM(C81:N81) -> 0 | Q81: =SUM(C81:E81) -> 0
A82: 8 | B82: CIBEBER | C82: 0 | D82: 0 | E82: 0 | F82: 0 | G82: 0 | H82: 0 | I82: 0 | J82: 0 | K82: 0 | L82: 0 | M82: 0 | N82: 0 | O82: =SUM(C82:N82) -> 0 | Q82: =SUM(C82:E82) -> 0
A83: JUMLAH | C83: =SUM(C75:C82) -> 0 | D83: =SUM(D75:D82) -> 0 | E83: =SUM(E75:E82) -> 0 | F83: =SUM(F75:F82) -> 0 | G83: =SUM(G75:G82) -> 0 | H83: =SUM(H75:H82) -> 0 | I83: =SUM(I75:I82) -> 0 | J83: =SUM(J75:J82) -> 0 | ... O83: =SUM(O75:O82) -> 0
A101: DATA PRODUKTIVITAS SORGUM PER BULAN
A102: KOTA CILEGON TAHUN 2025
O104: (Ku/Ha)
A105: No | B105: Kecamatan | C105: Bulan | O105: Jumlah
C106: Jan | D106: Feb | E106: Maret | F106: Apr | G106: Mei | H106: Juni | I106: Juli | J106: Agst | K106: Sept | L106: Okt | M106: Nov | N106: Des
A107: 1 | B107: 2 | C107: 3 | D107: 4 | E107: 5 | F107: 6 | G107: 7 | H107: 8 | I107: 9 | J107: 10 | K107: 11 | L107: 12 | M107: 13 | N107: 14 | O107: 15
A108: 1 | B108: CIWANDAN | C108: 0 | D108: 0 | E108: 0 | F108: 0 | G108: 0 | H108: 0 | I108: 0 | J108: 0 | K108: 0 | L108: 0 | M108: 0 | N108: 0 | O108: 0
A109: 2 | B109: CITANGKIL | C109: 0 | D109: 0 | E109: 0 | F109: 0 | G109: 0 | H109: 0 | I109: 0 | J109: 0 | K109: 0 | L109: 0 | M109: 0 | N109: 0 | O109: 0
A110: 3 | B110: PULOMERAK | C110: 0 | D110: 0 | E110: 0 | F110: 0 | G110: 0 | H110: 0 | I110: 0 | J110: 0 | K110: 0 | L110: 0 | M110: 0 | N110: 0 | O110: 0
A111: 4 | B111: PURWAKARTA | C111: 0 | D111: 0 | E111: 0 | F111: 0 | G111: 0 | H111: 0 | I111: 0 | J111: 0 | K111: 0 | L111: 0 | M111: 0 | N111: 0 | O111: 0
A112: 5 | B112: GROGOL | C112: 0 | D112: 0 | E112: 0 | F112: 0 | G112: 0 | H112: 0 | I112: 0 | J112: 0 | K112: 0 | L112: 0 | M112: 0 | N112: 0 | O112: 0
A113: 6 | B113: CILEGON | C113: 0 | D113: 0 | E113: 0 | F113: 0 | G113: 0 | H113: 0 | I113: 0 | J113: 0 | K113: 0 | L113: 0 | M113: 0 | N113: 0 | O113: 0
A114: 7 | B114: JOMBANG | C114: 0 | D114: 0 | E114: 0 | F114: 0 | G114: 0 | H114: 0 | I114: 0 | J114: 0 | K114: 0 | L114: 0 | M114: 0 | N114: 0 | O114: 0
A115: 8 | B115: CIBEBER | C115: 0 | D115: 0 | E115: 0 | F115: 0 | G115: 0 | H115: 0 | I115: 0 | J115: 0 | K115: 0 | L115: 0 | M115: 0 | N115: 0 | O115: 0
A116: JUMLAH | C116: 0 | D116: =SUM(D108:D115) -> 0 | E116: =SUM(E108:E115) -> 0 | F116: =SUM(F108:F115) -> 0 | G116: =SUM(G108:G115) -> 0 | H116: =SUM(H108:H115) -> 0 | I116: =SUM(I108:I115) -> 0 | J116: =SUM(J108:J115) -> 0 | K116: =SUM(K108:K115) -> 0 | ... O116: =SUM(O108:O115) -> 0

Sheet porang
A2: DATA LUAS TANAM PORANG PER BULAN
A3: KOTA CILEGON TAHUN 2025
O5: (Ha)
A6: No | B6: Kecamatan | C6: Bulan | O6: Jumlah
C7: Jan | D7: Feb | E7: Maret | F7: Apr | G7: Mei | H7: Juni | I7: Juli | J7: Agst | K7: Sept | L7: Okt | M7: Nov | N7: Des
A8: 1 | B8: 2 | C8: 3 | D8: 4 | E8: 5 | F8: 6 | G8: 7 | H8: 8 | I8: 9 | J8: 10 | K8: 11 | L8: 12 | M8: 13 | N8: 14 | O8: 15 | Q8: ok-nop
A9: 1 | B9: CIWANDAN | C9: 0 | D9: 0 | E9: 0 | F9: 0 | G9: 0 | H9: 0 | I9: 0 | J9: 0 | K9: 0 | L9: 0 | M9: 0 | N9: 0 | O9: =SUM(C9:N9) -> 0 | Q9: =SUM(L9:M9) -> 0
A10: 2 | B10: CITANGKIL | C10: 0 | D10: 0 | E10: 0 | F10: 0 | G10: 0 | H10: 0 | I10: 0 | J10: 0 | K10: 0 | L10: 0 | M10: 0 | N10: 0 | O10: =SUM(C10:N10) -> 0 | Q10: =SUM(L10:M10) -> 0
A11: 3 | B11: PULOMERAK | C11: 0 | D11: 0 | E11: 0 | F11: 0 | G11: 0 | H11: 0 | I11: 0 | J11: 0 | K11: 0 | L11: 0 | M11: 0 | N11: 0 | O11: =SUM(C11:N11) -> 0 | Q11: =SUM(L11:M11) -> 0
A12: 4 | B12: PURWAKARTA | C12: 0 | D12: 0 | E12: 0 | F12: 0 | G12: 0 | H12: 0 | I12: 0 | J12: 0 | K12: 0 | L12: 0 | M12: 0 | N12: 0 | O12: =SUM(C12:N12) -> 0 | Q12: =SUM(L12:M12) -> 0
A13: 5 | B13: GROGOL | C13: 0 | D13: 0 | E13: 0 | F13: 0 | G13: 0 | H13: 0 | I13: 0 | J13: 0 | K13: 0 | L13: 0 | M13: 0 | N13: 0 | O13: =SUM(C13:N13) -> 0 | Q13: =SUM(L13:M13) -> 0
A14: 6 | B14: CILEGON | C14: 0 | D14: 0 | E14: 0 | F14: 0 | G14: 0 | H14: 0 | I14: 0 | J14: 0 | K14: 0 | L14: 0 | M14: 0 | N14: 0 | O14: =SUM(C14:N14) -> 0 | Q14: =SUM(L14:M14) -> 0
A15: 7 | B15: JOMBANG | C15: 0 | D15: 0 | E15: 0 | F15: 0 | G15: 0 | H15: 0 | I15: 0 | J15: 0 | K15: 0 | L15: 0 | M15: 0 | N15: 0 | O15: =SUM(C15:N15) -> 0 | Q15: =SUM(L15:M15) -> 0
A16: 8 | B16: CIBEBER | C16: 0 | D16: 0 | E16: 0 | F16: 0 | G16: 0 | H16: 0 | I16: 0 | J16: 0 | K16: 0 | L16: 0 | M16: 0 | N16: 0 | O16: =SUM(C16:N16) -> 0 | Q16: =SUM(L16:M16) -> 0
A17: JUMLAH | C17: =SUM(C9:C16) -> 0 | D17: =SUM(D9:D16) -> 0 | E17: =SUM(E9:E16) -> 0 | F17: =SUM(F9:F16) -> 0 | G17: =SUM(G9:G16) -> 0 | H17: =SUM(H9:H16) -> 0 | I17: =SUM(I9:I16) -> 0 | J17: =SUM(J9:J16) -> 0 | ... O17: =SUM(O9:O16) -> 0
A35: DATA LUAS PANEN PORANG PER BULAN
A36: KOTA CILEGON TAHUN 2025
O38: (Ha)
A39: No | B39: Kecamatan | C39: Bulan | O39: Jumlah
C40: Jan | D40: Feb | E40: Maret | F40: Apr | G40: Mei | H40: Juni | I40: Juli | J40: Agst | K40: Sept | L40: Okt | M40: Nov | N40: Des
A41: 1 | B41: 2 | C41: 3 | D41: 4 | E41: 5 | F41: 6 | G41: 7 | H41: 8 | I41: 9 | J41: 10 | K41: 11 | L41: 12 | M41: 13 | N41: 14 | O41: 15
A42: 1 | B42: CIWANDAN | C42: 0 | D42: 0 | E42: 0 | F42: 0 | G42: 0 | H42: 0 | I42: 0 | J42: 0 | K42: 0 | L42: 0 | M42: 0 | N42: 0 | O42: =SUM(C42:N42) -> 0 | Q42: =SUM(C42:E42) -> 0
A43: 2 | B43: CITANGKIL | C43: 0 | D43: 0 | E43: 0 | F43: 0 | G43: 0 | H43: 0 | I43: 0 | J43: 0 | K43: 0 | L43: 0 | M43: 0 | N43: 0 | O43: =SUM(C43:N43) -> 0 | Q43: =SUM(C43:E43) -> 0
A44: 3 | B44: PULOMERAK | C44: 0 | D44: 0 | E44: 0 | F44: 0 | G44: 0 | H44: 0 | I44: 0 | J44: 0 | K44: 0 | L44: 0 | M44: 0 | N44: 0 | O44: =SUM(C44:N44) -> 0 | Q44: =SUM(C44:E44) -> 0
A45: 4 | B45: PURWAKARTA | C45: 0 | D45: 0 | E45: 0 | F45: 0 | G45: 0 | H45: 0 | I45: 0 | J45: 0 | K45: 0 | L45: 0 | M45: 0 | N45: 0 | O45: =SUM(C45:N45) -> 0 | Q45: =SUM(C45:E45) -> 0
A46: 5 | B46: GROGOL | C46: 0 | D46: 0 | E46: 0 | F46: 0 | G46: 0 | H46: 0 | I46: 0 | J46: 0 | K46: 0 | L46: 0 | M46: 0 | N46: 0 | O46: =SUM(C46:N46) -> 0 | Q46: =SUM(C46:E46) -> 0
A47: 6 | B47: CILEGON | C47: 0 | D47: 0 | E47: 0 | F47: 0 | G47: 0 | H47: 0 | I47: 0 | J47: 0 | K47: 0 | L47: 0 | M47: 0 | N47: 0 | O47: =SUM(C47:N47) -> 0 | Q47: =SUM(C47:E47) -> 0
A48: 7 | B48: JOMBANG | C48: 0 | D48: 0 | E48: 0 | F48: 0 | G48: 0 | H48: 0 | I48: 0 | J48: 0 | K48: 0 | L48: 0 | M48: 0 | N48: 0 | O48: =SUM(C48:N48) -> 0 | Q48: =SUM(C48:E48) -> 0
A49: 8 | B49: CIBEBER | C49: 0 | D49: 0 | E49: 0 | F49: 0 | G49: 0 | H49: 0 | I49: 0 | J49: 0 | K49: 0 | L49: 0 | M49: 0 | N49: 0 | O49: =SUM(C49:N49) -> 0 | P49: 15 | Q49: =SUM(C49:E49) -> 0
A50: JUMLAH | C50: =SUM(C42:C49) -> 0 | D50: =SUM(D42:D49) -> 0 | E50: =SUM(E42:E49) -> 0 | F50: =SUM(F42:F49) -> 0 | G50: =SUM(G42:G49) -> 0 | H50: =SUM(H42:H49) -> 0 | I50: =SUM(I42:I49) -> 0 | J50: =SUM(J42:J49) -> 0 | ... P50: =SUM(P42:P49) -> 15
A68: DATA PRODUKSI PORANG PER BULAN
A69: KOTA CILEGON TAHUN 2025
O71: (Ton)
A72: No | B72: Kecamatan | C72: Bulan | O72: Jumlah
C73: Jan | D73: Feb | E73: Maret | F73: Apr | G73: Mei | H73: Juni | I73: Juli | J73: Agst | K73: Sept | L73: Okt | M73: Nov | N73: Des
A74: 1 | B74: 2 | C74: 3 | D74: 4 | E74: 5 | F74: 6 | G74: 7 | H74: 8 | I74: 9 | J74: 10 | K74: 11 | L74: 12 | M74: 13 | N74: 14 | O74: 15
A75: 1 | B75: CIWANDAN | C75: 0 | D75: 0 | E75: 0 | F75: 0 | G75: 0 | H75: 0 | I75: 0 | J75: 0 | K75: 0 | L75: 0 | M75: 0 | N75: 0 | O75: =SUM(C75:N75) -> 0 | Q75: =SUM(C75:E75) -> 0
A76: 2 | B76: CITANGKIL | C76: 0 | D76: 0 | E76: 0 | F76: 0 | G76: 0 | H76: 0 | I76: 0 | J76: 0 | K76: 0 | L76: 0 | M76: 0 | N76: 0 | O76: =SUM(C76:N76) -> 0 | Q76: =SUM(C76:E76) -> 0
A77: 3 | B77: PULOMERAK | C77: 0 | D77: 0 | E77: 0 | F77: 0 | G77: 0 | H77: 0 | I77: 0 | J77: 0 | K77: 0 | L77: 0 | M77: 0 | N77: 0 | O77: =SUM(C77:N77) -> 0 | Q77: =SUM(C77:E77) -> 0
A78: 4 | B78: PURWAKARTA | C78: 0 | D78: 0 | E78: 0 | F78: 0 | G78: 0 | H78: 0 | I78: 0 | J78: 0 | K78: 0 | L78: 0 | M78: 0 | N78: 0 | O78: =SUM(C78:N78) -> 0 | Q78: =SUM(C78:E78) -> 0
A79: 5 | B79: GROGOL | C79: 0 | D79: 0 | E79: 0 | F79: 0 | G79: 0 | H79: 0 | I79: 0 | J79: 0 | K79: 0 | L79: 0 | M79: 0 | N79: 0 | O79: =SUM(C79:N79) -> 0 | Q79: =SUM(C79:E79) -> 0
A80: 6 | B80: CILEGON | C80: 0 | D80: 0 | E80: 0 | F80: 0 | G80: 0 | H80: 0 | I80: 0 | J80: 0 | K80: 0 | L80: 0 | M80: 0 | N80: 0 | O80: =SUM(C80:N80) -> 0 | Q80: =SUM(C80:E80) -> 0
A81: 7 | B81: JOMBANG | C81: 0 | D81: 0 | E81: 0 | F81: 0 | G81: 0 | H81: 0 | I81: 0 | J81: 0 | K81: 0 | L81: 0 | M81: 0 | N81: 0 | O81: =SUM(C81:N81) -> 0 | Q81: =SUM(C81:E81) -> 0
A82: 8 | B82: CIBEBER | C82: 0 | D82: 0 | E82: 0 | F82: 0 | G82: 0 | H82: 0 | I82: 0 | J82: 0 | K82: 0 | L82: 0 | M82: 0 | N82: 0 | O82: =SUM(C82:N82) -> 0 | Q82: =SUM(C82:E82) -> 0
A83: JUMLAH | C83: =SUM(C75:C82) -> 0 | D83: =SUM(D75:D82) -> 0 | E83: =SUM(E75:E82) -> 0 | F83: =SUM(F75:F82) -> 0 | G83: =SUM(G75:G82) -> 0 | H83: =SUM(H75:H82) -> 0 | I83: =SUM(I75:I82) -> 0 | J83: =SUM(J75:J82) -> 0 | ... O83: =SUM(O75:O82) -> 0
A101: DATA PRODUKTIVITAS PORANG PER BULAN
A102: KOTA CILEGON TAHUN 2025
O104: (Ku/Ha)
A105: No | B105: Kecamatan | C105: Bulan | O105: Jumlah
C106: Jan | D106: Feb | E106: Maret | F106: Apr | G106: Mei | H106: Juni | I106: Juli | J106: Agst | K106: Sept | L106: Okt | M106: Nov | N106: Des
A107: 1 | B107: 2 | C107: 3 | D107: 4 | E107: 5 | F107: 6 | G107: 7 | H107: 8 | I107: 9 | J107: 10 | K107: 11 | L107: 12 | M107: 13 | N107: 14 | O107: 15
A108: 1 | B108: CIWANDAN | C108: 0 | D108: 0 | E108: 0 | F108: 0 | G108: 0 | H108: 0 | I108: 0 | J108: 0 | K108: 0 | L108: 0 | M108: 0 | N108: 0 | O108: 0
A109: 2 | B109: CITANGKIL | C109: 0 | D109: 0 | E109: 0 | F109: 0 | G109: 0 | H109: 0 | I109: 0 | J109: 0 | K109: 0 | L109: 0 | M109: 0 | N109: 0 | O109: 0
A110: 3 | B110: PULOMERAK | C110: 0 | D110: 0 | E110: 0 | F110: 0 | G110: 0 | H110: 0 | I110: 0 | J110: 0 | K110: 0 | L110: 0 | M110: 0 | N110: 0 | O110: 0
A111: 4 | B111: PURWAKARTA | C111: 0 | D111: 0 | E111: 0 | F111: 0 | G111: 0 | H111: 0 | I111: 0 | J111: 0 | K111: 0 | L111: 0 | M111: 0 | N111: 0 | O111: 0
A112: 5 | B112: GROGOL | C112: 0 | D112: 0 | E112: 0 | F112: 0 | G112: 0 | H112: 0 | I112: 0 | J112: 0 | K112: 0 | L112: 0 | M112: 0 | N112: 0 | O112: 0
A113: 6 | B113: CILEGON | C113: 0 | D113: 0 | E113: 0 | F113: 0 | G113: 0 | H113: 0 | I113: 0 | J113: 0 | K113: 0 | L113: 0 | M113: 0 | N113: 0 | O113: 0
A114: 7 | B114: JOMBANG | C114: 0 | D114: 0 | E114: 0 | F114: 0 | G114: 0 | H114: 0 | I114: 0 | J114: 0 | K114: 0 | L114: 0 | M114: 0 | N114: 0 | O114: 0
A115: 8 | B115: CIBEBER | C115: 0 | D115: 0 | E115: 0 | F115: 0 | G115: 0 | H115: 0 | I115: 0 | J115: 0 | K115: 0 | L115: 0 | M115: 0 | N115: 0 | O115: 0
A116: JUMLAH | C116: 0 | D116: =SUM(D108:D115) -> 0 | E116: =SUM(E108:E115) -> 0 | F116: =SUM(F108:F115) -> 0 | G116: =SUM(G108:G115) -> 0 | H116: =SUM(H108:H115) -> 0 | I116: =SUM(I108:I115) -> 0 | J116: =SUM(J108:J115) -> 0 | K116: =SUM(K108:K115) -> 0 | ... O116: =SUM(O108:O115) -> 0

Sheet Sheet1
A1: DATA REALISASI HARIAN TANAM PADI SAWAH
A2: KOTA CILEGON TAHUN 2025
AH4: (Ha)
A5: No | B5: Kecamatan | C5: MARET | AH5: Jumlah
C6: 1 | D6: 2 | E6: 3 | F6: 4 | G6: 5 | H6: 6 | I6: 7 | J6: 8 | K6: 9 | L6: 10 | M6: 11 | N6: 12 | O6: 13 | P6: 14 | Q6: 15 | R6: 16 | S6: 17 | T6: 18 | U6: 19 | V6: 20 | W6: 21 | X6: 22 | Y6: 23 | Z6: 24 | AA6: 25 | AB6: 26 | AC6: 27 | AD6: 28 | AE6: 29 | AF6: 30 | AG6: 31
A7: 1 | B7: CIWANDAN | C7: 0 | D7: 0 | E7: 0 | F7: 0 | G7: 0 | H7: 0 | I7: 0 | J7: 0 | K7: 0 | L7: 0 | M7: 0 | AG7: 0 | AH7: =SUM(C7:AG7) -> 0
A8: 2 | B8: CITANGKIL | C8: 0 | D8: 0 | E8: 0 | F8: 0 | G8: 0 | H8: 0 | I8: 0 | J8: 0 | K8: 0 | L8: 0 | M8: 0 | AG8: 0 | AH8: =SUM(C8:AG8) -> 0
A9: p | B9: PULOMERAK | C9: 0 | D9: 0 | E9: 0 | F9: 0 | G9: 0 | H9: 0 | I9: 0 | J9: 0 | K9: 0 | L9: 0 | M9: 0 | AG9: 0 | AH9: =SUM(C9:AG9) -> 0
A10: 4 | B10: PURWAKARTA | C10: 0 | D10: 0 | E10: 0 | F10: 0 | G10: 0 | H10: 0 | I10: 0 | J10: 0 | K10: 0 | L10: 0 | M10: 0 | AG10: 0 | AH10: =SUM(C10:AG10) -> 0
A11: 5 | B11: GROGOL | C11: 0 | D11: 0 | E11: 0 | F11: 0 | G11: 0 | H11: 0 | I11: 0 | J11: 0 | K11: 0 | L11: 0 | M11: 0 | AG11: 0 | AH11: =SUM(C11:AG11) -> 0
A12: 6 | B12: CILEGON | C12: 0 | D12: 0 | E12: 0 | F12: 0 | G12: 0 | H12: 0 | I12: 0 | J12: 0 | K12: 0 | L12: 0 | M12: 0 | AG12: 0 | AH12: =SUM(C12:AG12) -> 0
A13: 7 | B13: JOMBANG | C13: 0 | D13: 0 | E13: 0 | F13: 0 | G13: 0 | H13: 0 | I13: 0 | J13: 0 | K13: 0 | L13: 0 | M13: 0 | AG13: 0 | AH13: =SUM(C13:AG13) -> 0
A14: 8 | B14: CIBEBER | C14: 0 | D14: 0 | E14: 0 | F14: 0 | G14: 0 | H14: 0 | I14: 0 | J14: 0 | K14: 0 | L14: 0 | M14: 0 | AG14: 0 | AH14: =SUM(C14:AG14) -> 0
A15: JUMLAH | C15: =SUM(C7:C14) -> 0 | D15: =SUM(D7:D14) -> 0 | E15: =SUM(E7:E14) -> 0 | F15: =SUM(F7:F14) -> 0 | G15: =SUM(G7:G14) -> 0 | H15: =SUM(H7:H14) -> 0 | I15: =SUM(I7:I14) -> 0 | J15: =SUM(J7:J14) -> 0 | ... X15: =SUM(X7:X14) -> 0 | Y15: =SUM(Y7:Y15) -> 0 | Z15: =SUM(Z7:Z14) -> 0 | AA15: =SUM(AA7:AA14) -> 0 | AB15: =SUM(AB7:AB14) -> 0 | AC15: =SUM(AC7:AC14) -> 0 | AD15: =SUM(AD7:AD14) -> 0 | AE15: =SUM(AE7:AE14) -> 0 | AF15: =SUM(AF7:AF14) -> 0 | AG15: =SUM(AG7:AG14) -> 0 | AH15: =SUM(AH7:AH14) -> 0

Sheet rekap
A1: REALISASI TANAM, PANEN, PRODUKSI DAN PRODUKTIVITAS PADI DAN PALAWIJA
A2: KOTA CILEGON 2025
A4: 1. PADI SAWAH
A5: No | B5: Kecamatan | C5: TANAM | D5: PANEN | E5: PRODUKSI | F5: PRODUKTIVITAS
C6: (Ha) | D6: (Ha) | E6: (Ton) | F6: (Ku/Ha)
A7: 1 | B7: 2 | C7: 3 | D7: 4 | E7: 5 | F7: 6
A8: 1 | B8: CIWANDAN | C8: ='padi sawah'!O9 -> 532 | D8: ='padi sawah'!O42 -> 580 | E8: ='padi sawah'!O75 -> 3118.1 | F8: ='padi sawah'!O108 -> 53.760345
A9: 2 | B9: CITANGKIL | C9: ='padi sawah'!O10 -> 225 | D9: ='padi sawah'!O43 -> 235 | E9: ='padi sawah'!O76 -> 1363 | F9: ='padi sawah'!O109 -> 58
A10: 3 | B10: PULOMERAK | C10: ='padi sawah'!O11 -> 22 | D10: ='padi sawah'!O44 -> 19 | E10: ='padi sawah'!O77 -> 110.2 | F10: ='padi sawah'!O110 -> 58
A11: 4 | B11: PURWAKARTA | C11: ='padi sawah'!O12 -> 374.5 | D11: ='padi sawah'!O45 -> 281 | E11: ='padi sawah'!O78 -> 1629.8 | F11: ='padi sawah'!O111 -> 58
A12: 5 | B12: GROGOL | C12: ='padi sawah'!O13 -> 188 | D12: ='padi sawah'!O46 -> 113.32 | E12: ='padi sawah'!O79 -> 652 | F12: ='padi sawah'!O112 -> 57.536181
A13: 6 | B13: CILEGON | C13: ='padi sawah'!O14 -> 75.5 | D13: ='padi sawah'!O47 -> 87 | E13: ='padi sawah'!O80 -> 473 | F13: ='padi sawah'!O113 -> 54.367816
A14: 7 | B14: JOMBANG | C14: ='padi sawah'!O15 -> 732 | D14: ='padi sawah'!O48 -> 742 | E14: ='padi sawah'!O81 -> 4298.4 | F14: ='padi sawah'!O114 -> 57.929919
A15: 8 | B15: CIBEBER | C15: ='padi sawah'!O16 -> 484 | D15: ='padi sawah'!O49 -> 371 | E15: ='padi sawah'!O82 -> 2127.8 | F15: ='padi sawah'!O115 -> 57.3531
A16: JUMLAH | C16: =SUM(C8:C15) -> 2633 | D16: =SUM(D8:D15) -> 2428.32 | E16: =SUM(E8:E15) -> 13772.3 | F16: =E16/D16*10 -> 56.715342
A20: 2. PADI LADANG
A21: No | B21: Kecamatan | C21: TANAM | D21: PANEN | E21: PRODUKSI | F21: PRODUKTIVITAS
C22: (Ha) | D22: (Ha) | E22: (Ton) | F22: (Ku/Ha)
A23: 1 | B23: 2 | C23: 3 | D23: 4 | E23: 5 | F23: 6
A24: 1 | B24: CIWANDAN | C24: ='padi ladang'!O9 -> 0 | D24: ='padi ladang'!O42 -> 0 | E24: ='padi ladang'!O75 -> 0 | F24: ='padi ladang'!O108 -> 0
A25: 2 | B25: CITANGKIL | C25: ='padi ladang'!O10 -> 0 | D25: ='padi ladang'!O43 -> 0 | E25: ='padi ladang'!O76 -> 0 | F25: ='padi ladang'!O109 -> 0
A26: 3 | B26: PULOMERAK | C26: ='padi ladang'!O11 -> 0 | D26: ='padi ladang'!O44 -> 0 | E26: ='padi ladang'!O77 -> 0 | F26: ='padi ladang'!O110 -> 0
A27: 4 | B27: PURWAKARTA | C27: ='padi ladang'!O12 -> 0 | D27: ='padi ladang'!O45 -> 0 | E27: ='padi ladang'!O78 -> 0 | F27: ='padi ladang'!O111 -> 0
A28: 5 | B28: GROGOL | C28: ='padi ladang'!O13 -> 0 | D28: ='padi ladang'!O46 -> 0 | E28: ='padi ladang'!O79 -> 0 | F28: ='padi ladang'!O112 -> 0
A29: 6 | B29: CILEGON | C29: ='padi ladang'!O14 -> 0 | D29: ='padi ladang'!O47 -> 0 | E29: ='padi ladang'!O80 -> 0 | F29: ='padi ladang'!O113 -> 0
A30: 7 | B30: JOMBANG | C30: ='padi ladang'!O15 -> 0 | D30: ='padi ladang'!O48 -> 0 | E30: ='padi ladang'!O81 -> 0 | F30: ='padi ladang'!O114 -> 0
A31: 8 | B31: CIBEBER | C31: ='padi ladang'!O16 -> 0 | D31: ='padi ladang'!O49 -> 0 | E31: ='padi ladang'!O82 -> 0 | F31: ='padi ladang'!O115 -> 0
A32: JUMLAH | C32: =SUM(C24:C31) -> 0 | D32: =SUM(D24:D31) -> 0 | E32: =SUM(E24:E31) -> 0 | F32: 0
A36: 3. JAGUNG | F36: Jagung
A37: No | B37: Kecamatan | C37: TANAM | D37: PANEN | E37: PRODUKSI | F37: PRODUKTIVITAS
C38: (Ha) | D38: (Ha) | E38: (Ton) | F38: (Ku/Ha)
A39: 1 | B39: 2 | C39: 3 | D39: 4 | E39: 5 | F39: 6
A40: 1 | B40: CIWANDAN | C40: 1 | D40: =jagung!O42 -> 0 | E40: =jagung!O75 -> 0 | F40: =jagung!O108 -> #DIV/0!
A41: 2 | B41: CITANGKIL | C41: 1 | D41: =jagung!O43 -> 0 | E41: =jagung!O76 -> 0 | F41: =jagung!O109 -> #DIV/0!
A42: 3 | B42: PULOMERAK | C42: 0 | D42: =jagung!O44 -> 0 | E42: =jagung!O77 -> 0 | F42: =jagung!O110 -> #DIV/0!
A43: 4 | B43: PURWAKARTA | C43: 3 | D43: 0 | E43: =jagung!O78 -> 0.98 | F43: =jagung!O111 -> 49
A44: 5 | B44: GROGOL | C44: 1 | D44: =jagung!O46 -> 0 | E44: =jagung!O79 -> 0 | F44: =jagung!O112 -> 0
A45: 6 | B45: CILEGON | C45: 0 | D45: =jagung!O47 -> 0 | E45: =jagung!O80 -> 0 | F45: =jagung!O113 -> #DIV/0!
A46: 7 | B46: JOMBANG | C46: 0 | D46: =jagung!O48 -> 0 | E46: =jagung!O81 -> 0 | F46: =jagung!O114 -> #DIV/0!
A47: 8 | B47: CIBEBER | C47: 0 | D47: =jagung!O49 -> 1 | E47: =jagung!O82 -> 4.9 | F47: =jagung!O115 -> 49
A48: JUMLAH | C48: =SUM(C40:C47) -> 6 | D48: =SUM(D40:D47) -> 1 | E48: =SUM(E40:E47) -> 5.88 | F48: 3.6
A52: 3. JAGUNG | F52: Jagung Pulut
A53: No | B53: Kecamatan | C53: TANAM | D53: PANEN | E53: PRODUKSI | F53: PRODUKTIVITAS
C54: (Ha) | D54: (Ha) | E54: (Ton) | F54: (Ku/Ha)
A55: 1 | B55: 2 | C55: 3 | D55: 4 | E55: 5 | F55: 6
A56: 1 | B56: CIWANDAN | C56: 1 | D56: =jagung!O56 -> 1.35 | E56: =jagung!O89 -> 6.5 | F56: =jagung!O122 -> 48.148148
A57: 2 | B57: CITANGKIL | C57: 1 | D57: =jagung!O57 -> 2.74 | E57: =jagung!O90 -> 13.13 | F57: =jagung!O123 -> 47.919708
A58: 3 | B58: PULOMERAK | C58: 2.2 | D58: =jagung!O58 -> 9 | E58: =jagung!O91 -> 44.1 | F58: =jagung!O124 -> 49
A59: 4 | B59: PURWAKARTA | C59: 6 | D59: =jagung!O59 -> 1 | E59: =jagung!O92 -> 0 | F59: =jagung!O125 -> 0
A60: 5 | B60: GROGOL | C60: 2 | D60: =jagung!O60 -> 4.9 | E60: =jagung!O93 -> 28.9 | F60: =jagung!O126 -> 58.979592
A61: 6 | B61: CILEGON | C61: 1.2 | D61: =jagung!O61 -> 1.2 | E61: =jagung!O94 -> 5.85 | F61: =jagung!O127 -> 48.75
A62: 7 | B62: JOMBANG | C62: 2 | D62: =jagung!O62 -> 2 | E62: =jagung!O95 -> 9.8 | F62: =jagung!O128 -> 49
A63: 8 | B63: CIBEBER | C63: 6 | D63: =jagung!O63 -> 7 | E63: =jagung!O96 -> 29.4 | F63: =jagung!O129 -> 42
A64: JUMLAH | C64: =SUM(C56:C63) -> 21.4 | D64: =SUM(D56:D63) -> 29.19 | E64: =SUM(E56:E63) -> 137.68 | F64: =jagung!O130 -> 47.166838
A69: 4. KEDELAI
A70: No | B70: Kecamatan | C70: TANAM | D70: PANEN | E70: PRODUKSI | F70: PRODUKTIVITAS
C71: (Ha) | D71: (Ha) | E71: (Ton) | F71: (Ku/Ha)
A72: 1 | B72: 2 | C72: 3 | D72: 4 | E72: 5 | F72: 6
A73: 1 | B73: CIWANDAN | C73: =kedelai!O9 -> 0 | D73: =kedelai!O42 -> 0 | E73: =kedelai!O75 -> 0 | F73: =kedelai!O108 -> 0
A74: 2 | B74: CITANGKIL | C74: =kedelai!O10 -> 0 | D74: =kedelai!O43 -> 0 | E74: =kedelai!O76 -> 0 | F74: =kedelai!O109 -> 0
A75: 3 | B75: PULOMERAK | C75: =kedelai!O11 -> 0 | D75: =kedelai!O44 -> 0 | E75: =kedelai!O77 -> 0 | F75: =kedelai!O110 -> 0
A76: 4 | B76: PURWAKARTA | C76: =kedelai!O12 -> 0 | D76: =kedelai!O45 -> 0 | E76: =kedelai!O78 -> 0 | F76: =kedelai!O111 -> 0
A77: 5 | B77: GROGOL | C77: =kedelai!O13 -> 0 | D77: =kedelai!O46 -> 0 | E77: =kedelai!O79 -> 0 | F77: =kedelai!O112 -> 0
A78: 6 | B78: CILEGON | C78: =kedelai!O14 -> 0 | D78: =kedelai!O47 -> 0 | E78: =kedelai!O80 -> 0 | F78: =kedelai!O113 -> 0
A79: 7 | B79: JOMBANG | C79: =kedelai!O15 -> 0 | D79: =kedelai!O48 -> 0 | E79: =kedelai!O81 -> 0 | F79: =kedelai!O114 -> 0
A80: 8 | B80: CIBEBER | C80: =kedelai!O16 -> 0 | D80: =kedelai!O49 -> 0 | E80: =kedelai!O82 -> 0 | F80: =kedelai!O115 -> 0
A81: JUMLAH | C81: =SUM(C73:C80) -> 0 | D81: =SUM(D73:D80) -> 0 | E81: =SUM(E73:E80) -> 0 | F81: =kedelai!O116 -> 0
A86: 5. KACANG TANAH
A87: No | B87: Kecamatan | C87: TANAM | D87: PANEN | E87: PRODUKSI | F87: PRODUKTIVITAS
C88: (Ha) | D88: (Ha) | E88: (Ton) | F88: (Ku/Ha)
A89: 1 | B89: 2 | C89: 3 | D89: 4 | E89: 5 | F89: 6
A90: 1 | B90: CIWANDAN | C90: ='kc tanah'!O9 -> 10 | D90: ='kc tanah'!O41 -> 10 | E90: ='kc tanah'!O74 -> 12 | F90: ='kc tanah'!O107 -> 12
A91: 2 | B91: CITANGKIL | C91: ='kc tanah'!O10 -> 286 | D91: ='kc tanah'!O42 -> 332 | E91: ='kc tanah'!O75 -> 528 | F91: ='kc tanah'!O108 -> 15.903614
A92: 3 | B92: PULOMERAK | C92: ='kc tanah'!O11 -> 54 | D92: ='kc tanah'!O43 -> 19 | E92: ='kc tanah'!O76 -> 22.8 | F92: ='kc tanah'!O109 -> 12
A93: 4 | B93: PURWAKARTA | C93: ='kc tanah'!O12 -> 21 | D93: ='kc tanah'!O44 -> 60 | E93: ='kc tanah'!O77 -> 74 | F93: ='kc tanah'!O110 -> 12.333333
A94: 5 | B94: GROGOL | C94: ='kc tanah'!O13 -> 255 | D94: ='kc tanah'!O45 -> 5 | E94: ='kc tanah'!O78 -> 7 | F94: ='kc tanah'!O111 -> 14
A95: 6 | B95: CILEGON | C95: ='kc tanah'!O14 -> 28 | D95: ='kc tanah'!O46 -> 32 | E95: ='kc tanah'!O79 -> 38.4 | F95: ='kc tanah'!O112 -> 12
A96: 7 | B96: JOMBANG | C96: ='kc tanah'!O15 -> 2 | D96: ='kc tanah'!O47 -> 0 | E96: ='kc tanah'!O80 -> 0 | F96: -
A97: 8 | B97: CIBEBER | C97: ='kc tanah'!O16 -> 141 | D97: ='kc tanah'!O48 -> 214 | E97: ='kc tanah'!O81 -> 246 | F97: ='kc tanah'!O114 -> 11.495327
A98: JUMLAH | C98: =SUM(C90:C97) -> 797 | D98: =SUM(D90:D97) -> 672 | E98: =SUM(E90:E97) -> 928.2 | F98: =E98/D98*10 -> 13.8125
A103: 6. UBI KAYU
A104: No | B104: Kecamatan | C104: TANAM | D104: PANEN | E104: PRODUKSI | F104: PRODUKTIVITAS
C105: (Ha) | D105: (Ha) | E105: (Ton) | F105: (Ku/Ha)
A106: 1 | B106: 2 | C106: 3 | D106: 4 | E106: 5 | F106: 6
A107: 1 | B107: CIWANDAN | C107: ='ubi kayu'!O9 -> 3 | D107: ='ubi kayu'!O41 -> 1 | E107: ='ubi kayu'!O75 -> 12 | F107: ='ubi kayu'!O108 -> 120
A108: 2 | B108: CITANGKIL | C108: ='ubi kayu'!O10 -> 4.2 | D108: ='ubi kayu'!O42 -> 4 | E108: ='ubi kayu'!O76 -> 48 | F108: ='ubi kayu'!O109 -> 120
A109: 3 | B109: PULOMERAK | C109: ='ubi kayu'!O11 -> 4 | D109: ='ubi kayu'!O43 -> 8 | E109: ='ubi kayu'!O77 -> 96 | F109: ='ubi kayu'!O110 -> 120
A110: 4 | B110: PURWAKARTA | C110: ='ubi kayu'!O12 -> 8 | D110: ='ubi kayu'!O44 -> 1 | E110: ='ubi kayu'!O78 -> 12 | F110: ='ubi kayu'!O111 -> 120
A111: 5 | B111: GROGOL | C111: ='ubi kayu'!O13 -> 2.1 | D111: ='ubi kayu'!O45 -> 4 | E111: ='ubi kayu'!O79 -> 48 | F111: ='ubi kayu'!O112 -> 120
A112: 6 | B112: CILEGON | C112: ='ubi kayu'!O14 -> 0.5 | D112: ='ubi kayu'!O46 -> 0.3 | E112: ='ubi kayu'!O80 -> 3.6 | F112: ='ubi kayu'!O113 -> 120
A113: 7 | B113: JOMBANG | C113: ='ubi kayu'!O15 -> 1 | D113: ='ubi kayu'!O47 -> 0 | E113: ='ubi kayu'!O81 -> 0 | F113: ='ubi kayu'!O114 -> #DIV/0!
A114: 8 | B114: CIBEBER | C114: ='ubi kayu'!O16 -> 7 | D114: ='ubi kayu'!O48 -> 149 | E114: ='ubi kayu'!O82 -> 1788 | F114: ='ubi kayu'!O115 -> 120
A115: JUMLAH | C115: =SUM(C107:C114) -> 29.8 | D115: =SUM(D107:D114) -> 167.3 | E115: =SUM(E107:E114) -> 2007.6 | F115: =E115/D115*10 -> 120
A119: 7. UBI JALAR
A120: No | B120: Kecamatan | C120: TANAM | D120: PANEN | E120: PRODUKSI | F120: PRODUKTIVITAS
C121: (Ha) | D121: (Ha) | E121: (Ton) | F121: (Ku/Ha)
A122: 1 | B122: 2 | C122: 3 | D122: 4 | E122: 5 | F122: 6
A123: 1 | B123: CIWANDAN | C123: =H123 -> 0 | D123: 0 | E123: ='ubi jalar'!O75 -> 0 | F123: ='ubi jalar'!O108 -> #DIV/0!
A124: 2 | B124: CITANGKIL | C124: ='ubi jalar'!O10 -> 0.4 | D124: 0 | E124: ='ubi jalar'!O76 -> 8.25 | F124: ='ubi jalar'!O109 -> 137.5
A125: 3 | B125: PULOMERAK | C125: 0 | D125: 0 | E125: ='ubi jalar'!O77 -> 0 | F125: 0
...
