Workbook

Sheet padi sawah
A2: DATA LUAS TANAM PADI (SAWAH) PER BULAN
A3: KOTA CILEGON TAHUN 2017
O5: (Ha)
A6: No | B6: Kecamatan | C6: Bulan | O6: Jumlah
C7: Jan | D7: Feb | E7: Maret | F7: Apr | G7: Mei | H7: Juni | I7: Juli | J7: Agst | K7: Sept | L7: Okt | M7: Nov | N7: Des
A8: 1 | B8: 2 | C8: 3 | D8: 4 | E8: 5 | F8: 6 | G8: 7 | H8: 8 | I8: 9 | J8: 10 | K8: 11 | L8: 12 | M8: 13 | N8: 14 | O8: 15
A9: 1 | B9: CIWANDAN | C9: 177 | D9: 45 | E9: 0 | F9: 0 | G9: 35 | H9: 29 | I9: 0 | J9: 0 | K9: 0 | L9: 1 | M9: 1 | N9: 5 | O9: =SUM(C9:N9) -> 293 | Q9: =SUM(I9:K9) -> 0
A10: 2 | B10: CITANGKIL | C10: 24 | D10: 9 | E10: 0 | F10: 0 | G10: 100 | H10: 49 | I10: 0 | J10: 4 | K10: 0 | L10: 14 | M10: 0 | N10: 35 | O10: =SUM(C10:N10) -> 235 | Q10: =SUM(I10:K10) -> 4
A11: 3 | B11: PULOMERAK | C11: 10 | D11: 5 | E11: 0 | F11: 0 | G11: 10 | H11: 0 | I11: 0 | J11: 0 | K11: 1 | L11: 0 | M11: 0 | N11: 0 | O11: =SUM(C11:N11) -> 26 | Q11: =SUM(I11:K11) -> 1
A12: 4 | B12: PURWAKARTA | C12: 129 | D12: 20 | E12: 5 | F12: 0 | G12: 3 | H12: 10 | I12: 0 | J12: 1 | K12: 0 | L12: 0 | M12: 0 | N12: 15 | O12: =SUM(C12:N12) -> 183 | Q12: =SUM(I12:K12) -> 1
A13: 5 | B13: GROGOL | C13: 166 | D13: 0 | E13: 0 | F13: 8 | G13: 13 | H13: 0 | I13: 0 | J13: 0 | K13: 0 | L13: 0 | M13: 0 | N13: 0 | O13: =SUM(C13:N13) -> 187 | Q13: =SUM(I13:K13) -> 0
A14: 6 | B14: CILEGON | C14: 0 | D14: 1 | E14: 9 | F14: 17 | G14: 25 | H14: 0 | I14: 0 | J14: 7 | K14: 0 | L14: 8 | M14: 4 | N14: 6 | O14: =SUM(C14:N14) -> 77 | Q14: =SUM(I14:K14) -> 7 | S14: =(8+19)/1782*100 -> 1.5151515
A15: 7 | B15: JOMBANG | C15: 178 | D15: 3 | E15: 0 | F15: 12 | G15: 169 | H15: 58 | I15: 25 | J15: 0 | K15: 0 | L15: 0 | M15: 5 | N15: 41 | O15: =SUM(C15:N15) -> 491 | Q15: =SUM(I15:K15) -> 25
A16: 8 | B16: CIBEBER | C16: 7 | D16: 33 | E16: 0 | F16: 53 | G16: 89 | H16: 16 | I16: 25 | J16: 21 | K16: 3 | L16: 0 | M16: 13 | N16: 115 | O16: =SUM(C16:N16) -> 375 | Q16: =SUM(I16:K16) -> 49
A17: JUMLAH | C17: =SUM(C9:C16) -> 691 | D17: =SUM(D9:D16) -> 116 | E17: =SUM(E9:E16) -> 14 | F17: =SUM(F9:F16) -> 90 | G17: =SUM(G9:G16) -> 444 | H17: =SUM(H9:H16) -> 162 | I17: =SUM(I9:I16) -> 50 | J17: =SUM(J9:J16) -> 33 | ... O17: =SUM(O9:O16) -> 1867 | Q17: =SUM(Q9:Q16) -> 87 | T17: 23 | U17: 23 | V17: 217 | W17: 40
Q19: =SUM(L17:N17) -> 263 | T19: =SUM(T17:W17) -> 303 | U19: =T19/1782*100 -> 17.003367
U20: =T19/2860*100 -> 10.594406
A35: DATA LUAS PANEN PADI (SAWAH) PER BULAN
A36: KOTA CILEGON TAHUN 2017
O38: (Ha)
A39: No | B39: Kecamatan | C39: Bulan | O39: Jumlah
C40: Jan | D40: Feb | E40: Maret | F40: Apr | G40: Mei | H40: Juni | I40: Juli | J40: Agst | K40: Sept | L40: Okt | M40: Nov | N40: Des
A41: 1 | B41: 2 | C41: 3 | D41: 4 | E41: 5 | F41: 6 | G41: 7 | H41: 8 | I41: 9 | J41: 10 | K41: 11 | L41: 12 | M41: 13 | N41: 14 | O41: 15
A42: 1 | B42: CIWANDAN | C42: 2 | D42: 0 | E42: 45 | F42: 177 | G42: 45 | H42: 0 | I42: 0 | J42: 35 | K42: 29 | L42: 0 | M42: 0 | N42: 0 | O42: =SUM(C42:N42) -> 333
A43: 2 | B43: CITANGKIL | C43: 6 | D43: 17 | E43: 133 | F43: 57 | G43: 5 | H43: 0 | I43: 8 | J43: 133 | K43: 8 | L43: 3 | M43: 1 | N43: 0 | O43: =SUM(C43:N43) -> 371
A44: 3 | B44: PULOMERAK | C44: 0 | D44: 5 | E44: 5 | F44: 20 | G44: 0 | H44: 0 | I44: 0 | J44: 10 | K44: 0 | L44: 0 | M44: 0 | N44: 1 | O44: =SUM(C44:N44) -> 41
A45: 4 | B45: PURWAKARTA | C45: 5 | D45: 0 | E45: 10 | F45: 161 | G45: 25 | H45: 0 | I45: 3 | J45: 10 | K45: 0 | L45: 1 | M45: 0 | N45: 0 | O45: =SUM(C45:N45) -> 215
A46: 5 | B46: GROGOL | C46: 0 | D46: 5 | E46: 10 | F46: 166 | G46: 0 | H46: 0 | I46: 8 | J46: 13 | K46: 0 | L46: 0 | M46: 0 | N46: 0 | O46: =SUM(C46:N46) -> 202
A47: 6 | B47: CILEGON | C47: 7 | D47: 43 | E47: 0 | F47: 0 | G47: 1 | H47: 15 | I47: 11 | J47: 25 | K47: 0 | L47: 0 | M47: 0 | N47: 7 | O47: =SUM(C47:N47) -> 109
A48: 7 | B48: JOMBANG | C48: 15 | D48: 5 | E48: 162 | F48: 158 | G48: 2 | H48: 15 | I48: 12 | J48: 165 | K48: 48 | L48: 24 | M48: 0 | N48: 0 | O48: =SUM(C48:N48) -> 606
A49: 8 | B49: CIBEBER | C49: 26 | D49: 113 | E49: 134 | F49: 0 | G49: 40 | H49: 30 | I49: 112 | J49: 16 | K49: 25 | L49: 21 | M49: 3 | N49: 0 | O49: =SUM(C49:N49) -> 520
A50: JUMLAH | C50: =SUM(C42:C49) -> 61 | D50: =SUM(D42:D49) -> 188 | E50: =SUM(E42:E49) -> 499 | F50: =SUM(F42:F49) -> 739 | G50: =SUM(G42:G49) -> 118 | H50: =SUM(H42:H49) -> 60 | I50: =SUM(I42:I49) -> 154 | J50: =SUM(J42:J49) -> 407 | ... O50: =SUM(O42:O49) -> 2397
J52: =SUM(C50:J50) -> 2226
L56: =J50*5.8 -> 2360.6
A68: DATA PRODUKSI PADI (SAWAH) PER BULAN
A69: KOTA CILEGON TAHUN 2017
O71: (Ton)
A72: No | B72: Kecamatan | C72: Bulan | O72: Jumlah
C73: Jan | D73: Feb | E73: Maret | F73: Apr | G73: Mei | H73: Juni | I73: Juli | J73: Agst | K73: Sept | L73: Okt | M73: Nov | N73: Des
A74: 1 | B74: 2 | C74: 3 | D74: 4 | E74: 5 | F74: 6 | G74: 7 | H74: 8 | I74: 9 | J74: 10 | K74: 11 | L74: 12 | M74: 13 | N74: 14 | O74: 15
A75: 1 | B75: CIWANDAN | C75: 10 | D75: 0 | E75: 243 | F75: 1027 | G75: 256 | H75: 0 | I75: 0 | J75: 172 | K75: 153 | L75: 0 | M75: 0 | N75: 0 | O75: =SUM(C75:N75) -> 1861 | Q75: =O75*4700*1000 -> 8746700000
A76: 2 | B76: CITANGKIL | C76: 54 | D76: 134 | E76: 1176 | F76: 481 | G76: 42 | H76: 0 | I76: 65 | J76: 1038 | K76: 56 | L76: 22 | M76: 8 | N76: 0 | O76: =SUM(C76:N76) -> 3076 | Q76: =O76*4700*1000 -> 14457200000
A77: 3 | B77: PULOMERAK | C77: 0 | D77: 31 | E77: 29 | F77: 114 | G77: 0 | H77: 0 | I77: 0 | J77: 49 | K77: 0 | L77: 0 | M77: 0 | N77: 5 | O77: =SUM(C77:N77) -> 228 | Q77: =O77*4700*1000 -> 1071600000
A78: 4 | B78: PURWAKARTA | C78: 44 | D78: 0 | E78: 56 | F78: 1090 | G78: 170 | H78: 0 | I78: 20 | J78: 58 | K78: 0 | L78: 5 | M78: 0 | N78: 0 | O78: =SUM(C78:N78) -> 1443 | Q78: =O78*4700*1000 -> 6782100000
A79: 5 | B79: GROGOL | C79: 0 | D79: 29 | E79: 62 | F79: 1093 | G79: 0 | H79: 0 | I79: 52 | J79: 71 | K79: 0 | L79: 0 | M79: 0 | N79: 0 | O79: =SUM(C79:N79) -> 1307 | Q79: =O79*4700*1000 -> 6142900000
A80: 6 | B80: CILEGON | C80: 53 | D80: 268 | E80: 0 | F80: 0 | G80: 5 | H80: 100 | I80: 76 | J80: 186 | K80: 0 | L80: 0 | M80: 0 | N80: 50 | O80: =SUM(C80:N80) -> 738 | Q80: =O80*4700*1000 -> 3468600000
A81: 7 | B81: JOMBANG | C81: 54 | D81: 27 | E81: 907 | F81: 869 | G81: 8 | H81: 58 | I81: 57 | J81: 990 | K81: 274 | L81: 114 | M81: 0 | N81: 0 | O81: =SUM(C81:N81) -> 3358 | Q81: =O81*4700*1000 -> 15782600000
A82: 8 | B82: CIBEBER | C82: 205 | D82: 678 | E82: 791 | F82: 0 | G82: 354 | H82: 147 | I82: 647 | J82: 80 | K82: 138 | L82: 122 | M82: 17 | N82: 0 | O82: =SUM(C82:N82) -> 3179 | Q82: =O82*4700*1000 -> 14941300000
A83: JUMLAH | C83: =SUM(C75:C82) -> 420 | D83: =SUM(D75:D82) -> 1167 | E83: =SUM(E75:E82) -> 3264 | F83: =SUM(F75:F82) -> 4674 | G83: =SUM(G75:G82) -> 835 | H83: =SUM(H75:H82) -> 305 | I83: =SUM(I75:I82) -> 917 | J83: =SUM(J75:J82) -> 2644 | ... O83: =SUM(O75:O82) -> 15190
A101: DATA PRODUKTIVITAS PADI (SAWAH) PER BULAN
A102: KOTA CILEGON TAHUN 2017
O104: (Ku/Ha)
A105: No | B105: Kecamatan | C105: Bulan | O105: Jumlah
C106: Jan | D106: Feb | E106: Maret | F106: Apr | G106: Mei | H106: Juni | I106: Juli | J106: Agst | K106: Sept | L106: Okt | M106: Nov | N106: Des
A107: 1 | B107: 2 | C107: 3 | D107: 4 | E107: 5 | F107: 6 | G107: 7 | H107: 8 | I107: 9 | J107: 10 | K107: 11 | L107: 12 | M107: 13 | N107: 14 | O107: 15
A108: 1 | B108: CIWANDAN | C108: 53 | D108: 0 | E108: 54 | F108: 58 | G108: 57 | H108: 0 | I108: 0 | J108: 49.3 | K108: 52.75 | L108: 0 | M108: 0 | N108: 0 | O108: =O75/O42*10 -> 55.885886
A109: 2 | B109: CITANGKIL | C109: 89.76 | D109: 78.88 | E109: 88.4 | F109: 84.32 | G109: 84.32 | H109: 0 | I109: 81.92 | J109: 78.08 | K109: 70.52 | L109: 74.24 | M109: 78.88 | N109: 0 | O109: =O76/O43*10 -> 82.911051
A110: 3 | B110: PULOMERAK | C110: 0 | D110: 63 | E110: 57.15 | F110: 57 | G110: 0 | H110: 0 | I110: 0 | J110: 49.08 | K110: 0 | L110: 0 | M110: 0 | N110: 49.3 | O110: =O77/O44*10 -> 55.609756
A111: 4 | B111: PURWAKARTA | C111: 88.4 | D111: 0 | E111: 56.48 | F111: 67.68 | G111: 67.88 | H111: 0 | I111: 67.8 | J111: 58.48 | K111: 0 | L111: 57.53 | M111: 0 | N111: 0 | O111: =O78/O45*10 -> 67.116279
A112: 5 | B112: GROGOL | C112: 0 | D112: 59 | E112: 62 | F112: 65.85 | G112: 0 | H112: 0 | I112: 64.5 | J112: 54.83 | K112: 0 | L112: 0 | M112: 0 | N112: 0 | O112: =O79/O46*10 -> 64.70297
A113: 6 | B113: CILEGON | C113: 76.16 | D113: 62.42 | E113: 0 | F113: 0 | G113: 56.01 | H113: 66.56 | I113: 68.36 | J113: 74.24 | K113: 0 | L113: 0 | M113: 0 | N113: 71.68 | O113: =O80/O47*10 -> 67.706422
A114: 7 | B114: JOMBANG | C114: 52.7 | D114: 53.3 | E114: 56 | F114: 55 | G114: 41.75 | H114: 38.3 | I114: 47.6 | J114: 60 | K114: 57 | L114: 47.5 | M114: 0 | N114: 0 | O114: =O81/O48*10 -> 55.412541
A115: 8 | B115: CIBEBER | C115: 78.88 | D115: 60 | E115: 59.01 | F115: 0 | G115: 88.4 | H115: 48.96 | I115: 57.74 | J115: 49.87 | K115: 55.12 | L115: 58 | M115: 56.15 | N115: 0 | O115: =O82/O49*10 -> 61.134615
A116: JUMLAH | C116: =C83/C50*10 -> 68.852459 | D116: =D83/D50*10 -> 62.074468 | E116: =E83/E50*10 -> 65.410822 | F116: =F83/F50*10 -> 63.247632 | G116: =G83/G50*10 -> 70.762712 | H116: =H83/H50*10 -> 50.833333 | I116: =I83/I50*10 -> 59.545455 | J116: =J83/J50*10 -> 64.963145 | ... O116: =O83/O50*10 -> 63.37088
K119: Kepala Dinas Ketahanan Pangan dan Pertanian
K120: Kota Cilegon
K124: Ir. Wawan Hermawan, MM
K125: NIP. 19600110 198603 1 012

Sheet puso
A1: DATA LUAS PUSO PADI (SAWAH) PER BULAN
A2: KOTA CILEGON TAHUN 2017
O3: (Ha)
A4: No | B4: Kecamatan | C4: Bulan | O4: Jumlah
C5: Jan | D5: Feb | E5: Maret | F5: Apr | G5: Mei | H5: Juni | I5: Juli | J5: Agst | K5: Sept | L5: Okt | M5: Nov | N5: Des
A6: 1 | B6: 2 | C6: 3 | D6: 4 | E6: 5 | F6: 6 | G6: 7 | H6: 8 | I6: 9 | J6: 10 | K6: 11 | L6: 12 | M6: 13 | N6: 14 | O6: 15
A7: 1 | B7: CIWANDAN | C7: 0 | D7: 0 | E7: 0 | F7: 0 | G7: 0 | H7: 0 | I7: 0 | J7: 0 | K7: 0 | L7: 0 | M7: 0 | N7: 0 | O7: =SUM(C7:N7) -> 0
A8: 2 | B8: CITANGKIL | C8: 0 | D8: 0 | E8: 0 | F8: 0 | G8: 0 | H8: 0 | I8: 0 | J8: 0 | K8: 0 | L8: 0 | M8: 0 | N8: 0 | O8: =SUM(C8:N8) -> 0
A9: 3 | B9: PULOMERAK | C9: 0 | D9: 0 | E9: 0 | F9: 0 | G9: 0 | H9: 0 | I9: 0 | J9: 0 | K9: 0 | L9: 0 | M9: 0 | N9: 0 | O9: =SUM(C9:N9) -> 0
A10: 4 | B10: PURWAKARTA | C10: 0 | D10: 0 | E10: 0 | F10: 0 | G10: 0 | H10: 0 | I10: 0 | J10: 0 | K10: 0 | L10: 0 | M10: 0 | N10: 0 | O10: =SUM(C10:N10) -> 0
A11: 5 | B11: GROGOL | C11: 0 | D11: 0 | E11: 0 | F11: 0 | G11: 0 | H11: 0 | I11: 0 | J11: 0 | K11: 0 | L11: 0 | M11: 0 | N11: 0 | O11: =SUM(C11:N11) -> 0
A12: 6 | B12: CILEGON | C12: 0 | D12: 0 | E12: 0 | F12: 0 | G12: 0 | H12: 0 | I12: 0 | J12: 0 | K12: 0 | L12: 0 | M12: 0 | N12: 0 | O12: =SUM(C12:N12) -> 0
A13: 7 | B13: JOMBANG | C13: 0 | D13: 0 | E13: 0 | F13: 0 | G13: 0 | H13: 0 | I13: 0 | J13: 0 | K13: 1 | L13: 0 | M13: 0 | N13: 0 | O13: =SUM(C13:N13) -> 1
A14: 8 | B14: CIBEBER | C14: 0 | D14: 0 | E14: 0 | F14: 0 | G14: 0 | H14: 0 | I14: 0 | J14: 0 | K14: 0 | L14: 0 | M14: 0 | N14: 0 | O14: =SUM(C14:N14) -> 0
A15: JUMLAH | C15: =SUM(C7:C14) -> 0 | D15: =SUM(D7:D14) -> 0 | E15: =SUM(E7:E14) -> 0 | F15: =SUM(F7:F14) -> 0 | G15: =SUM(G7:G14) -> 0 | H15: =SUM(H7:H14) -> 0 | I15: =SUM(I7:I14) -> 0 | J15: =SUM(J7:J14) -> 0 | ... O15: =SUM(O7:O14) -> 1
A17: DATA LUAS PUSO KEDELAI PER BULAN
A18: KOTA CILEGON TAHUN 2017
O19: (Ha)
A20: No | B20: Kecamatan | C20: Bulan | O20: Jumlah
C21: Jan | D21: Feb | E21: Maret | F21: Apr | G21: Mei | H21: Juni | I21: Juli | J21: Agst | K21: Sept | L21: Okt | M21: Nov | N21: Des
A22: 1 | B22: 2 | C22: 3 | D22: 4 | E22: 5 | F22: 6 | G22: 7 | H22: 8 | I22: 9 | J22: 10 | K22: 11 | L22: 12 | M22: 13 | N22: 14 | O22: 15
A23: 1 | B23: CIWANDAN | C23: 0 | D23: 0 | E23: 0 | F23: 0 | G23: 0 | H23: 0 | I23: 0 | J23: 0 | K23: 0 | L23: 0 | M23: 0 | N23: 0 | O23: =SUM(C23:N23) -> 0
A24: 2 | B24: CITANGKIL | C24: 0 | D24: 0 | E24: 0 | F24: 0 | G24: 0 | H24: 0 | I24: 0 | J24: 0 | K24: 0 | L24: 0 | M24: 0 | N24: 0 | O24: =SUM(C24:N24) -> 0
A25: 3 | B25: PULOMERAK | C25: 0 | D25: 0 | E25: 0 | F25: 0 | G25: 0 | H25: 0 | I25: 0 | J25: 0 | K25: 0 | L25: 0 | M25: 0 | N25: 0 | O25: =SUM(C25:N25) -> 0
A26: 4 | B26: PURWAKARTA | C26: 0 | D26: 0 | E26: 0 | F26: 0 | G26: 0 | H26: 0 | I26: 0 | J26: 0 | K26: 0 | L26: 0 | M26: 0 | N26: 0 | O26: =SUM(C26:N26) -> 0
A27: 5 | B27: GROGOL | C27: 0 | D27: 0 | E27: 0 | F27: 0 | G27: 0 | H27: 0 | I27: 0 | J27: 0 | K27: 0 | L27: 0 | M27: 0 | N27: 0 | O27: =SUM(C27:N27) -> 0
A28: 6 | B28: CILEGON | C28: 0 | D28: 0 | E28: 0 | F28: 0 | G28: 0 | H28: 0 | I28: 0 | J28: 0 | K28: 0 | L28: 0 | M28: 0 | N28: 0 | O28: =SUM(C28:N28) -> 0
A29: 7 | B29: JOMBANG | C29: 0 | D29: 0 | E29: 0 | F29: 0 | G29: 0 | H29: 0 | I29: 0 | J29: 0 | K29: 0 | L29: 0 | M29: 0 | N29: 0 | O29: =SUM(C29:N29) -> 0
A30: 8 | B30: CIBEBER | C30: 0 | D30: 0 | E30: 0 | F30: 0 | G30: 0 | H30: 0 | I30: 0 | J30: 0 | K30: 0 | L30: 0 | M30: 0 | N30: 0 | O30: =SUM(C30:N30) -> 0
A31: JUMLAH | C31: =SUM(C23:C30) -> 0 | D31: =SUM(D23:D30) -> 0 | E31: =SUM(E23:E30) -> 0 | F31: =SUM(F23:F30) -> 0 | G31: =SUM(G23:G30) -> 0 | H31: =SUM(H23:H30) -> 0 | I31: =SUM(I23:I30) -> 0 | J31: =SUM(J23:J30) -> 0 | ... O31: =SUM(O23:O30) -> 0
K34: Kepala Dinas Ketahanan Pangan dan Pertanian
K35: Kota Cilegon
K39: Ir. Wawan Hermawan, MM
K40: NIP. 19600110 198603 1 012

Sheet padi ladang
A2: DATA LUAS TANAM PADI (DARAT) PER BULAN
A3: KOTA CILEGON TAHUN 2017
O5: (Ha)
A6: No | B6: Kecamatan | C6: Bulan | O6: Jumlah
C7: Jan | D7: Feb | E7: Maret | F7: Apr | G7: Mei | H7: Juni | I7: Juli | J7: Agst | K7: Sept | L7: Okt | M7: Nov | N7: Des
A8: 1 | B8: 2 | C8: 3 | D8: 4 | E8: 5 | F8: 6 | G8: 7 | H8: 8 | I8: 9 | J8: 10 | K8: 11 | L8: 12 | M8: 13 | N8: 14 | O8: 15
A9: 1 | B9: CIWANDAN | C9: 0 | D9: 0 | E9: 0 | F9: 0 | G9: 0 | H9: 0 | I9: 0 | J9: 0 | K9: 0 | L9: 0 | M9: 0 | N9: 0 | O9: =SUM(C9:N9) -> 0
A10: 2 | B10: CITANGKIL | C10: 0 | D10: 0 | E10: 0 | F10: 0 | G10: 0 | H10: 0 | I10: 0 | J10: 0 | K10: 0 | L10: 0 | M10: 0 | N10: 0 | O10: =SUM(C10:N10) -> 0
A11: 3 | B11: PULOMERAK | C11: 18 | D11: 0 | E11: 0 | F11: 0 | G11: 0 | H11: 0 | I11: 0 | J11: 0 | K11: 0 | L11: 0 | M11: 0 | N11: 0 | O11: =SUM(C11:N11) -> 18
A12: 4 | B12: PURWAKARTA | C12: 0 | D12: 0 | E12: 0 | F12: 0 | G12: 0 | H12: 0 | I12: 0 | J12: 0 | K12: 0 | L12: 0 | M12: 0 | N12: 0 | O12: =SUM(C12:N12) -> 0
A13: 5 | B13: GROGOL | C13: 0 | D13: 0 | E13: 0 | F13: 0 | G13: 0 | H13: 0 | I13: 0 | J13: 0 | K13: 0 | L13: 0 | M13: 0 | N13: 0 | O13: =SUM(C13:N13) -> 0
A14: 6 | B14: CILEGON | C14: 0 | D14: 0 | E14: 0 | F14: 0 | G14: 0 | H14: 0 | I14: 0 | J14: 0 | K14: 0 | L14: 0 | M14: 0 | N14: 0 | O14: =SUM(C14:N14) -> 0
A15: 7 | B15: JOMBANG | C15: 0 | D15: 0 | E15: 0 | F15: 0 | G15: 0 | H15: 0 | I15: 0 | J15: 0 | K15: 0 | L15: 0 | M15: 0 | N15: 0 | O15: =SUM(C15:N15) -> 0
A16: 8 | B16: CIBEBER | C16: 0 | D16: 0 | E16: 0 | F16: 0 | G16: 0 | H16: 0 | I16: 0 | J16: 0 | K16: 0 | L16: 0 | M16: 0 | N16: 0 | O16: =SUM(C16:N16) -> 0
A17: JUMLAH | C17: =SUM(C9:C16) -> 18 | D17: =SUM(D9:D16) -> 0 | E17: =SUM(E9:E16) -> 0 | F17: =SUM(F9:F16) -> 0 | G17: =SUM(G9:G16) -> 0 | H17: =SUM(H9:H16) -> 0 | I17: =SUM(I9:I16) -> 0 | J17: =SUM(J9:J16) -> 0 | ... O17: =SUM(O9:O16) -> 18
A35: DATA LUAS PANEN PADI (DARAT) PER BULAN
A36: KOTA CILEGON TAHUN 2017
O38: (Ha)
A39: No | B39: Kecamatan | C39: Bulan | O39: Jumlah
C40: Jan | D40: Feb | E40: Maret | F40: Apr | G40: Mei | H40: Juni | I40: Juli | J40: Agst | K40: Sept | L40: Okt | M40: Nov | N40: Des
A41: 1 | B41: 2 | C41: 3 | D41: 4 | E41: 5 | F41: 6 | G41: 7 | H41: 8 | I41: 9 | J41: 10 | K41: 11 | L41: 12 | M41: 13 | N41: 14 | O41: 15
A42: 1 | B42: CIWANDAN | C42: 0 | D42: 0 | E42: 0 | F42: 0 | G42: 0 | H42: 0 | I42: 0 | J42: 0 | K42: 0 | L42: 0 | M42: 0 | N42: 0 | O42: =SUM(C42:N42) -> 0
A43: 2 | B43: CITANGKIL | C43: 0 | D43: 0 | E43: 0 | F43: 0 | G43: 0 | H43: 0 | I43: 0 | J43: 0 | K43: 0 | L43: 0 | M43: 0 | N43: 0 | O43: =SUM(C43:N43) -> 0
A44: 3 | B44: PULOMERAK | C44: 0 | D44: 35 | E44: 29 | F44: 18 | G44: 0 | H44: 0 | I44: 0 | J44: 0 | K44: 0 | L44: 0 | M44: 0 | N44: 0 | O44: =SUM(C44:N44) -> 82
A45: 4 | B45: PURWAKARTA | C45: 0 | D45: 0 | E45: 0 | F45: 0 | G45: 0 | H45: 0 | I45: 0 | J45: 0 | K45: 0 | L45: 0 | M45: 0 | N45: 0 | O45: =SUM(C45:N45) -> 0
A46: 5 | B46: GROGOL | C46: 0 | D46: 0 | E46: 0 | F46: 0 | G46: 0 | H46: 0 | I46: 0 | J46: 0 | K46: 0 | L46: 0 | M46: 0 | N46: 0 | O46: =SUM(C46:N46) -> 0
A47: 6 | B47: CILEGON | C47: 0 | D47: 0 | E47: 0 | F47: 0 | G47: 0 | H47: 0 | I47: 0 | J47: 0 | K47: 0 | L47: 0 | M47: 0 | N47: 0 | O47: =SUM(C47:N47) -> 0
A48: 7 | B48: JOMBANG | C48: 0 | D48: 0 | E48: 0 | F48: 0 | G48: 0 | H48: 0 | I48: 0 | J48: 0 | K48: 0 | L48: 0 | M48: 0 | N48: 0 | O48: =SUM(C48:N48) -> 0
A49: 8 | B49: CIBEBER | C49: 0 | D49: 0 | E49: 0 | F49: 0 | G49: 0 | H49: 0 | I49: 0 | J49: 0 | K49: 0 | L49: 0 | M49: 0 | N49: 0 | O49: =SUM(C49:N49) -> 0
A50: JUMLAH | C50: =SUM(C42:C49) -> 0 | D50: =SUM(D42:D49) -> 35 | E50: =SUM(E42:E49) -> 29 | F50: =SUM(F42:F49) -> 18 | G50: =SUM(G42:G49) -> 0 | H50: =SUM(H42:H49) -> 0 | I50: =SUM(I42:I49) -> 0 | J50: =SUM(J42:J49) -> 0 | ... O50: =SUM(O42:O49) -> 82
A68: DATA PRODUKSI PADI (DARAT) PER BULAN
A69: KOTA CILEGON TAHUN 2017
O71: (Ton)
A72: No | B72: Kecamatan | C72: Bulan | O72: Jumlah
C73: Jan | D73: Feb | E73: Maret | F73: Apr | G73: Mei | H73: Juni | I73: Juli | J73: Agst | K73: Sept | L73: Okt | M73: Nov | N73: Des
A74: 1 | B74: 2 | C74: 3 | D74: 4 | E74: 5 | F74: 6 | G74: 7 | H74: 8 | I74: 9 | J74: 10 | K74: 11 | L74: 12 | M74: 13 | N74: 14 | O74: 15
A75: 1 | B75: CIWANDAN | C75: 0 | D75: 0 | E75: 0 | F75: 0 | G75: 0 | H75: 0 | I75: 0 | J75: 0 | K75: 0 | L75: 0 | M75: 0 | N75: 0 | O75: =SUM(C75:N75) -> 0
A76: 2 | B76: CITANGKIL | C76: 0 | D76: 0 | E76: 0 | F76: 0 | G76: 0 | H76: 0 | I76: 0 | J76: 0 | K76: 0 | L76: 0 | M76: 0 | N76: 0 | O76: =SUM(C76:N76) -> 0
A77: 3 | B77: PULOMERAK | C77: 0 | D77: 123 | E77: 116 | F77: 72 | G77: 0 | H77: 0 | I77: 0 | J77: 0 | K77: 0 | L77: 0 | M77: 0 | N77: 0 | O77: =SUM(C77:N77) -> 311
A78: 4 | B78: PURWAKARTA | C78: 0 | D78: 0 | E78: 0 | F78: 0 | G78: 0 | H78: 0 | I78: 0 | J78: 0 | K78: 0 | L78: 0 | M78: 0 | N78: 0 | O78: =SUM(C78:N78) -> 0
A79: 5 | B79: GROGOL | C79: 0 | D79: 0 | E79: 0 | F79: 0 | G79: 0 | H79: 0 | I79: 0 | J79: 0 | K79: 0 | L79: 0 | M79: 0 | N79: 0 | O79: =SUM(C79:N79) -> 0
A80: 6 | B80: CILEGON | C80: 0 | D80: 0 | E80: 0 | F80: 0 | G80: 0 | H80: 0 | I80: 0 | J80: 0 | K80: 0 | L80: 0 | M80: 0 | N80: 0 | O80: =SUM(C80:N80) -> 0
A81: 7 | B81: JOMBANG | C81: 0 | D81: 0 | E81: 0 | F81: 0 | G81: 0 | H81: 0 | I81: 0 | J81: 0 | K81: 0 | L81: 0 | M81: 0 | N81: 0 | O81: =SUM(C81:N81) -> 0
A82: 8 | B82: CIBEBER | C82: 0 | D82: 0 | E82: 0 | F82: 0 | G82: 0 | H82: 0 | I82: 0 | J82: 0 | K82: 0 | L82: 0 | M82: 0 | N82: 0 | O82: =SUM(C82:N82) -> 0
A83: JUMLAH | C83: =SUM(C75:C82) -> 0 | D83: =SUM(D75:D82) -> 123 | E83: =SUM(E75:E82) -> 116 | F83: =SUM(F75:F82) -> 72 | G83: =SUM(G75:G82) -> 0 | H83: =SUM(H75:H82) -> 0 | I83: =SUM(I75:I82) -> 0 | J83: =SUM(J75:J82) -> 0 | ... O83: =SUM(O75:O82) -> 311
A101: DATA PRODUKTIVITAS PADI (DARAT) PER BULAN
A102: KOTA CILEGON TAHUN 2017
O104: (Ku/Ha)
A105: No | B105: Kecamatan | C105: Bulan | O105: Jumlah
C106: Jan | D106: Feb | E106: Maret | F106: Apr | G106: Mei | H106: Juni | I106: Juli | J106: Agst | K106: Sept | L106: Okt | M106: Nov | N106: Des
A107: 1 | B107: 2 | C107: 3 | D107: 4 | E107: 5 | F107: 6 | G107: 7 | H107: 8 | I107: 9 | J107: 10 | K107: 11 | L107: 12 | M107: 13 | N107: 14 | O107: 15
A108: 1 | B108: CIWANDAN | C108: 0 | D108: 0 | E108: 0 | F108: 0 | G108: 0 | H108: 0 | I108: 0 | J108: 0 | K108: 0 | L108: 0 | M108: 0 | N108: 0 | O108: =SUM(C108:N108) -> 0
A109: 2 | B109: CITANGKIL | C109: 0 | D109: 0 | E109: 0 | F109: 0 | G109: 0 | H109: 0 | I109: 0 | J109: 0 | K109: 0 | L109: 0 | M109: 0 | N109: 0 | O109: =SUM(C109:N109) -> 0
A110: 3 | B110: PULOMERAK | C110: 0 | D110: 35 | E110: 40.15 | F110: 40.25 | G110: 0 | H110: 0 | I110: 0 | J110: 0 | K110: 0 | L110: 0 | M110: 0 | N110: 0 | O110: =O77/O44*10 -> 37.926829
A111: 4 | B111: PURWAKARTA | C111: 0 | D111: 0 | E111: 0 | F111: 0 | G111: 0 | H111: 0 | I111: 0 | J111: 0 | K111: 0 | L111: 0 | M111: 0 | N111: 0 | O111: =SUM(C111:N111) -> 0
A112: 5 | B112: GROGOL | C112: 0 | D112: 0 | E112: 0 | F112: 0 | G112: 0 | H112: 0 | I112: 0 | J112: 0 | K112: 0 | L112: 0 | M112: 0 | N112: 0 | O112: =SUM(C112:N112) -> 0
A113: 6 | B113: CILEGON | C113: 0 | D113: 0 | E113: 0 | F113: 0 | G113: 0 | H113: 0 | I113: 0 | J113: 0 | K113: 0 | L113: 0 | M113: 0 | N113: 0 | O113: =SUM(C113:N113) -> 0
A114: 7 | B114: JOMBANG | C114: 0 | D114: 0 | E114: 0 | F114: 0 | G114: 0 | H114: 0 | I114: 0 | J114: 0 | K114: 0 | L114: 0 | M114: 0 | N114: 0 | O114: =SUM(C114:N114) -> 0
A115: 8 | B115: CIBEBER | C115: 0 | D115: 0 | E115: 0 | F115: 0 | G115: 0 | H115: 0 | I115: 0 | J115: 0 | K115: 0 | L115: 0 | M115: 0 | N115: 0 | O115: =SUM(C115:N115) -> 0
A116: JUMLAH | C116: =SUM(C108:C115) -> 0 | D116: =SUM(D108:D115) -> 35 | E116: =SUM(E108:E115) -> 40.15 | F116: =SUM(F108:F115) -> 40.25 | G116: =SUM(G108:G115) -> 0 | H116: =SUM(H108:H115) -> 0 | I116: =SUM(I108:I115) -> 0 | J116: =SUM(J108:J115) -> 0 | ... O116: =SUM(O108:O115) -> 37.926829
K119: Kepala Dinas Ketahanan Pangan dan Pertanian
K120: Kota Cilegon
K124: Ir. Wawan Hermawan, MM
K125: NIP. 19600110 198603 1 012

Sheet jagung
A2: DATA LUAS TANAM JAGUNG PER BULAN
A3: KOTA CILEGON TAHUN 2017
O5: (Ha)
A6: No | B6: Kecamatan | C6: Bulan | O6: Jumlah
C7: Jan | D7: Feb | E7: Maret | F7: Apr | G7: Mei | H7: Juni | I7: Juli | J7: Agst | K7: Sept | L7: Okt | M7: Nov | N7: Des
A8: 1 | B8: 2 | C8: 3 | D8: 4 | E8: 5 | F8: 6 | G8: 7 | H8: 8 | I8: 9 | J8: 10 | K8: 11 | L8: 12 | M8: 13 | N8: 14 | O8: 15
A9: 1 | B9: CIWANDAN | C9: 0 | D9: 0 | E9: 0 | F9: 0 | G9: 0 | H9: 0 | I9: 0 | J9: 0 | K9: 0 | L9: 1 | M9: 6 | N9: 40 | O9: =SUM(C9:N9) -> 47 | P9: =SUM(I9:K9) -> 0
A10: 2 | B10: CITANGKIL | C10: 0 | D10: 0 | E10: 0 | F10: 0 | G10: 0 | H10: 0 | I10: 0 | J10: 1 | K10: 0 | L10: 0 | M10: 2 | N10: 24 | O10: =SUM(C10:N10) -> 27 | P10: =SUM(I10:K10) -> 1
A11: 3 | B11: PULOMERAK | C11: 0 | D11: 0 | E11: 0 | F11: 0 | G11: 0 | H11: 0 | I11: 0 | J11: 0 | K11: 0 | L11: 20 | M11: 0 | N11: 50 | O11: =SUM(C11:N11) -> 70 | P11: =SUM(I11:K11) -> 0
A12: 4 | B12: PURWAKARTA | C12: 0 | D12: 0 | E12: 0 | F12: 0 | G12: 0 | H12: 0 | I12: 0 | J12: 0 | K12: 2 | L12: 1 | M12: 1 | N12: 2 | O12: =SUM(C12:N12) -> 6 | P12: =SUM(I12:K12) -> 2
A13: 5 | B13: GROGOL | C13: 0 | D13: 0 | E13: 0 | F13: 0 | G13: 2 | H13: 0 | I13: 6 | J13: 2 | K13: 0 | L13: 0 | M13: 2 | N13: 25 | O13: =SUM(C13:N13) -> 37 | P13: =SUM(I13:K13) -> 8
A14: 6 | B14: CILEGON | C14: 0 | D14: 0 | E14: 0 | F14: 0 | G14: 0 | H14: 0 | I14: 0 | J14: 0 | K14: 0 | L14: 5 | M14: 2 | N14: 8 | O14: =SUM(C14:N14) -> 15 | P14: =SUM(I14:K14) -> 0
A15: 7 | B15: JOMBANG | C15: 0 | D15: 0 | E15: 0 | F15: 0 | G15: 0 | H15: 0 | I15: 0 | J15: 0 | K15: 0 | L15: 0 | M15: 3 | N15: 0 | O15: =SUM(C15:N15) -> 3 | P15: =SUM(I15:K15) -> 0
A16: 8 | B16: CIBEBER | C16: 1 | D16: 1 | E16: 0 | F16: 0 | G16: 1 | H16: 0 | I16: 0 | J16: 0 | K16: 0 | L16: 0 | M16: 5 | N16: 16 | O16: =SUM(C16:N16) -> 24 | P16: =SUM(I16:K16) -> 0
A17: JUMLAH | C17: =SUM(C9:C16) -> 1 | D17: =SUM(D9:D16) -> 1 | E17: =SUM(E9:E16) -> 0 | F17: =SUM(F9:F16) -> 0 | G17: =SUM(G9:G16) -> 3 | H17: =SUM(H9:H16) -> 0 | I17: =SUM(I9:I16) -> 6 | J17: =SUM(J9:J16) -> 3 | ... P17: =SUM(P9:P16) -> 11
N19: =SUM(L17:N17) -> 213
A35: DATA LUAS PANEN JAGUNG PER BULAN
A36: KOTA CILEGON TAHUN 2017
O38: (Ha)
A39: No | B39: Kecamatan | C39: Bulan | O39: Jumlah
C40: Jan | D40: Feb | E40: Maret | F40: Apr | G40: Mei | H40: Juni | I40: Juli | J40: Agst | K40: Sept | L40: Okt | M40: Nov | N40: Des
A41: 1 | B41: 2 | C41: 3 | D41: 4 | E41: 5 | F41: 6 | G41: 7 | H41: 8 | I41: 9 | J41: 10 | K41: 11 | L41: 12 | M41: 13 | N41: 14 | O41: 15
A42: 1 | B42: CIWANDAN | C42: 1* | D42: 0 | E42: 0 | F42: 0 | G42: 0 | H42: 0 | I42: 0 | J42: 0 | K42: 0 | L42: 0 | M42: 0 | N42: 0 | O42: 1 | P42: 1
A43: 2 | B43: CITANGKIL | C43: 1* | D43: 0 | E43: 0 | F43: 0 | G43: 0 | H43: 0 | I43: 0 | J43: 0 | K43: 0 | L43: 1* | M43: 0 | N43: 0 | O43: 2 | P43: 1
A44: 3 | B44: PULOMERAK | C44: 0 | D44: 45* | E44: 5 | F44: 0 | G44: 0 | H44: 0 | I44: 0 | J44: 0 | K44: 0 | L44: 0 | M44: 0 | N44: 0 | O44: 50 | P44: 50
A45: 4 | B45: PURWAKARTA | C45: 0 | D45: 1 | E45: 0 | F45: 0 | G45: 0 | H45: 0 | I45: 0 | J45: 0 | K45: 0 | L45: 0 | M45: 0 | N45: 1 | O45: =SUM(C45:N45) -> 2 | P45: 2
A46: 5 | B46: GROGOL | C46: 0 | D46: 0 | E46: 0 | F46: 0 | G46: 0 | H46: 0 | I46: 0 | J46: 2 | K46: 0 | L46: 8 | M46: 0 | N46: 0 | O46: =SUM(C46:N46) -> 10 | P46: 0
A47: 6 | B47: CILEGON | C47: 0 | D47: 0 | E47: 0 | F47: 0 | G47: 0 | H47: 0 | I47: 0 | J47: 0 | K47: 0 | L47: 0 | M47: 0 | N47: 0 | O47: =SUM(C47:N47) -> 0 | P47: 0
A48: 7 | B48: JOMBANG | C48: 0 | D48: 0 | E48: 0 | F48: 0 | G48: 0 | H48: 0 | I48: 0 | J48: 0 | K48: 0 | L48: 0 | M48: 0 | N48: 0 | O48: =SUM(C48:N48) -> 0 | P48: 0
A49: 8 | B49: CIBEBER | C49: 0 | D49: 1* | E49: 0 | F49: 1 | G49: 0 | H49: 1* | I49: 0 | J49: 0 | K49: 0 | L49: 0 | M49: 0 | N49: 0 | O49: 3 | P49: 2
A50: JUMLAH | C50: 2 | D50: 47 | E50: =SUM(E42:E49) -> 5 | F50: =SUM(F42:F49) -> 1 | G50: =SUM(G42:G49) -> 0 | H50: 1* | I50: =SUM(I42:I49) -> 0 | J50: =SUM(J42:J49) -> 2 | K50: =SUM(K42:K49) -> 0 | L50: 9 | M50: =SUM(M42:M49) -> 0 | N50: =SUM(N42:N49) -> 1 | O50: =SUM(O42:O49) -> 68 | P50: =SUM(P42:P49) -> 56
C51: =SUM(C42:C49) -> 0 | D51: =SUM(D42:D49) -> 1 | E51: =SUM(E42:E49) -> 5 | F51: =SUM(F42:F49) -> 1 | G51: =SUM(G42:G49) -> 0 | H51: =SUM(H42:H49) -> 0 | I51: =SUM(I42:I49) -> 0 | J51: =SUM(J42:J49) -> 2 | ... N51: =SUM(N42:N49) -> 1 | O51: =SUM(C51:N51) -> 18
A52: Ket : * : Panen Muda
A68: DATA PRODUKSI JAGUNG PER BULAN
A69: KOTA CILEGON TAHUN 2017
O71: (Ton)
A72: No | B72: Kecamatan | C72: Bulan | O72: Jumlah
C73: Jan | D73: Feb | E73: Maret | F73: Apr | G73: Mei | H73: Juni | I73: Juli | J73: Agst | K73: Sept | L73: Okt | M73: Nov | N73: Des
A74: 1 | B74: 2 | C74: 3 | D74: 4 | E74: 5 | F74: 6 | G74: 7 | H74: 8 | I74: 9 | J74: 10 | K74: 11 | L74: 12 | M74: 13 | N74: 14 | O74: 15
A75: 1 | B75: CIWANDAN | C75: 0 | D75: 0 | E75: 0 | F75: 0 | G75: 0 | H75: 0 | I75: 0 | J75: 0 | K75: 0 | L75: 0 | M75: 0 | N75: 0 | O75: =SUM(C75:N75) -> 0 | Q75: =O75*3000 -> 0
A76: 2 | B76: CITANGKIL | C76: 0 | D76: 0 | E76: 0 | F76: 0 | G76: 0 | H76: 0 | I76: 0 | J76: 0 | K76: 0 | L76: 0 | M76: 0 | N76: 0 | O76: =SUM(C76:N76) -> 0 | Q76: =O76*3000 -> 0
A77: 3 | B77: PULOMERAK | C77: 0 | D77: 0 | E77: 15 | F77: 0 | G77: 0 | H77: 0 | I77: 0 | J77: 0 | K77: 0 | L77: 0 | M77: 0 | N77: 0 | O77: =SUM(C77:N77) -> 15 | Q77: =O77*3000 -> 45000
A78: 4 | B78: PURWAKARTA | C78: 0 | D78: 3 | E78: 0 | F78: 0 | G78: 0 | H78: 0 | I78: 0 | J78: 0 | K78: 0 | L78: 0 | M78: 0 | N78: 3 | O78: =SUM(C78:N78) -> 6 | Q78: =O78*3000 -> 18000
A79: 5 | B79: GROGOL | C79: 0 | D79: 0 | E79: 0 | F79: 0 | G79: 0 | H79: 0 | I79: 0 | J79: 6.6 | K79: 0 | L79: 28 | M79: 0 | N79: 0 | O79: =SUM(C79:N79) -> 34.6 | Q79: =O79*3000 -> 103800
A80: 6 | B80: CILEGON | C80: 0 | D80: 0 | E80: 0 | F80: 0 | G80: 0 | H80: 0 | I80: 0 | J80: 0 | K80: 0 | L80: 0 | M80: 0 | N80: 0 | O80: =SUM(C80:N80) -> 0 | Q80: =O80*3000 -> 0
A81: 7 | B81: JOMBANG | C81: 0 | D81: 0 | E81: 0 | F81: 0 | G81: 0 | H81: 0 | I81: 0 | J81: 0 | K81: 0 | L81: 0 | M81: 0 | N81: 0 | O81: =SUM(C81:N81) -> 0 | Q81: =O81*3000 -> 0
A82: 8 | B82: CIBEBER | C82: 0 | D82: 0 | E82: 0 | F82: 3 | G82: 0 | H82: 0 | I82: 0 | J82: 0 | K82: 0 | L82: 0 | M82: 0 | N82: 0 | O82: =SUM(C82:N82) -> 3 | Q82: =O82*3000 -> 9000
A83: JUMLAH | C83: =SUM(C75:C82) -> 0 | D83: =SUM(D75:D82) -> 3 | E83: =SUM(E75:E82) -> 15 | F83: =SUM(F75:F82) -> 3 | G83: =SUM(G75:G82) -> 0 | H83: =SUM(H75:H82) -> 0 | I83: =SUM(I75:I82) -> 0 | J83: =SUM(J75:J82) -> 6.6 | ... O83: =SUM(O75:O82) -> 58.6
A101: DATA PRODUKTIVITAS JAGUNG PER BULAN
A102: KOTA CILEGON TAHUN 2017
O104: (Ku/Ha)
A105: No | B105: Kecamatan | C105: Bulan | O105: Jumlah
C106: Jan | D106: Feb | E106: Maret | F106: Apr | G106: Mei | H106: Juni | I106: Juli | J106: Agst | K106: Sept | L106: Okt | M106: Nov | N106: Des
A107: 1 | B107: 2 | C107: 3 | D107: 4 | E107: 5 | F107: 6 | G107: 7 | H107: 8 | I107: 9 | J107: 10 | K107: 11 | L107: 12 | M107: 13 | N107: 14 | O107: 15
A108: 1 | B108: CIWANDAN | C108: 0 | D108: 0 | E108: 0 | F108: 0 | G108: 0 | H108: 0 | I108: 0 | J108: 0 | K108: 0 | L108: 0 | M108: 0 | N108: 0 | O108: 0
A109: 2 | B109: CITANGKIL | C109: 0 | D109: 0 | E109: 0 | F109: 0 | G109: 0 | H109: 0 | I109: 0 | J109: 0 | K109: 0 | L109: 0 | M109: 0 | N109: 0 | O109: =SUM(C109:N109) -> 0
A110: 3 | B110: PULOMERAK | C110: 0 | D110: 0 | E110: 30.78 | F110: 0 | G110: 0 | H110: 0 | I110: 0 | J110: 0 | K110: 0 | L110: 0 | M110: 0 | N110: 0 | O110: =SUM(C110:N110) -> 30.78
A111: 4 | B111: PURWAKARTA | C111: 0 | D111: 31.2 | E111: 0 | F111: 0 | G111: 0 | H111: 0 | I111: 0 | J111: 0 | K111: 0 | L111: 0 | M111: 0 | N111: 30.15 | O111: =O78/O45*10 -> 30 | P111: =6/2*10 -> 30
A112: 5 | B112: GROGOL | C112: 0 | D112: 0 | E112: 0 | F112: 0 | G112: 0 | H112: 0 | I112: 0 | J112: 33.25 | K112: 0 | L112: 35 | M112: 0 | N112: 0 | O112: =O79/O46*10 -> 34.6
A113: 6 | B113: CILEGON | C113: 0 | D113: 0 | E113: 0 | F113: 0 | G113: 0 | H113: 0 | I113: 0 | J113: 0 | K113: 0 | L113: 0 | M113: 0 | N113: 0 | O113: =SUM(C113:N113) -> 0
A114: 7 | B114: JOMBANG | C114: 0 | D114: 0 | E114: 0 | F114: 0 | G114: 0 | H114: 0 | I114: 0 | J114: 0 | K114: 0 | L114: 0 | M114: 0 | N114: 0 | O114: =SUM(C114:N114) -> 0
A115: 8 | B115: CIBEBER | C115: 0 | D115: 0 | E115: 0 | F115: 29.3 | G115: 0 | H115: 0 | I115: 0 | J115: 0 | K115: 0 | L115: 0 | M115: 0 | N115: 0 | O115: =SUM(C115:N115) -> 29.3 | P115: =5/2*10 -> 25
A116: JUMLAH | C116: 0 | D116: =SUM(D108:D115) -> 31.2 | E116: =SUM(E108:E115) -> 30.78 | F116: =SUM(F108:F115) -> 29.3 | G116: =SUM(G108:G115) -> 0 | H116: =SUM(H108:H115) -> 0 | I116: =SUM(I108:I115) -> 0 | J116: =SUM(J108:J115) -> 33.25 | K116: =SUM(K108:K115)/2 -> 0 | L116: =SUM(L108:L115) -> 35 | M116: =SUM(M108:M115)/5 -> 0 | N116: =SUM(N108:N115) -> 30.15 | O116: =SUM(O108:O115)/4 -> 31.17 | P116: =O83/O50*10 -> 8.6176471
P117: =SUM(O108:O115)/3 -> 41.56
K119: Kepala Dinas Ketahanan Pangan dan Pertanian
K120: Kota Cilegon
K124: Ir. Wawan Hermawan, MM
K125: NIP. 19600110 198603 1 012

Sheet kedelai
A2: DATA LUAS TANAM KEDELAI PER BULAN
A3: KOTA CILEGON TAHUN 2017
O5: (Ha)
A6: No | B6: Kecamatan | C6: Bulan | O6: Jumlah
C7: Jan | D7: Feb | E7: Maret | F7: Apr | G7: Mei | H7: Juni | I7: Juli | J7: Agst | K7: Sept | L7: Okt | M7: Nov | N7: Des
A8: 1 | B8: 2 | C8: 3 | D8: 4 | E8: 5 | F8: 6 | G8: 7 | H8: 8 | I8: 9 | J8: 10 | K8: 11 | L8: 12 | M8: 13 | N8: 14 | O8: 15 | Q8: ok-nop
A9: 1 | B9: CIWANDAN | C9: 0 | D9: 0 | E9: 0 | F9: 0 | G9: 0 | H9: 0 | I9: 0 | J9: 0 | K9: 0 | L9: 0 | M9: 0 | N9: 0 | O9: =SUM(C9:N9) -> 0 | Q9: =SUM(L9:M9) -> 0
A10: 2 | B10: CITANGKIL | C10: 0 | D10: 0 | E10: 0 | F10: 0 | G10: 0 | H10: 0 | I10: 0 | J10: 0 | K10: 0 | L10: 0 | M10: 0 | N10: 0 | O10: =SUM(C10:N10) -> 0 | Q10: =SUM(L10:M10) -> 0
A11: 3 | B11: PULOMERAK | C11: 0 | D11: 0 | E11: 0 | F11: 0 | G11: 0 | H11: 0 | I11: 0 | J11: 0 | K11: 0 | L11: 0 | M11: 0 | N11: 0 | O11: =SUM(C11:N11) -> 0 | Q11: =SUM(L11:M11) -> 0
A12: 4 | B12: PURWAKARTA | C12: 0 | D12: 0 | E12: 0 | F12: 0 | G12: 0 | H12: 0 | I12: 0 | J12: 0 | K12: 0 | L12: 0 | M12: 0 | N12: 0 | O12: =SUM(C12:N12) -> 0 | Q12: =SUM(L12:M12) -> 0
A13: 5 | B13: GROGOL | C13: 0 | D13: 0 | E13: 0 | F13: 0 | G13: 0 | H13: 0 | I13: 0 | J13: 0 | K13: 0 | L13: 0 | M13: 0 | N13: 0 | O13: =SUM(C13:N13) -> 0 | Q13: =SUM(L13:M13) -> 0
A14: 6 | B14: CILEGON | C14: 0 | D14: 0 | E14: 0 | F14: 0 | G14: 0 | H14: 0 | I14: 0 | J14: 0 | K14: 0 | L14: 0 | M14: 0 | N14: 0 | O14: =SUM(C14:N14) -> 0 | Q14: =SUM(L14:M14) -> 0
A15: 7 | B15: JOMBANG | C15: 0 | D15: 0 | E15: 0 | F15: 0 | G15: 0 | H15: 0 | I15: 0 | J15: 0 | K15: 0 | L15: 0 | M15: 0 | N15: 0 | O15: =SUM(C15:N15) -> 0 | Q15: =SUM(L15:M15) -> 0
A16: 8 | B16: CIBEBER | C16: 0 | D16: 0 | E16: 0 | F16: 0 | G16: 0 | H16: 0 | I16: 0 | J16: 0 | K16: 0 | L16: 0 | M16: 0 | N16: 0 | O16: =SUM(C16:N16) -> 0 | Q16: =SUM(L16:M16) -> 0
A17: JUMLAH | C17: =SUM(C9:C16) -> 0 | D17: =SUM(D9:D16) -> 0 | E17: =SUM(E9:E16) -> 0 | F17: =SUM(F9:F16) -> 0 | G17: =SUM(G9:G16) -> 0 | H17: =SUM(H9:H16) -> 0 | I17: =SUM(I9:I16) -> 0 | J17: =SUM(J9:J16) -> 0 | ... O17: =SUM(O9:O16) -> 0
A35: DATA LUAS PANEN KEDELAI PER BULAN
A36: KOTA CILEGON TAHUN 2017
O38: (Ha)
A39: No | B39: Kecamatan | C39: Bulan | O39: Jumlah
C40: Jan | D40: Feb | E40: Maret | F40: Apr | G40: Mei | H40: Juni | I40: Juli | J40: Agst | K40: Sept | L40: Okt | M40: Nov | N40: Des
A41: 1 | B41: 2 | C41: 3 | D41: 4 | E41: 5 | F41: 6 | G41: 7 | H41: 8 | I41: 9 | J41: 10 | K41: 11 | L41: 12 | M41: 13 | N41: 14 | O41: 15
A42: 1 | B42: CIWANDAN | C42: 0 | D42: 0 | E42: 0 | F42: 0 | G42: 0 | H42: 0 | I42: 0 | J42: 0 | K42: 0 | L42: 0 | M42: 0 | N42: 0 | O42: =SUM(C42:N42) -> 0 | Q42: =SUM(C42:E42) -> 0
A43: 2 | B43: CITANGKIL | C43: 0 | D43: 0 | E43: 0 | F43: 0 | G43: 0 | H43: 0 | I43: 0 | J43: 0 | K43: 0 | L43: 0 | M43: 0 | N43: 0 | O43: =SUM(C43:N43) -> 0 | Q43: =SUM(C43:E43) -> 0
A44: 3 | B44: PULOMERAK | C44: 0 | D44: 0 | E44: 0 | F44: 0 | G44: 0 | H44: 0 | I44: 0 | J44: 0 | K44: 0 | L44: 0 | M44: 0 | N44: 0 | O44: =SUM(C44:N44) -> 0 | Q44: =SUM(C44:E44) -> 0
A45: 4 | B45: PURWAKARTA | C45: 0 | D45: 0 | E45: 0 | F45: 0 | G45: 0 | H45: 0 | I45: 0 | J45: 0 | K45: 0 | L45: 0 | M45: 0 | N45: 0 | O45: =SUM(C45:N45) -> 0 | Q45: =SUM(C45:E45) -> 0
A46: 5 | B46: GROGOL | C46: 0 | D46: 0 | E46: 0 | F46: 0 | G46: 0 | H46: 0 | I46: 0 | J46: 0 | K46: 0 | L46: 0 | M46: 0 | N46: 0 | O46: =SUM(C46:N46) -> 0 | Q46: =SUM(C46:E46) -> 0
A47: 6 | B47: CILEGON | C47: 0 | D47: 0 | E47: 0 | F47: 0 | G47: 0 | H47: 0 | I47: 0 | J47: 0 | K47: 0 | L47: 0 | M47: 0 | N47: 0 | O47: =SUM(C47:N47) -> 0 | Q47: =SUM(C47:E47) -> 0
A48: 7 | B48: JOMBANG | C48: 0 | D48: 0 | E48: 0 | F48: 0 | G48: 0 | H48: 0 | I48: 0 | J48: 0 | K48: 0 | L48: 0 | M48: 0 | N48: 0 | O48: =SUM(C48:N48) -> 0 | Q48: =SUM(C48:E48) -> 0
A49: 8 | B49: CIBEBER | C49: 0 | D49: 0 | E49: 0 | F49: 0 | G49: 0 | H49: 0 | I49: 0 | J49: 0 | K49: 0 | L49: 0 | M49: 0 | N49: 0 | O49: =SUM(C49:N49) -> 0 | P49: 15 | Q49: =SUM(C49:E49) -> 0
A50: JUMLAH | C50: =SUM(C42:C49) -> 0 | D50: =SUM(D42:D49) -> 0 | E50: =SUM(E42:E49) -> 0 | F50: =SUM(F42:F49) -> 0 | G50: =SUM(G42:G49) -> 0 | H50: =SUM(H42:H49) -> 0 | I50: =SUM(I42:I49) -> 0 | J50: =SUM(J42:J49) -> 0 | ... P50: =SUM(P42:P49) -> 15
A68: DATA PRODUKSI KEDELAI PER BULAN
A69: KOTA CILEGON TAHUN 2017
O71: (Ton)
A72: No | B72: Kecamatan | C72: Bulan | O72: Jumlah
C73: Jan | D73: Feb | E73: Maret | F73: Apr | G73: Mei | H73: Juni | I73: Juli | J73: Agst | K73: Sept | L73: Okt | M73: Nov | N73: Des
A74: 1 | B74: 2 | C74: 3 | D74: 4 | E74: 5 | F74: 6 | G74: 7 | H74: 8 | I74: 9 | J74: 10 | K74: 11 | L74: 12 | M74: 13 | N74: 14 | O74: 15
A75: 1 | B75: CIWANDAN | C75: 0 | D75: 0 | E75: 0 | F75: 0 | G75: 0 | H75: 0 | I75: 0 | J75: 0 | K75: 0 | L75: 0 | M75: 0 | N75: 0 | O75: =SUM(C75:N75) -> 0 | Q75: =SUM(C75:E75) -> 0
A76: 2 | B76: CITANGKIL | C76: 0 | D76: 0 | E76: 0 | F76: 0 | G76: 0 | H76: 0 | I76: 0 | J76: 0 | K76: 0 | L76: 0 | M76: 0 | N76: 0 | O76: =SUM(C76:N76) -> 0 | Q76: =SUM(C76:E76) -> 0
A77: 3 | B77: PULOMERAK | C77: 0 | D77: 0 | E77: 0 | F77: 0 | G77: 0 | H77: 0 | I77: 0 | J77: 0 | K77: 0 | L77: 0 | M77: 0 | N77: 0 | O77: =SUM(C77:N77) -> 0 | Q77: =SUM(C77:E77) -> 0
A78: 4 | B78: PURWAKARTA | C78: 0 | D78: 0 | E78: 0 | F78: 0 | G78: 0 | H78: 0 | I78: 0 | J78: 0 | K78: 0 | L78: 0 | M78: 0 | N78: 0 | O78: =SUM(C78:N78) -> 0 | Q78: =SUM(C78:E78) -> 0
A79: 5 | B79: GROGOL | C79: 0 | D79: 0 | E79: 0 | F79: 0 | G79: 0 | H79: 0 | I79: 0 | J79: 0 | K79: 0 | L79: 0 | M79: 0 | N79: 0 | O79: =SUM(C79:N79) -> 0 | Q79: =SUM(C79:E79) -> 0
A80: 6 | B80: CILEGON | C80: 0 | D80: 0 | E80: 0 | F80: 0 | G80: 0 | H80: 0 | I80: 0 | J80: 0 | K80: 0 | L80: 0 | M80: 0 | N80: 0 | O80: =SUM(C80:N80) -> 0 | Q80: =SUM(C80:E80) -> 0
A81: 7 | B81: JOMBANG | C81: 0 | D81: 0 | E81: 0 | F81: 0 | G81: 0 | H81: 0 | I81: 0 | J81: 0 | K81: 0 | L81: 0 | M81: 0 | N81: 0 | O81: =SUM(C81:N81) -> 0 | Q81: =SUM(C81:E81) -> 0
A82: 8 | B82: CIBEBER | C82: 0 | D82: 0 | E82: 0 | F82: 0 | G82: 0 | H82: 0 | I82: 0 | J82: 0 | K82: 0 | L82: 0 | M82: 0 | N82: 0 | O82: =SUM(C82:N82) -> 0 | Q82: =SUM(C82:E82) -> 0
A83: JUMLAH | C83: =SUM(C75:C82) -> 0 | D83: =SUM(D75:D82) -> 0 | E83: =SUM(E75:E82) -> 0 | F83: =SUM(F75:F82) -> 0 | G83: =SUM(G75:G82) -> 0 | H83: =SUM(H75:H82) -> 0 | I83: =SUM(I75:I82) -> 0 | J83: =SUM(J75:J82) -> 0 | ... O83: =SUM(O75:O82) -> 0
A101: DATA PRODUKTIVITAS KEDELAI PER BULAN
A102: KOTA CILEGON TAHUN 2017
O104: (Ku/Ha)
A105: No | B105: Kecamatan | C105: Bulan | O105: Jumlah
C106: Jan | D106: Feb | E106: Maret | F106: Apr | G106: Mei | H106: Juni | I106: Juli | J106: Agst | K106: Sept | L106: Okt | M106: Nov | N106: Des
A107: 1 | B107: 2 | C107: 3 | D107: 4 | E107: 5 | F107: 6 | G107: 7 | H107: 8 | I107: 9 | J107: 10 | K107: 11 | L107: 12 | M107: 13 | N107: 14 | O107: 15
A108: 1 | B108: CIWANDAN | C108: 0 | D108: 0 | E108: 0 | F108: 0 | G108: 0 | H108: 0 | I108: 0 | J108: 0 | K108: 0 | L108: 0 | M108: 0 | N108: 0 | O108: 0
A109: 2 | B109: CITANGKIL | C109: 0 | D109: 0 | E109: 0 | F109: 0 | G109: 0 | H109: 0 | I109: 0 | J109: 0 | K109: 0 | L109: 0 | M109: 0 | N109: 0 | O109: 0
A110: 3 | B110: PULOMERAK | C110: 0 | D110: 0 | E110: 0 | F110: 0 | G110: 0 | H110: 0 | I110: 0 | J110: 0 | K110: 0 | L110: 0 | M110: 0 | N110: 0 | O110: 0
A111: 4 | B111: PURWAKARTA | C111: 0 | D111: 0 | E111: 0 | F111: 0 | G111: 0 | H111: 0 | I111: 0 | J111: 0 | K111: 0 | L111: 0 | M111: 0 | N111: 0 | O111: 0
A112: 5 | B112: GROGOL | C112: 0 | D112: 0 | E112: 0 | F112: 0 | G112: 0 | H112: 0 | I112: 0 | J112: 0 | K112: 0 | L112: 0 | M112: 0 | N112: 0 | O112: 0
A113: 6 | B113: CILEGON | C113: 0 | D113: 0 | E113: 0 | F113: 0 | G113: 0 | H113: 0 | I113: 0 | J113: 0 | K113: 0 | L113: 0 | M113: 0 | N113: 0 | O113: 0
A114: 7 | B114: JOMBANG | C114: 0 | D114: 0 | E114: 0 | F114: 0 | G114: 0 | H114: 0 | I114: 0 | J114: 0 | K114: 0 | L114: 0 | M114: 0 | N114: 0 | O114: 0
A115: 8 | B115: CIBEBER | C115: 0 | D115: 0 | E115: 0 | F115: 0 | G115: 0 | H115: 0 | I115: 0 | J115: 0 | K115: 0 | L115: 0 | M115: 0 | N115: 0 | O115: 0
A116: JUMLAH | C116: 0 | D116: =SUM(D108:D115) -> 0 | E116: =SUM(E108:E115) -> 0 | F116: =SUM(F108:F115) -> 0 | G116: =SUM(G108:G115) -> 0 | H116: =SUM(H108:H115) -> 0 | I116: =SUM(I108:I115) -> 0 | J116: =SUM(J108:J115) -> 0 | K116: =SUM(K108:K115) -> 0 | ... O116: =SUM(O108:O115) -> 0
K119: Kepala Dinas Ketahanan Pangan dan Pertanian
K120: Kota Cilegon
K124: Ir. Wawan Hermawan, MM
K125: NIP. 19600110 198603 1 012

Sheet kc tanah
A2: DATA LUAS TANAM KACANG TANAH PER BULAN
A3: KOTA CILEGON TAHUN 2017
O5: (Ha)
A6: No | B6: Kecamatan | C6: Bulan | O6: Jumlah
C7: Jan | D7: Feb | E7: Maret | F7: Apr | G7: Mei | H7: Juni | I7: Juli | J7: Agst | K7: Sept | L7: Okt | M7: Nov | N7: Des
A8: 1 | B8: 2 | C8: 3 | D8: 4 | E8: 5 | F8: 6 | G8: 7 | H8: 8 | I8: 9 | J8: 10 | K8: 11 | L8: 12 | M8: 13 | N8: 14 | O8: 15
A9: 1 | B9: CIWANDAN | C9: 0 | D9: 185 | E9: 0 | F9: 0 | H9: 0 | I9: 0 | J9: 0 | K9: 0 | L9: 0 | M9: 50 | N9: 0 | O9: =SUM(C9:N9) -> 235 | P9: =SUM(I9:K9) -> 0 | Q9: =SUM(F9:K9) -> 0
A10: 2 | B10: CITANGKIL | C10: 25 | D10: 85 | E10: 0 | F10: 0 | G10: 0 | H10: 0 | I10: 0 | J10: 0 | K10: 0 | L10: 2 | M10: 3 | N10: 181 | O10: =SUM(C10:N10) -> 296 | P10: =SUM(I10:K10) -> 0 | Q10: =SUM(F10:K10) -> 0
A11: 3 | B11: PULOMERAK | C11: 0 | D11: 257 | E11: 0.5 | F11: 6 | G11: 3 | H11: 6 | I11: 0 | J11: 0 | K11: 5 | L11: 0 | M11: 0 | N11: 250 | O11: =SUM(C11:N11) -> 527.5 | P11: =SUM(I11:K11) -> 5 | Q11: =SUM(F11:K11) -> 20
A12: 4 | B12: PURWAKARTA | C12: 167 | D12: 0 | E12: 5 | F12: 0 | G12: 10 | H12: 5 | I12: 10 | J12: 0 | K12: 5 | L12: 0 | M12: 25 | N12: 18 | O12: =SUM(C12:N12) -> 245 | P12: =SUM(I12:K12) -> 15 | Q12: =SUM(F12:K12) -> 30
A13: 5 | B13: GROGOL | C13: 0 | D13: 83 | E13: 25 | F13: 0 | G13: 0 | H13: 0 | I13: 0 | J13: 0 | K13: 2 | L13: 0 | M13: 2 | N13: 278 | O13: =SUM(C13:N13) -> 390 | P13: =SUM(I13:K13) -> 2 | Q13: =SUM(F13:K13) -> 2
A14: 6 | B14: CILEGON | C14: 0 | D14: 0 | E14: 50 | F14: 0 | G14: 0 | H14: 40 | I14: 0 | J14: 0 | K14: 0 | L14: 5 | M14: 30 | N14: 45 | O14: =SUM(C14:N14) -> 170 | P14: =SUM(I14:K14) -> 0 | Q14: =SUM(F14:K14) -> 40
A15: 7 | B15: JOMBANG | C15: 1 | D15: 1 | E15: 0 | F15: 0 | G15: 0 | H15: 0 | I15: 0 | J15: 0 | K15: 0 | L15: 0 | M15: 0 | N15: 0 | O15: =SUM(C15:N15) -> 2 | P15: =SUM(I15:K15) -> 0 | Q15: =SUM(F15:K15) -> 0
A16: 8 | B16: CIBEBER | C16: 235 | D16: 45 | E16: 0 | F16: 25 | G16: 114 | H16: 0 | I16: 42 | J16: 0 | K16: 4 | L16: 5 | M16: 16 | N16: 10 | O16: =SUM(C16:N16) -> 496 | P16: =SUM(I16:K16) -> 46 | Q16: =SUM(F16:K16) -> 185
A17: JUMLAH | C17: =SUM(C9:C16) -> 428 | D17: =SUM(D9:D16) -> 656 | E17: =SUM(E9:E16) -> 80.5 | F17: =SUM(F9:F16) -> 31 | G17: =SUM(G9:G16) -> 127 | H17: =SUM(H9:H16) -> 51 | I17: =SUM(I9:I16) -> 52 | J17: =SUM(J9:J16) -> 0 | ... P17: =SUM(P9:P16) -> 68 | Q17: =SUM(I9:K9) -> 0
J19: =SUM(C17:J17) -> 1425.5 | K19: =SUM(C17:K17) -> 1441.5
A35: DATA LUAS PANEN KACANG TANAH PER BULAN
A36: KOTA CILEGON TAHUN 2017
O38: (Ha)
A39: No | B39: Kecamatan | C39: Bulan | O39: Jumlah
C40: Jan | D40: Feb | E40: Maret | F40: Apr | G40: Mei | H40: Juni | I40: Juli | J40: Agst | K40: Sept | L40: Okt | M40: Nov | N40: Des
A41: 1 | B41: 2 | C41: 3 | D41: 4 | E41: 5 | F41: 6 | G41: 7 | H41: 8 | I41: 9 | J41: 10 | K41: 11 | L41: 12 | M41: 13 | N41: 14 | O41: 15
A42: 1 | B42: CIWANDAN | C42: 126 | D42: 35 | F42: 185 | G42: 0 | H42: 0 | I42: 0 | J42: 0 | K42: 0 | L42: 0 | M42: 0 | N42: 0 | O42: =SUM(C42:N42) -> 346 | Q42: =SUM(F42:K42) -> 185
A43: 2 | B43: CITANGKIL | C43: 122 | D43: 64 | E43: 0 | F43: 25 | G43: 85 | H43: 0 | I43: 0 | J43: 0 | K43: 0 | L43: 0 | M43: 0 | N43: 0 | O43: =SUM(C43:N43) -> 296 | Q43: =SUM(F43:K43) -> 110
A44: 3 | B44: PULOMERAK | C44: 0 | D44: 305 | E44: 200 | F44: 57 | G44: 0.5 | H44: 0 | I44: 0 | J44: 15 | K44: 0 | L44: 0 | M44: 0 | N44: 0 | O44: =SUM(C44:N44) -> 577.5 | Q44: =SUM(F44:K44) -> 72.5
A45: 4 | B45: PURWAKARTA | C45: 0 | D45: 21 | E45: 0 | F45: 167 | G45: 5 | H45: 0 | I45: 5 | J45: 10 | K45: 0 | L45: 0 | M45: 10 | N45: 10 | O45: =SUM(C45:N45) -> 228 | Q45: =SUM(F45:K45) -> 187
A46: 5 | B46: GROGOL | C46: 178 | D46: 52 | E46: 48 | F46: 70 | G46: 38 | H46: 0 | I46: 0 | J46: 0 | K46: 0 | L46: 0 | M46: 0 | N46: 0 | O46: =SUM(C46:N46) -> 386 | Q46: =SUM(F46:K46) -> 108
A47: 6 | B47: CILEGON | C47: 0 | D47: 15 | E47: 0 | F47: 0 | G47: 5 | H47: 45 | I47: 0 | J47: 40 | K47: 0 | L47: 0 | M47: 0 | N47: 0 | O47: =SUM(C47:N47) -> 105 | Q47: =SUM(F47:K47) -> 90
A48: 7 | B48: JOMBANG | C48: 0 | D48: 0 | E48: 1 | F48: 1 | G48: 0 | H48: 0 | I48: 0 | J48: 0 | K48: 0 | L48: 0 | M48: 0 | N48: 0 | O48: =SUM(C48:N48) -> 2 | Q48: =SUM(F48:K48) -> 1
A49: 8 | B49: CIBEBER | C49: 35 | D49: 85 | E49: 0 | F49: 200 | G49: 45 | H49: 0 | I49: 139 | J49: 0 | K49: 0 | L49: 0 | M49: 42 | N49: 42 | O49: =SUM(C49:N49) -> 588 | Q49: =SUM(F49:K49) -> 384
A50: JUMLAH | C50: =SUM(C42:C49) -> 461 | D50: =SUM(D42:D49) -> 577 | E50: =SUM(E42:E49) -> 249 | F50: =SUM(F42:F49) -> 705 | G50: =SUM(G42:G49) -> 178.5 | H50: =SUM(H42:H49) -> 45 | I50: =SUM(I42:I49) -> 144 | J50: =SUM(J42:J49) -> 65 | ... O50: =SUM(O42:O49) -> 2528.5 | Q50: =SUM(F50:K50) -> 1137.5
A68: DATA PRODUKSI KACANG TANAH PER BULAN
A69: KOTA CILEGON TAHUN 2017
O71: (Ton)
A72: No | B72: Kecamatan | C72: Bulan | O72: Jumlah
C73: Jan | D73: Feb | E73: Maret | F73: Apr | G73: Mei | H73: Juni | I73: Juli | J73: Agst | K73: Sept | L73: Okt | M73: Nov | N73: Des
A74: 1 | B74: 2 | C74: 3 | D74: 4 | E74: 5 | F74: 6 | G74: 7 | H74: 8 | I74: 9 | J74: 10 | K74: 11 | L74: 12 | M74: 13 | N74: 14 | O74: 15
A75: 1 | B75: CIWANDAN | C75: 83 | D75: 28 | F75: 160 | G75: 0 | H75: 0 | I75: 0 | J75: 0 | K75: 0 | L75: 0 | M75: 0 | N75: 0 | O75: =SUM(C75:N75) -> 271 | Q75: =SUM(F75:K75) -> 160 | R75: =O75*20000 -> 5420000 | S75: 20000 | T75: =SUM(R75:S75) -> 5440000
A76: 2 | B76: CITANGKIL | C76: 86 | D76: 43 | E76: 0 | F76: 17 | G76: 49 | H76: 0 | I76: 0 | J76: 0 | K76: 0 | L76: 0 | M76: 0 | N76: 0 | O76: =SUM(C76:N76) -> 195 | Q76: =SUM(F76:K76) -> 66 | R76: =O76*20000 -> 3900000 | S76: 0 | T76: =SUM(R76:S76) -> 3900000
A77: 3 | B77: PULOMERAK | C77: 0 | D77: 312 | E77: 305 | F77: 56 | G77: 0.4 | H77: 0 | I77: 0 | J77: 11 | K77: 0 | L77: 0 | M77: 0 | N77: 0 | O77: =SUM(C77:N77) -> 684.4 | Q77: =SUM(F77:K77) -> 67.4 | R77: =O77*20000 -> 13688000 | S77: 0 | T77: =SUM(R77:S77) -> 13688000
A78: 4 | B78: PURWAKARTA | C78: 0 | D78: 17 | E78: 0 | F78: 154 | G78: 5 | H78: 0 | I78: 4 | J78: 9 | K78: 0 | L78: 0 | M78: 9 | N78: 9 | O78: =SUM(C78:N78) -> 207 | Q78: =SUM(F78:K78) -> 172 | R78: =O78*20000 -> 4140000 | S78: 335200 | T78: =SUM(R78:S78) -> 4475200
A79: 5 | B79: GROGOL | C79: 199 | D79: 42 | E79: 38 | F79: 63 | G79: 34 | H79: 0 | I79: 0 | J79: 0 | K79: 0 | L79: 0 | M79: 0 | N79: 0 | O79: =SUM(C79:N79) -> 376 | Q79: =SUM(F79:K79) -> 97 | R79: =O79*20000 -> 7520000 | S79: 34000 | T79: =SUM(R79:S79) -> 7554000
A80: 6 | B80: CILEGON | C80: 0 | D80: 10 | E80: 0 | F80: 0 | G80: 3 | H80: 33 | I80: 0 | J80: 29 | K80: 0 | L80: 0 | M80: 0 | N80: 0 | O80: =SUM(C80:N80) -> 75 | Q80: =SUM(F80:K80) -> 65 | R80: =O80*20000 -> 1500000 | S80: 0 | T80: =SUM(R80:S80) -> 1500000
A81: 7 | B81: JOMBANG | C81: 0 | D81: 0 | E81: 0.6 | F81: 0.5 | G81: 0 | H81: 0 | I81: 0 | J81: 0 | K81: 0 | L81: 0 | M81: 0 | N81: 0 | O81: =SUM(C81:N81) -> 1.1 | Q81: =SUM(F81:K81) -> 0.5 | R81: =O81*20000 -> 22000 | S81: 10000 | T81: =SUM(R81:S81) -> 32000
A82: 8 | B82: CIBEBER | C82: 23 | D82: 68 | E82: 0 | F82: 175 | G82: 38 | H82: 0 | I82: 98 | J82: 0 | K82: 0 | L82: 0 | M82: 37 | N82: 37 | O82: =SUM(C82:N82) -> 476 | Q82: =SUM(F82:K82) -> 311 | R82: =O82*20000 -> 9520000 | S82: 8000 | T82: =SUM(R82:S82) -> 9528000
A83: JUMLAH | C83: =SUM(C75:C82) -> 391 | D83: =SUM(D75:D82) -> 520 | E83: =SUM(E75:E82) -> 343.6 | F83: =SUM(F75:F82) -> 625.5 | G83: =SUM(G75:G82) -> 129.4 | H83: =SUM(H75:H82) -> 33 | I83: =SUM(I75:I82) -> 102 | J83: =SUM(J75:J82) -> 49 | ... O83: =SUM(O75:O82) -> 2285.5 | P83: =O83/0.32 -> 7142.1875 | Q83: =SUM(F83:K83) -> 938.9 | R83: =O83/0.32 -> 7142.1875 | S83: =P83*0.53 -> 3785.3594
P84: =P83*0.53 -> 3785.3594
B85: Produksi kacang tanah dlm bentuk biji | R85: =R83/O50 -> 2.8246737
A101: DATA PRODUKTIVITAS KACANG TANAH PER BULAN
A102: KOTA CILEGON TAHUN 2017
O104: (Ku/Ha)
A105: No | B105: Kecamatan | C105: Bulan | O105: Jumlah
C106: Jan | D106: Feb | E106: Maret | F106: Apr | G106: Mei | H106: Juni | I106: Juli | J106: Agst | K106: Sept | L106: Okt | M106: Nov | N106: Des
A107: 1 | B107: 2 | C107: 3 | D107: 4 | E107: 5 | F107: 6 | G107: 7 | H107: 8 | I107: 9 | J107: 10 | K107: 11 | L107: 12 | M107: 13 | N107: 14 | O107: 15
A108: 1 | B108: CIWANDAN | C108: 6.56 | D108: 8 | E108: 0 | F108: 8.64 | G108: 0 | H108: 0 | I108: 0 | J108: 0 | K108: 0 | L108: 0 | M108: 0 | N108: 0 | O108: =O75/O42*10 -> 7.8323699 | Q108: =O108/0.32 -> 24.476156
A109: 2 | B109: CITANGKIL | C109: 7.04 | D109: 6.72 | E109: 0 | F109: 6.72 | G109: 5.76 | H109: 0 | I109: 0 | J109: 0 | K109: 0 | L109: 0 | M109: 0 | N109: 0 | O109: =O76/O43*10 -> 6.5878378 | Q109: =O109/0.32 -> 20.586993
A110: 3 | B110: PULOMERAK | C110: 0 | D110: 10.24 | E110: 15.25 | F110: 9.92 | G110: 8.15 | H110: 0 | I110: 0 | J110: 7.25 | K110: 0 | L110: 0 | M110: 0 | N110: 0 | O110: =O77/O44*10 -> 11.851082 | Q110: =O110/0.32 -> 37.034632
A111: 4 | B111: PURWAKARTA | C111: 0 | D111: 8 | E111: 0 | F111: 9.22 | G111: 9.22 | H111: 0 | I111: 8.96 | J111: 8.98 | K111: 0 | L111: 0 | M111: 9.11 | N111: 9.11 | O111: =O78/O45*10 -> 9.0789474 | Q111: =O111/0.32 -> 28.371711
A112: 5 | B112: GROGOL | C112: 11.2 | D112: 8 | E112: 8 | F112: 9 | G112: 8.96 | H112: 0 | I112: 0 | J112: 0 | K112: 0 | L112: 0 | M112: 0 | N112: 0 | O112: =O79/O46*10 -> 9.7409326 | Q112: =O112/0.32 -> 30.440415
A113: 6 | B113: CILEGON | C113: 0 | D113: 6.4 | E113: 0 | F113: 0 | G113: 5.76 | H113: 7.36 | I113: 0 | J113: 7.15 | K113: 0 | L113: 0 | M113: 0 | N113: 0 | O113: =O80/O47*10 -> 7.1428571 | Q113: =O113/0.32 -> 22.321429 | S113: =5804/2337*10 -> 24.835259
A114: 7 | B114: JOMBANG | C114: 0 | D114: 0 | E114: 6.08 | F114: 5.44 | G114: 0 | H114: 0 | I114: 0 | J114: 0 | K114: 0 | L114: 0 | M114: 0 | N114: 0 | O114: =O81/O48*10 -> 5.5 | Q114: =O114/0.32 -> 17.1875
A115: 8 | B115: CIBEBER | C115: 6.72 | D115: 8 | E115: 0 | F115: 8.75 | G115: 8.5 | H115: 0 | I115: 7.04 | J115: 0 | K115: 0 | L115: 0 | M115: 8.85 | N115: 8.85 | O115: =O82/O49*10 -> 8.0952381 | Q115: =O115/0.32 -> 25.297619
A116: JUMLAH | C116: =C83/C50*10 -> 8.4815618 | D116: =D83/D50*10 -> 9.0121317 | E116: =E83/E50*10 -> 13.799197 | F116: =F83/F50*10 -> 8.8723404 | G116: =G83/G50*10 -> 7.2492997 | H116: 7.36 | I116: =I83/I50*10 -> 7.0833333 | J116: =J83/J50*10 -> 7.5384615 | K116: 0 | L116: 0 | M116: =M83/M50*10 -> 8.8461538 | N116: =N83/N50*10 -> 8.8461538 | O116: =O83/O50*10 -> 9.0389559 | P116: =O116/0.32 -> 28.246737 | Q116: =11.94/0.32 -> 37.3125 | R116: =O116/0.32 -> 28.246737
P117: =P116*0.53 -> 14.970771
Q118: =P117*O50/10 -> 3785.3594
K119: Kepala Dinas Ketahanan Pangan dan Pertanian
K120: Kota Cilegon
K124: Ir. Wawan Hermawan, MM
K125: NIP. 19600110 198603 1 012

Sheet ubi kayu
A2: DATA LUAS TANAM UBI KAYU PER BULAN
A3: KOTA CILEGON TAHUN 2017
O5: (Ha)
A6: No | B6: Kecamatan | C6: Bulan | O6: Jumlah
C7: Jan | D7: Feb | E7: Maret | F7: Apr | G7: Mei | H7: Juni | I7: Juli | J7: Agst | K7: Sept | L7: Okt | M7: Nov | N7: Des
A8: 1 | B8: 2 | C8: 3 | D8: 4 | E8: 5 | F8: 6 | G8: 7 | H8: 8 | I8: 9 | J8: 10 | K8: 11 | L8: 12 | M8: 13 | N8: 14 | O8: 15 | Q8: APR-SEP
A9: 1 | B9: CIWANDAN | C9: 0 | D9: 0 | E9: 0 | F9: 0 | H9: 0 | I9: 1 | J9: 0 | K9: 0 | L9: 0 | M9: 0 | N9: 2 | O9: =SUM(C9:N9) -> 3 | P9: =SUM(E9:K9) -> 1 | Q9: =SUM(F9:K9) -> 1
A10: 2 | B10: CITANGKIL | C10: 0 | D10: 1 | E10: 0 | F10: 0 | G10: 1 | H10: 0 | I10: 0 | J10: 0 | K10: 0 | L10: 0 | M10: 1 | N10: 1 | O10: =SUM(C10:N10) -> 4 | P10: =SUM(E10:K10) -> 1 | Q10: =SUM(F10:K10) -> 1
A11: 3 | B11: PULOMERAK | C11: 0 | D11: 0 | E11: 0 | F11: 0 | G11: 0 | H11: 0 | I11: 0 | J11: 0 | K11: 3 | L11: 3 | M11: 0 | N11: 0 | O11: =SUM(C11:N11) -> 6 | P11: =SUM(E11:K11) -> 3 | Q11: =SUM(F11:K11) -> 3
A12: 4 | B12: PURWAKARTA | C12: 0 | D12: 0 | E12: 0 | F12: 1 | G12: 1 | H12: 0 | I12: 0 | J12: 0 | K12: 0 | L12: 0 | M12: 0 | N12: 0 | O12: =SUM(C12:N12) -> 2 | P12: =SUM(E12:K12) -> 2 | Q12: =SUM(F12:K12) -> 2
A13: 5 | B13: GROGOL | C13: 0 | D13: 1 | E13: 0 | F13: 1 | G13: 0 | H13: 1 | I13: 0 | J13: 0 | K13: 0 | L13: 0 | M13: 0 | N13: 12 | O13: =SUM(C13:N13) -> 15 | P13: =SUM(E13:K13) -> 2 | Q13: =SUM(F13:K13) -> 2
A14: 6 | B14: CILEGON | C14: 0 | D14: 0 | E14: 0 | F14: 1 | G14: 0 | H14: 0 | I14: 0 | J14: 1 | K14: 0 | L14: 1 | M14: 1 | N14: 1 | O14: =SUM(C14:N14) -> 5 | P14: =SUM(E14:K14) -> 2 | Q14: =SUM(F14:K14) -> 2
A15: 7 | B15: JOMBANG | C15: 1 | D15: 0 | E15: 0 | F15: 0 | G15: 0 | H15: 0 | I15: 0 | J15: 0 | K15: 1 | L15: 0 | M15: 0 | N15: 0 | O15: =SUM(C15:N15) -> 2 | P15: =SUM(E15:K15) -> 1 | Q15: =SUM(F15:K15) -> 1
A16: 8 | B16: CIBEBER | C16: 0 | D16: 0 | E16: 0 | F16: 0 | G16: 0 | H16: 0 | I16: 1 | J16: 0 | K16: 1 | L16: 0 | M16: 1 | N16: 1 | O16: =SUM(C16:N16) -> 4 | P16: =SUM(E16:K16) -> 2 | Q16: =SUM(F16:K16) -> 2
A17: JUMLAH | C17: =SUM(C9:C16) -> 1 | D17: =SUM(D9:D16) -> 2 | E17: =SUM(E9:E16) -> 0 | F17: =SUM(F9:F16) -> 3 | G17: =SUM(G9:G16) -> 2 | H17: =SUM(H9:H16) -> 1 | I17: =SUM(I9:I16) -> 2 | J17: =SUM(J9:J16) -> 1 | ... P17: =SUM(P9:P16) -> 14 | Q17: =SUM(F17:K17) -> 14
A34: DATA LUAS PANEN UBI KAYU PER BULAN
A35: KOTA CILEGON TAHUN 2017
O37: (Ha)
A38: No | B38: Kecamatan | C38: Bulan | O38: Jumlah
C39: Jan | D39: Feb | E39: Maret | F39: Apr | G39: Mei | H39: Juni | I39: Juli | J39: Agst | K39: Sept | L39: Okt | M39: Nov | N39: Des
A40: 1 | B40: 2 | C40: 3 | D40: 4 | E40: 5 | F40: 6 | G40: 7 | H40: 8 | I40: 9 | J40: 10 | K40: 11 | L40: 12 | M40: 13 | N40: 14 | O40: 15
A41: 1 | B41: CIWANDAN | C41: 0 | D41: 0 | E41: 0 | F41: 0 | G41: 0 | H41: 6 | I41: 0 | J41: 0 | K41: 0 | L41: 0 | M41: 0 | N41: 1 | O41: =SUM(C41:N41) -> 7 | Q41: =SUM(F41:K41) -> 6
A42: 2 | B42: CITANGKIL | C42: 1 | D42: 0 | E42: 0 | F42: 1 | G42: 0 | H42: 0 | I42: 0 | J42: 1 | K42: 0 | L42: 1 | M42: 0 | N42: 0 | O42: =SUM(C42:N42) -> 4 | Q42: =SUM(F42:K42) -> 2
A43: 3 | B43: PULOMERAK | C43: 0 | D43: 0 | E43: 0 | F43: 0 | G43: 0 | H43: 0 | I43: 0 | J43: 0 | K43: 8 | L43: 1 | M43: 0 | N43: 0 | O43: =SUM(C43:N43) -> 9 | Q43: =SUM(F43:K43) -> 8
A44: 4 | B44: PURWAKARTA | C44: 0 | D44: 0 | E44: 4 | F44: 0 | G44: 0 | H44: 0 | I44: 0 | J44: 0 | K44: 0 | L44: 0 | M44: 0 | N44: 0 | O44: =SUM(C44:N44) -> 4 | Q44: =SUM(F44:K44) -> 0
A45: 5 | B45: GROGOL | C45: 0 | D45: 3 | E45: 1 | F45: 1 | G45: 0 | H45: 0 | I45: 0 | J45: 1 | K45: 0 | L45: 0 | M45: 0 | N45: 2 | O45: =SUM(C45:N45) -> 8 | Q45: =SUM(F45:K45) -> 2
A46: 6 | B46: CILEGON | C46: 0 | D46: 0 | E46: 0 | F46: 0 | G46: 0 | H46: 2 | I46: 1 | J46: 1 | K46: 0 | L46: 1 | M46: 0 | N46: 0 | O46: =SUM(C46:N46) -> 5 | Q46: =SUM(F46:K46) -> 4
A47: 7 | B47: JOMBANG | C47: 0 | D47: 0 | E47: 0 | F47: 0 | G47: 0 | H47: 0 | I47: 0 | J47: 0 | K47: 1 | L47: 0 | M47: 0 | N47: 0 | O47: =SUM(C47:N47) -> 1 | Q47: =SUM(F47:K47) -> 1
A48: 8 | B48: CIBEBER | C48: 1 | D48: 0 | E48: 0 | F48: 1 | G48: 0 | H48: 0 | I48: 4 | J48: 0 | K48: 0 | L48: 0 | M48: 1 | N48: 0 | O48: =SUM(C48:N48) -> 7 | Q48: =SUM(F48:K48) -> 5
A49: JUMLAH | C49: =SUM(C41:C48) -> 2 | D49: =SUM(D41:D48) -> 3 | E49: =SUM(E41:E48) -> 5 | F49: =SUM(F41:F48) -> 3 | G49: =SUM(G41:G48) -> 0 | H49: =SUM(H41:H48) -> 8 | I49: =SUM(I41:I48) -> 5 | J49: =SUM(J41:J48) -> 3 | ... O49: =SUM(O41:O48) -> 45 | Q49: =SUM(F49:K49) -> 28
A68: DATA PRODUKSI UBI KAYU PER BULAN
A69: KOTA CILEGON TAHUN 2017
O71: (Ton)
A72: No | B72: Kecamatan | C72: Bulan | O72: Jumlah
C73: Jan | D73: Feb | E73: Maret | F73: Apr | G73: Mei | H73: Juni | I73: Juli | J73: Agst | K73: Sept | L73: Okt | M73: Nov | N73: Des
A74: 1 | B74: 2 | C74: 3 | D74: 4 | E74: 5 | F74: 6 | G74: 7 | H74: 8 | I74: 9 | J74: 10 | K74: 11 | L74: 12 | M74: 13 | N74: 14 | O74: 15
A75: 1 | B75: CIWANDAN | C75: 0 | D75: 0 | E75: 0 | F75: 0 | G75: 0 | H75: 54 | I75: 0 | J75: 0 | K75: 0 | L75: 0 | M75: 0 | N75: 9 | O75: =SUM(C75:N75) -> 63 | Q75: =SUM(F75:K75) -> 54 | R75: =O75*2000 -> 126000
A76: 2 | B76: CITANGKIL | C76: 25 | D76: 0 | E76: 0 | F76: 9 | G76: 0 | H76: 0 | I76: 0 | J76: 11 | K76: 0 | L76: 12 | M76: 0 | N76: 0 | O76: =SUM(C76:N76) -> 57 | Q76: =SUM(F76:K76) -> 20 | R76: =O76*2000 -> 114000
A77: 3 | B77: PULOMERAK | C77: 0 | D77: 0 | E77: 0 | F77: 0 | G77: 0 | H77: 0 | I77: 0 | J77: 0 | K77: 94 | L77: 12 | M77: 0 | N77: 0 | O77: =SUM(C77:N77) -> 106 | Q77: =SUM(F77:K77) -> 94 | R77: =O77*2000 -> 212000
A78: 4 | B78: PURWAKARTA | C78: 0 | D78: 0 | E78: 30 | F78: 0 | G78: 0 | H78: 0 | I78: 0 | J78: 0 | K78: 0 | L78: 0 | M78: 0 | N78: 0 | O78: =SUM(C78:N78) -> 30 | Q78: =SUM(F78:K78) -> 0 | R78: =O78*2000 -> 60000
A79: 5 | B79: GROGOL | C79: 0 | D79: 24 | E79: 8 | F79: 9 | G79: 0 | H79: 0 | I79: 0 | J79: 10 | K79: 0 | L79: 0 | M79: 0 | N79: 16 | O79: =SUM(C79:N79) -> 67 | Q79: =SUM(F79:K79) -> 19 | R79: =O79*2000 -> 134000
A80: 6 | B80: CILEGON | C80: 0 | D80: 0 | E80: 0 | F80: 0 | G80: 0 | H80: 18 | I80: 9 | J80: 19 | K80: 0 | L80: 12 | M80: 0 | N80: 0 | O80: =SUM(C80:N80) -> 58 | Q80: =SUM(F80:K80) -> 46 | R80: =O80*2000 -> 116000
A81: 7 | B81: JOMBANG | C81: 0 | D81: 0 | E81: 0 | F81: 0 | G81: 0 | H81: 0 | I81: 0 | J81: 0 | K81: 15 | L81: 0 | M81: 0 | N81: 0 | O81: =SUM(C81:N81) -> 15 | Q81: =SUM(F81:K81) -> 15 | R81: =O81*2000 -> 30000
A82: 8 | B82: CIBEBER | C82: 15 | D82: 0 | E82: 0 | F82: 10 | G82: 0 | H82: 0 | I82: 32 | J82: 0 | K82: 0 | L82: 0 | M82: 12 | N82: 0 | O82: =SUM(C82:N82) -> 69 | Q82: =SUM(F82:K82) -> 42 | R82: =O82*2000 -> 138000
A83: JUMLAH | C83: =SUM(C75:C82) -> 40 | D83: =SUM(D75:D82) -> 24 | E83: =SUM(E75:E82) -> 38 | F83: =SUM(F75:F82) -> 28 | G83: =SUM(G75:G82) -> 0 | H83: =SUM(H75:H82) -> 72 | I83: =SUM(I75:I82) -> 41 | J83: =SUM(J75:J82) -> 40 | ... O83: =SUM(O75:O82) -> 465 | Q83: =SUM(F83:K83) -> 290
A96: DATA PRODUKTIVITAS UBI KAYU PER BULAN
A97: KOTA CILEGON TAHUN 2017
O99: (Ku/Ha)
A100: No | B100: Kecamatan | C100: Bulan | O100: Jumlah
C101: Jan | D101: Feb | E101: Maret | F101: Apr | G101: Mei | H101: Juni | I101: Juli | J101: Agst | K101: Sept | L101: Okt | M101: Nov | N101: Des
A102: 1 | B102: 2 | C102: 3 | D102: 4 | E102: 5 | F102: 6 | G102: 7 | H102: 8 | I102: 9 | J102: 10 | K102: 11 | L102: 12 | M102: 13 | N102: 14 | O102: 15
A103: 1 | B103: CIWANDAN | C103: 0 | D103: 0 | E103: 0 | F103: 0 | G103: 0 | H103: 89.7 | I103: 0 | J103: 0 | K103: 0 | L103: 0 | M103: 0 | N103: 87.5 | O103: =O75/O41*10 -> 90
A104: 2 | B104: CITANGKIL | C104: 250 | D104: 0 | E104: 0 | F104: 90.65 | G104: 0 | H104: 0 | I104: 0 | J104: 115 | K104: 0 | L104: 120 | M104: 0 | N104: 0 | O104: 0
A105: 3 | B105: PULOMERAK | C105: 0 | D105: 0 | E105: 0 | F105: 0 | G105: 0 | H105: 0 | I105: 0 | J105: 0 | K105: 118.21 | L105: 121.11 | M105: 0 | N105: 0 | O105: 0
A106: 4 | B106: PURWAKARTA | C106: 0 | D106: 0 | E106: 74 | F106: 0 | G106: 0 | H106: 0 | I106: 0 | J106: 0 | K106: 0 | L106: 0 | M106: 0 | N106: 0 | O106: =(O78/O44)*10 -> 75
A107: 5 | B107: GROGOL | C107: 0 | D107: 80 | E107: 82 | F107: 90.45 | G107: 0 | H107: 0 | I107: 0 | J107: 99 | K107: 0 | L107: 0 | M107: 0 | N107: 80 | O107: =(O79/O45)*10 -> 83.75
A108: 6 | B108: CILEGON | C108: 0 | D108: 0 | E108: 0 | F108: 0 | G108: 0 | H108: 90.1 | I108: 90.13 | J108: 190 | K108: 0 | L108: 119.25 | M108: 0 | N108: 0 | O108: =(O80/O46)*10 -> 116
A109: 7 | B109: JOMBANG | C109: 0 | D109: 0 | E109: 0 | F109: 0 | G109: 0 | H109: 0 | I109: 0 | J109: 0 | K109: 150.75 | L109: 0 | M109: 0 | N109: 0 | O109: 0
A110: 8 | B110: CIBEBER | C110: 150.21 | D110: 0 | E110: 0 | F110: 100.12 | G110: 0 | H110: 0 | I110: 80 | J110: 0 | K110: 0 | L110: 0 | M110: 120.21 | N110: 0 | O110: 0
A111: JUMLAH | C111: =C83/C49*10 -> 200 | D111: 80 | E111: =E83/E49*10 -> 76 | F111: =F83/F49*10 -> 93.333333 | G111: 0 | H111: =H83/H49*10 -> 90 | I111: =I83/I49*10 -> 82 | J111: =J83/J49*10 -> 133.33333 | K111: =K83/K49*10 -> 121.11111 | L111: =L83/L49*10 -> 120 | M111: 120.21 | N111: =N83/N49*10 -> 83.333333 | O111: =O83/O49*10 -> 103.33333
K114: Kepala Dinas Ketahanan Pangan dan Pertanian
K115: Kota Cilegon
K119: Ir. Wawan Hermawan, MM
K120: NIP. 19600110 198603 1 012

Sheet ubi jalar
A2: DATA LUAS TANAM UBI JALAR PER BULAN
A3: KOTA CILEGON TAHUN 2017
O5: (Ha)
A6: No | B6: Kecamatan | C6: Bulan | O6: Jumlah
C7: Jan | D7: Feb | E7: Maret | F7: Apr | G7: Mei | H7: Juni | I7: Juli | J7: Agst | K7: Sept | L7: Okt | M7: Nov | N7: Des
A8: 1 | B8: 2 | C8: 3 | D8: 4 | E8: 5 | F8: 6 | G8: 7 | H8: 8 | I8: 9 | J8: 10 | K8: 11 | L8: 12 | M8: 13 | N8: 14 | O8: 15 | Q8: APR-SEP
A9: 1 | B9: CIWANDAN | C9: 0 | D9: 0 | E9: 0 | F9: 0 | H9: 0 | I9: 2 | J9: 0 | K9: 0 | L9: 0 | M9: 0 | N9: 1 | O9: =SUM(C9:N9) -> 3 | P9: =SUM(H9:K9) -> 2 | Q9: =SUM(F9:K9) -> 2
A10: 2 | B10: CITANGKIL | C10: 0 | D10: 1 | E10: 0 | F10: 0 | G10: 1 | H10: 0 | I10: 1 | J10: 0 | K10: 0 | L10: 0 | M10: 1 | N10: 0 | O10: =SUM(C10:N10) -> 4 | P10: =SUM(H10:K10) -> 1 | Q10: =SUM(F10:K10) -> 2
A11: 3 | B11: PULOMERAK | C11: 0 | D11: 0 | E11: 0 | F11: 0 | G11: 0 | H11: 0 | I11: 0 | J11: 0 | K11: 0 | L11: 0 | M11: 0 | N11: 0 | O11: =SUM(C11:N11) -> 0 | P11: =SUM(H11:K11) -> 0 | Q11: =SUM(F11:K11) -> 0
A12: 4 | B12: PURWAKARTA | C12: 0 | D12: 0 | E12: 0 | F12: 0 | G12: 0 | H12: 0 | I12: 0 | J12: 0 | K12: 0 | L12: 3 | M12: 0 | N12: 0 | O12: =SUM(C12:N12) -> 3 | P12: =SUM(H12:K12) -> 0 | Q12: =SUM(F12:K12) -> 0
A13: 5 | B13: GROGOL | C13: 0 | D13: 1 | E13: 0 | F13: 1 | G13: 0 | H13: 1 | I13: 0 | J13: 0 | K13: 0 | L13: 0 | M13: 0 | N13: 0 | O13: =SUM(C13:N13) -> 3 | P13: =SUM(H13:K13) -> 1 | Q13: =SUM(F13:K13) -> 2
A14: 6 | B14: CILEGON | C14: 0 | D14: 1 | E14: 0 | F14: 0 | G14: 0 | H14: 1 | I14: 0 | J14: 0 | K14: 1 | L14: 0 | M14: 0 | N14: 1 | O14: =SUM(C14:N14) -> 4 | P14: =SUM(H14:K14) -> 2 | Q14: =SUM(F14:K14) -> 2
A15: 7 | B15: JOMBANG | C15: 0 | D15: 1 | E15: 1 | F15: 0 | G15: 0 | H15: 0 | I15: 0 | J15: 0 | K15: 0 | L15: 0 | M15: 0 | N15: 0 | O15: =SUM(C15:N15) -> 2 | P15: =SUM(H15:K15) -> 0 | Q15: =SUM(F15:K15) -> 0
A16: 8 | B16: CIBEBER | C16: 0 | D16: 0 | E16: 0 | F16: 0 | G16: 1 | H16: 0 | I16: 0 | J16: 0 | K16: 0 | L16: 0 | M16: 0 | N16: 0 | O16: =SUM(C16:N16) -> 1 | P16: =SUM(H16:K16) -> 0 | Q16: =SUM(F16:K16) -> 1
A17: JUMLAH | C17: =SUM(C9:C16) -> 0 | D17: =SUM(D9:D16) -> 4 | E17: =SUM(E9:E16) -> 1 | F17: =SUM(F9:F16) -> 1 | G17: =SUM(G9:G16) -> 2 | H17: =SUM(H9:H16) -> 2 | I17: =SUM(I9:I16) -> 3 | J17: =SUM(J9:J16) -> 0 | ... P17: =SUM(P9:P16) -> 6 | Q17: =SUM(F17:K17) -> 9
A35: DATA LUAS PANEN UBI JALAR PER BULAN
A36: KOTA CILEGON TAHUN 2017
O38: (Ha)
A39: No | B39: Kecamatan | C39: Bulan | O39: Jumlah
C40: Jan | D40: Feb | E40: Maret | F40: Apr | G40: Mei | H40: Juni | I40: Juli | J40: Agst | K40: Sept | L40: Okt | M40: Nov | N40: Des
A41: 1 | B41: 2 | C41: 3 | D41: 4 | E41: 5 | F41: 6 | G41: 7 | H41: 8 | I41: 9 | J41: 10 | K41: 11 | L41: 12 | M41: 13 | N41: 14 | O41: 15
A42: 1 | B42: CIWANDAN | C42: 1 | D42: 0 | E42: 2 | F42: 0 | G42: 0 | H42: 0 | I42: 0 | J42: 0 | K42: 0 | L42: 0 | M42: 0 | N42: 2 | O42: =SUM(C42:N42) -> 5 | Q42: =SUM(F42:K42) -> 0
A43: 2 | B43: CITANGKIL | C43: 1 | D43: 0 | E43: 0 | F43: 0 | G43: 0 | H43: 0 | I43: 0 | J43: 1 | K43: 0 | L43: 0 | M43: 1 | N43: 0 | O43: =SUM(C43:N43) -> 3 | Q43: =SUM(F43:K43) -> 1
A44: 3 | B44: PULOMERAK | C44: 0 | D44: 0 | E44: 0 | F44: 0 | G44: 0 | H44: 0 | I44: 0 | J44: 0 | K44: 0 | L44: 0 | M44: 0 | N44: 0 | O44: =SUM(C44:N44) -> 0 | Q44: =SUM(F44:K44) -> 0
A45: 4 | B45: PURWAKARTA | C45: 0 | D45: 0 | E45: 3 | F45: 0 | G45: 0 | H45: 0 | I45: 0 | J45: 0 | K45: 0 | L45: 0 | M45: 0 | N45: 0 | O45: =SUM(C45:N45) -> 3 | Q45: =SUM(F45:K45) -> 0
A46: 5 | B46: GROGOL | C46: 2 | D46: 0 | E46: 0 | F46: 0 | G46: 0 | H46: 0 | I46: 0 | J46: 0 | K46: 0 | L46: 0 | M46: 0 | N46: 1 | O46: =SUM(C46:N46) -> 3 | Q46: =SUM(F46:K46) -> 0
A47: 6 | B47: CILEGON | C47: 0 | D47: 0 | E47: 0 | F47: 0 | G47: 0 | H47: 1 | I47: 0 | J47: 0 | K47: 0 | L47: 1 | M47: 0 | N47: 0 | O47: =SUM(C47:N47) -> 2 | Q47: =SUM(F47:K47) -> 1
A48: 7 | B48: JOMBANG | C48: 0 | D48: 0 | E48: 0 | F48: 0 | G48: 0 | H48: 1 | I48: 0 | J48: 0 | K48: 0 | L48: 0 | M48: 0 | N48: 0 | O48: =SUM(C48:N48) -> 1 | Q48: =SUM(F48:K48) -> 1
A49: 8 | B49: CIBEBER | C49: 0 | D49: 0 | E49: 0 | F49: 1 | G49: 0 | H49: 0 | I49: 1 | J49: 0 | K49: 0 | L49: 0 | M49: 0 | N49: 0 | O49: =SUM(C49:N49) -> 2 | Q49: =SUM(F49:K49) -> 2
A50: JUMLAH | C50: =SUM(C42:C49) -> 4 | D50: =SUM(D42:D49) -> 0 | E50: =SUM(E42:E49) -> 5 | F50: =SUM(F42:F49) -> 1 | G50: =SUM(G42:G49) -> 0 | H50: =SUM(H42:H49) -> 2 | I50: =SUM(I42:I49) -> 1 | J50: =SUM(J42:J49) -> 1 | ... O50: =SUM(O42:O49) -> 19 | Q50: =SUM(F50:K50) -> 5
A68: DATA PRODUKSI UBI JALAR PER BULAN
A69: KOTA CILEGON TAHUN 2017
O71: (Ton)
A72: No | B72: Kecamatan | C72: Bulan | O72: Jumlah
C73: Jan | D73: Feb | E73: Maret | F73: Apr | G73: Mei | H73: Juni | I73: Juli | J73: Agst | K73: Sept | L73: Okt | M73: Nov | N73: Des
A74: 1 | B74: 2 | C74: 3 | D74: 4 | E74: 5 | F74: 6 | G74: 7 | H74: 8 | I74: 9 | J74: 10 | K74: 11 | L74: 12 | M74: 13 | N74: 14 | O74: 15
A75: 1 | B75: CIWANDAN | C75: 9 | D75: 0 | E75: 17 | F75: 0 | G75: 0 | H75: 0 | I75: 0 | J75: 0 | K75: 0 | L75: 0 | M75: 0 | N75: 19 | O75: =SUM(C75:N75) -> 45 | Q75: =SUM(F75:K75) -> 0 | R75: =O75*2500 -> 112500 | S75: 126000 | T75: =SUM(R75:S75) -> 238500
A76: 2 | B76: CITANGKIL | C76: 12 | D76: 0 | E76: 0 | F76: 0 | G76: 0 | H76: 0 | I76: 0 | J76: 10 | K76: 0 | L76: 0 | M76: 9 | N76: 0 | O76: =SUM(C76:N76) -> 31 | Q76: =SUM(F76:K76) -> 10 | R76: =O76*2500 -> 77500 | S76: 114000 | T76: =SUM(R76:S76) -> 191500
A77: 3 | B77: PULOMERAK | C77: 0 | D77: 0 | E77: 0 | F77: 0 | G77: 0 | H77: 0 | I77: 0 | J77: 0 | K77: 0 | L77: 0 | M77: 0 | N77: 0 | O77: =SUM(C77:N77) -> 0 | Q77: =SUM(F77:K77) -> 0 | R77: =O77*2500 -> 0 | S77: 212000 | T77: =SUM(R77:S77) -> 212000
A78: 4 | B78: PURWAKARTA | C78: 0 | D78: 0 | E78: 19 | F78: 0 | G78: 0 | H78: 0 | I78: 0 | J78: 0 | K78: 0 | L78: 0 | M78: 0 | N78: 0 | O78: =SUM(C78:N78) -> 19 | Q78: =SUM(F78:K78) -> 0 | R78: =O78*2500 -> 47500 | S78: 60000 | T78: =SUM(R78:S78) -> 107500
A79: 5 | B79: GROGOL | C79: 17 | D79: 0 | E79: 0 | F79: 0 | G79: 0 | H79: 0 | I79: 0 | J79: 0 | K79: 0 | L79: 0 | M79: 0 | N79: 8 | O79: =SUM(C79:N79) -> 25 | Q79: =SUM(F79:K79) -> 0 | R79: =O79*2500 -> 62500 | S79: 134000 | T79: =SUM(R79:S79) -> 196500
A80: 6 | B80: CILEGON | C80: 0 | D80: 0 | E80: 0 | F80: 0 | G80: 0 | H80: 8 | I80: 0 | J80: 0 | K80: 0 | L80: 11 | M80: 0 | N80: 0 | O80: =SUM(C80:N80) -> 19 | Q80: =SUM(F80:K80) -> 8 | R80: =O80*2500 -> 47500 | S80: 116000 | T80: =SUM(R80:S80) -> 163500
A81: 7 | B81: JOMBANG | C81: 0 | D81: 0 | E81: 0 | F81: 0 | G81: 0 | H81: 8 | I81: 0 | J81: 0 | K81: 0 | L81: 0 | M81: 0 | N81: 0 | O81: =SUM(C81:N81) -> 8 | Q81: =SUM(F81:K81) -> 8 | R81: =O81*2500 -> 20000 | S81: 30000 | T81: =SUM(R81:S81) -> 50000
A82: 8 | B82: CIBEBER | C82: 0 | D82: 0 | E82: 0 | F82: 9 | G82: 0 | H82: 0 | I82: 6 | J82: 0 | K82: 0 | L82: 0 | M82: 0 | N82: 0 | O82: =SUM(C82:N82) -> 15 | Q82: =SUM(F82:K82) -> 15 | R82: =O82*2500 -> 37500 | S82: 138000 | T82: =SUM(R82:S82) -> 175500
A83: JUMLAH | C83: =SUM(C75:C82) -> 38 | D83: =SUM(D75:D82) -> 0 | E83: =SUM(E75:E82) -> 36 | F83: =SUM(F75:F82) -> 9 | G83: =SUM(G75:G82) -> 0 | H83: =SUM(H75:H82) -> 16 | I83: =SUM(I75:I82) -> 6 | J83: =SUM(J75:J82) -> 10 | ... O83: =SUM(O75:O82) -> 162 | Q83: =SUM(F83:K83) -> 41
A101: DATA PRODUKTIVITAS UBI JALAR PER BULAN
A102: KOTA CILEGON TAHUN 2017
O104: (Ku/Ha)
A105: No | B105: Kecamatan | C105: Bulan | O105: Jumlah
C106: Jan | D106: Feb | E106: Maret | F106: Apr | G106: Mei | H106: Juni | I106: Juli | J106: Agst | K106: Sept | L106: Okt | M106: Nov | N106: Des
A107: 1 | B107: 2 | C107: 3 | D107: 4 | E107: 5 | F107: 6 | G107: 7 | H107: 8 | I107: 9 | J107: 10 | K107: 11 | L107: 12 | M107: 13 | N107: 14 | O107: 15
A108: 1 | B108: CIWANDAN | C108: 96 | D108: 0 | E108: 87 | F108: 0 | G108: 0 | H108: 0 | I108: 0 | J108: 0 | K108: 0 | L108: 0 | M108: 0 | N108: 97 | O108: =O75/O42*10 -> 90
A109: 2 | B109: CITANGKIL | C109: 125.01 | D109: 0 | E109: 0 | F109: 0 | G109: 0 | H109: 0 | I109: 0 | J109: 96.3 | K109: 0 | L109: 0 | M109: 94.25 | N109: 0 | O109: 0
A110: 3 | B110: PULOMERAK | C110: 0 | D110: 0 | E110: 0 | F110: 0 | G110: 0 | H110: 0 | I110: 0 | J110: 0 | K110: 0 | L110: 0 | M110: 0 | N110: 0 | O110: 0
A111: 4 | B111: PURWAKARTA | C111: 0 | D111: 0 | E111: 65 | F111: 0 | G111: 0 | H111: 0 | I111: 0 | J111: 0 | K111: 0 | L111: 0 | M111: 0 | N111: 0 | O111: =O78/O45*10 -> 63.333333
A112: 5 | B112: GROGOL | C112: 86 | D112: 0 | E112: 0 | F112: 0 | G112: 0 | H112: 0 | I112: 0 | J112: 0 | K112: 0 | L112: 0 | M112: 0 | N112: 81.25 | O112: =O79/O46*10 -> 83.333333
A113: 6 | B113: CILEGON | C113: 0 | D113: 0 | E113: 0 | F113: 0 | G113: 0 | H113: 85 | I113: 0 | J113: 0 | K113: 0 | L113: 110.15 | M113: 0 | N113: 0 | O113: 0
A114: 7 | B114: JOMBANG | C114: 0 | D114: 0 | E114: 0 | F114: 0 | G114: 0 | H114: 82 | I114: 0 | J114: 0 | K114: 0 | L114: 0 | M114: 0 | N114: 0 | O114: 0
A115: 8 | B115: CIBEBER | C115: 0 | D115: 0 | E115: 0 | F115: 90.51 | G115: 0 | H115: 0 | I115: 65 | J115: 0 | K115: 0 | L115: 0 | M115: 0 | N115: 0 | O115: =O82/O49*10 -> 75
A116: JUMLAH | C116: =C83/C50*10 -> 95 | D116: 0 | E116: =E83/E50*10 -> 72 | F116: =SUM(F108:F115) -> 90.51 | G116: =SUM(G108:G115) -> 0 | H116: =H83/H50*10 -> 80 | I116: 65 | J116: =SUM(J108:J115) -> 96.3 | K116: =SUM(K108:K115)/2 -> 0 | L116: 110.15 | M116: 94.25 | N116: =N83/N50*10 -> 90 | O116: =O83/O50*10 -> 85.263158
K119: Kepala Dinas Ketahanan Pangan dan Pertanian
K120: Kota Cilegon
K124: Ir. Wawan Hermawan, MM
K125: NIP. 19600110 198603 1 012

Sheet kc ijo
A2: DATA LUAS TANAM KACANG HIJAU PER BULAN
A3: KOTA CILEGON TAHUN 2017
O5: (Ha)
A6: No | B6: Kecamatan | C6: Bulan | O6: Jumlah
C7: Jan | D7: Feb | E7: Maret | F7: Apr | G7: Mei | H7: Juni | I7: Juli | J7: Agst | K7: Sept | L7: Okt | M7: Nov | N7: Des
A8: 1 | B8: 2 | C8: 3 | D8: 4 | E8: 5 | F8: 6 | G8: 7 | H8: 8 | I8: 9 | J8: 10 | K8: 11 | L8: 12 | M8: 13 | N8: 14 | O8: 15 | Q8: APR-SEP
A9: 1 | B9: CIWANDAN | C9: 0 | D9: 0 | E9: 0 | F9: 0 | H9: 0 | I9: 0 | J9: 0 | K9: 0 | L9: 0 | M9: 0 | N9: 1 | O9: =SUM(C9:N9) -> 1 | P9: =SUM(I9:K9) -> 0 | Q9: =SUM(F9:K9) -> 0
A10: 2 | B10: CITANGKIL | C10: 0 | D10: 0 | E10: 0 | F10: 0 | G10: 0 | H10: 0 | I10: 0 | J10: 0 | K10: 0 | L10: 0 | M10: 0 | N10: 1 | O10: =SUM(C10:N10) -> 1 | P10: =SUM(I10:K10) -> 0 | Q10: =SUM(F10:K10) -> 0
A11: 3 | B11: PULOMERAK | C11: 0 | D11: 0 | E11: 0 | F11: 0 | G11: 0 | H11: 0 | I11: 0 | J11: 0 | K11: 0 | L11: 0 | M11: 0 | N11: 0 | O11: =SUM(C11:N11) -> 0 | P11: =SUM(I11:K11) -> 0 | Q11: =SUM(F11:K11) -> 0
A12: 4 | B12: PURWAKARTA | C12: 0 | D12: 0 | E12: 4 | F12: 0 | G12: 15 | H12: 0 | I12: 0 | J12: 0 | K12: 10 | L12: 0 | M12: 5 | N12: 0 | O12: =SUM(C12:N12) -> 34 | P12: =SUM(I12:K12) -> 10 | Q12: =SUM(F12:K12) -> 25
A13: 5 | B13: GROGOL | C13: 0 | D13: 0 | E13: 0 | F13: 0 | G13: 2 | H13: 1 | I13: 0 | J13: 0 | K13: 0 | L13: 0 | M13: 0 | N13: 0 | O13: =SUM(C13:N13) -> 3 | P13: =SUM(I13:K13) -> 0 | Q13: =SUM(F13:K13) -> 3
A14: 6 | B14: CILEGON | C14: 0 | D14: 0 | E14: 0 | F14: 0 | G14: 0 | H14: 0 | I14: 0 | J14: 0 | K14: 0 | L14: 0 | M14: 1 | N14: 0 | O14: =SUM(C14:N14) -> 1 | P14: =SUM(I14:K14) -> 0 | Q14: =SUM(F14:K14) -> 0
A15: 7 | B15: JOMBANG | C15: 1 | D15: 0 | E15: 0 | F15: 0 | G15: 0 | H15: 0 | I15: 0 | J15: 0 | K15: 0 | L15: 0 | M15: 0 | N15: 0 | O15: =SUM(C15:N15) -> 1 | P15: =SUM(I15:K15) -> 0 | Q15: =SUM(F15:K15) -> 0
A16: 8 | B16: CIBEBER | C16: 0 | D16: 0 | E16: 0 | F16: 0 | G16: 0 | H16: 0 | I16: 0.5 | J16: 0 | K16: 0 | L16: 0 | M16: 0 | N16: 0 | O16: =SUM(C16:N16) -> 0.5 | P16: =SUM(I16:K16) -> 0.5 | Q16: =SUM(F16:K16) -> 0.5
A17: JUMLAH | C17: =SUM(C9:C16) -> 1 | D17: =SUM(D9:D16) -> 0 | E17: =SUM(E9:E16) -> 4 | F17: =SUM(F9:F16) -> 0 | G17: =SUM(G9:G16) -> 17 | H17: =SUM(H9:H16) -> 1 | I17: =SUM(I9:I16) -> 0.5 | J17: =SUM(J9:J16) -> 0 | ... P17: =SUM(P9:P16) -> 10.5 | Q17: =SUM(F17:K17) -> 28.5
A35: DATA LUAS PANEN KACANG HIJAU PER BULAN
A36: KOTA CILEGON TAHUN 2017
O38: (Ha)
A39: No | B39: Kecamatan | C39: Bulan | O39: Jumlah
C40: Jan | D40: Feb | E40: Maret | F40: Apr | G40: Mei | H40: Juni | I40: Juli | J40: Agst | K40: Sept | L40: Okt | M40: Nov | N40: Des
A41: 1 | B41: 2 | C41: 3 | D41: 4 | E41: 5 | F41: 6 | G41: 7 | H41: 8 | I41: 9 | J41: 10 | K41: 11 | L41: 12 | M41: 13 | N41: 14 | O41: 15
A42: 1 | B42: CIWANDAN | C42: 0 | D42: 2 | E42: 0 | F42: 0 | G42: 0 | H42: 0 | I42: 0 | J42: 0 | K42: 0 | L42: 0 | M42: 0 | N42: 0 | O42: =SUM(C42:N42) -> 2 | Q42: =SUM(F42:K42) -> 0
A43: 2 | B43: CITANGKIL | C43: 0 | D43: 0 | E43: 0 | F43: 0 | G43: 0 | H43: 0 | I43: 0 | J43: 0 | K43: 0 | L43: 0 | M43: 0 | N43: 0 | O43: =SUM(C43:N43) -> 0 | Q43: =SUM(F43:K43) -> 0
A44: 3 | B44: PULOMERAK | C44: 0 | D44: 0 | E44: 0 | F44: 0 | G44: 0 | H44: 0 | I44: 0 | J44: 0 | K44: 0 | L44: 0 | M44: 0 | N44: 0 | O44: =SUM(C44:N44) -> 0 | Q44: =SUM(F44:K44) -> 0
A45: 4 | B45: PURWAKARTA | C45: 0 | D45: 2 | E45: 0 | F45: 0 | G45: 0 | H45: 0 | I45: 9 | J45: 10 | K45: 0 | L45: 0 | M45: 0 | N45: 5 | O45: =SUM(C45:N45) -> 26 | Q45: =SUM(F45:K45) -> 19
A46: 5 | B46: GROGOL | C46: 0 | D46: 0 | E46: 0 | F46: 0 | G46: 0 | H46: 0 | I46: 2 | J46: 1 | K46: 0 | L46: 0 | M46: 0 | N46: 0 | O46: =SUM(C46:N46) -> 3 | Q46: =SUM(F46:K46) -> 3
A47: 6 | B47: CILEGON | C47: 0 | D47: 0 | E47: 0 | F47: 0 | G47: 0 | H47: 0 | I47: 0 | J47: 0 | K47: 0 | L47: 0 | M47: 0 | N47: 0 | O47: =SUM(C47:N47) -> 0 | Q47: =SUM(F47:K47) -> 0
A48: 7 | B48: JOMBANG | C48: 0 | D48: 0 | E48: 0 | F48: 0 | G48: 1 | H48: 0 | I48: 0 | J48: 0 | K48: 0 | L48: 0 | M48: 0 | N48: 0 | O48: =SUM(C48:N48) -> 1 | Q48: =SUM(F48:K48) -> 1
A49: 8 | B49: CIBEBER | C49: 0 | D49: 0 | E49: 0 | F49: 0 | G49: 0 | H49: 0 | I49: 0 | J49: 0 | K49: 0 | L49: 0.5 | M49: 0 | N49: 0 | O49: =SUM(C49:N49) -> 0.5 | Q49: =SUM(F49:K49) -> 0
A50: JUMLAH | C50: =SUM(C42:C49) -> 0 | D50: =SUM(D42:D49) -> 4 | E50: =SUM(E42:E49) -> 0 | F50: =SUM(F42:F49) -> 0 | G50: =SUM(G42:G49) -> 1 | H50: =SUM(H42:H49) -> 0 | I50: =SUM(I42:I49) -> 11 | J50: =SUM(J42:J49) -> 11 | ... O50: =SUM(O42:O49) -> 32.5 | Q50: =SUM(F50:K50) -> 23
A68: DATA PRODUKSI KACANG HIJAU PER BULAN
A69: KOTA CILEGON TAHUN 2017
O71: (Ton)
A72: No | B72: Kecamatan | C72: Bulan | O72: Jumlah
C73: Jan | D73: Feb | E73: Maret | F73: Apr | G73: Mei | H73: Juni | I73: Juli | J73: Agst | K73: Sept | L73: Okt | M73: Nov | N73: Des
A74: 1 | B74: 2 | C74: 3 | D74: 4 | E74: 5 | F74: 6 | G74: 7 | H74: 8 | I74: 9 | J74: 10 | K74: 11 | L74: 12 | M74: 13 | N74: 14 | O74: 15
A75: 1 | B75: CIWANDAN | C75: 0 | D75: 1 | E75: 0 | F75: 0 | G75: 0 | H75: 0 | I75: 0 | J75: 0 | K75: 0 | L75: 0 | M75: 0 | N75: 0 | O75: =SUM(C75:N75) -> 1 | Q75: =SUM(F75:K75) -> 0 | R75: =O75*20000 -> 20000
A76: 2 | B76: CITANGKIL | C76: 0 | D76: 0 | E76: 0 | F76: 0 | G76: 0 | H76: 0 | I76: 0 | J76: 0 | K76: 0 | L76: 0 | M76: 0 | N76: 0 | O76: =SUM(C76:N76) -> 0 | Q76: =SUM(F76:K76) -> 0 | R76: =O76*20000 -> 0
A77: 3 | B77: PULOMERAK | C77: 0 | D77: 0 | E77: 0 | F77: 0 | G77: 0 | H77: 0 | I77: 0 | J77: 0 | K77: 0 | L77: 0 | M77: 0 | N77: 0 | O77: =SUM(C77:N77) -> 0 | Q77: =SUM(F77:K77) -> 0 | R77: =O77*20000 -> 0
A78: 4 | B78: PURWAKARTA | C78: 0 | D78: 1 | E78: 0 | F78: 0 | G78: 0 | H78: 0 | I78: 5.76 | J78: 6 | K78: 0 | L78: 0 | M78: 0 | N78: 4 | O78: =SUM(C78:N78) -> 16.76 | Q78: =SUM(F78:K78) -> 11.76 | R78: =O78*20000 -> 335200
A79: 5 | B79: GROGOL | C79: 0 | D79: 0 | E79: 0 | F79: 0 | G79: 0 | H79: 0 | I79: 1.1 | J79: 0.6 | K79: 0 | L79: 0 | M79: 0 | N79: 0 | O79: =SUM(C79:N79) -> 1.7 | Q79: =SUM(F79:K79) -> 1.7 | R79: =O79*20000 -> 34000
A80: 6 | B80: CILEGON | C80: 0 | D80: 0 | E80: 0 | F80: 0 | G80: 0 | H80: 0 | I80: 0 | J80: 0 | K80: 0 | L80: 0 | M80: 0 | N80: 0 | O80: =SUM(C80:N80) -> 0 | Q80: =SUM(F80:K80) -> 0 | R80: =O80*20000 -> 0
A81: 7 | B81: JOMBANG | C81: 0 | D81: 0 | E81: 0 | F81: 0 | G81: 0.5 | H81: 0 | I81: 0 | J81: 0 | K81: 0 | L81: 0 | M81: 0 | N81: 0 | O81: =SUM(C81:N81) -> 0.5 | Q81: =SUM(F81:K81) -> 0.5 | R81: =O81*20000 -> 10000
A82: 8 | B82: CIBEBER | C82: 0 | D82: 0 | E82: 0 | F82: 0 | G82: 0 | H82: 0 | I82: 0 | J82: 0 | K82: 0 | L82: 0.4 | M82: 0 | N82: 0 | O82: =SUM(C82:N82) -> 0.4 | Q82: =SUM(F82:K82) -> 0 | R82: =O82*20000 -> 8000
A83: JUMLAH | C83: =SUM(C75:C82) -> 0 | D83: =SUM(D75:D82) -> 2 | E83: =SUM(E75:E82) -> 0 | F83: =SUM(F75:F82) -> 0 | G83: =SUM(G75:G82) -> 0.5 | H83: =SUM(H75:H82) -> 0 | I83: =SUM(I75:I82) -> 6.86 | J83: =SUM(J75:J82) -> 6.6 | ... O83: =SUM(O75:O82) -> 20.36 | Q83: =SUM(F83:K83) -> 13.96
B85: Produksi Kacang Hijau dlm bentuk biji
A101: DATA PRODUKTIVITAS KACANG HIJAU PER BULAN
A102: KOTA CILEGON TAHUN 2017
O104: (Ku/Ha)
A105: No | B105: Kecamatan | C105: Bulan | O105: Jumlah
C106: Jan | D106: Feb | E106: Maret | F106: Apr | G106: Mei | H106: Juni | I106: Juli | J106: Agst | K106: Sept | L106: Okt | M106: Nov | N106: Des
A107: 1 | B107: 2 | C107: 3 | D107: 4 | E107: 5 | F107: 6 | G107: 7 | H107: 8 | I107: 9 | J107: 10 | K107: 11 | L107: 12 | M107: 13 | N107: 14 | O107: 15
A108: 1 | B108: CIWANDAN | C108: 0 | D108: 5 | E108: 0 | F108: 0 | G108: 0 | H108: 0 | I108: 0 | J108: 0 | K108: 0 | L108: 0 | M108: 0 | N108: 0 | O108: =O75/O42*10 -> 5
A109: 2 | B109: CITANGKIL | C109: 0 | D109: 0 | E109: 0 | F109: 0 | G109: 0 | H109: 0 | I109: 0 | J109: 0 | K109: 0 | L109: 0 | M109: 0 | N109: 0 | O109: 0
A110: 3 | B110: PULOMERAK | C110: 0 | D110: 0 | E110: 0 | F110: 0 | G110: 0 | H110: 0 | I110: 0 | J110: 0 | K110: 0 | L110: 0 | M110: 0 | N110: 0 | O110: 0
A111: 4 | B111: PURWAKARTA | C111: 0 | D111: 5 | E111: 0 | F111: 0 | G111: 0 | H111: 0 | I111: 6.4 | J111: 6.32 | K111: 0 | L111: 0 | M111: 0 | N111: 8.12 | O111: =O78/O45*10 -> 6.4461538
A112: 5 | B112: GROGOL | C112: 0 | D112: 0 | E112: 0 | F112: 0 | G112: 0 | H112: 0 | I112: 5.5 | J112: 6.5 | K112: 0 | L112: 0 | M112: 0 | N112: 0 | O112: =O79/O46*10 -> 5.6666667
A113: 6 | B113: CILEGON | C113: 0 | D113: 0 | E113: 0 | F113: 0 | G113: 0 | H113: 0 | I113: 0 | J113: 0 | K113: 0 | L113: 0 | M113: 0 | N113: 0 | O113: 0
A114: 7 | B114: JOMBANG | C114: 0 | D114: 0 | E114: 0 | F114: 0 | G114: 5.03 | H114: 0 | I114: 0 | J114: 0 | K114: 0 | L114: 0 | M114: 0 | N114: 0 | O114: 0
A115: 8 | B115: CIBEBER | C115: 0 | D115: 0 | E115: 0 | F115: 0 | G115: 0 | H115: 0 | I115: 0 | J115: 0 | K115: 0 | L115: 8.01 | M115: 0 | N115: 0 | O115: =O82/O49*10 -> 8
A116: JUMLAH | C116: 0 | D116: 5 | E116: =SUM(E108:E115) -> 0 | F116: =SUM(F108:F115) -> 0 | G116: =SUM(G108:G115) -> 5.03 | H116: 0 | I116: =I83/I50*10 -> 6.2363636 | J116: =J83/J50*10 -> 6 | K116: 0 | L116: 8.01 | M116: 0 | N116: =SUM(N108:N115) -> 8.12 | O116: =O83/O50*10 -> 6.2646154
K119: Kepala Dinas Ketahanan Pangan dan Pertanian
K120: Kota Cilegon
K124: Ir. Wawan Hermawan, MM
K125: NIP. 19600110 198603 1 012

Sheet talas
A2: DATA LUAS TANAM TALAS PER BULAN
A3: KOTA CILEGON TAHUN 2017
O5: (Ha)
A6: No | B6: Kecamatan | C6: Bulan | O6: Jumlah
C7: Jan | D7: Feb | E7: Maret | F7: Apr | G7: Mei | H7: Juni | I7: Juli | J7: Agst | K7: Sept | L7: Okt | M7: Nov | N7: Des
A8: 1 | B8: 2 | C8: 3 | D8: 4 | E8: 5 | F8: 6 | G8: 7 | H8: 8 | I8: 9 | J8: 10 | K8: 11 | L8: 12 | M8: 13 | N8: 14 | O8: 15 | Q8: ok-nop
A9: 1 | B9: CIWANDAN | C9: 0 | D9: 0 | E9: 0 | F9: 0 | G9: 0 | H9: 0 | I9: 0 | J9: 0 | K9: 0 | L9: 0 | M9: 0 | N9: 0 | O9: =SUM(C9:N9) -> 0 | Q9: =SUM(L9:M9) -> 0
A10: 2 | B10: CITANGKIL | C10: 0 | D10: 0 | E10: 0 | F10: 0 | G10: 1 | H10: 0 | I10: 0 | J10: 0 | K10: 0 | L10: 0 | M10: 1 | N10: 0 | O10: =SUM(C10:N10) -> 2 | Q10: =SUM(L10:M10) -> 1
A11: 3 | B11: PULOMERAK | C11: 0 | D11: 0 | E11: 0 | F11: 0 | G11: 0 | H11: 0 | I11: 0 | J11: 0 | K11: 0 | L11: 0 | M11: 0 | N11: 0 | O11: =SUM(C11:N11) -> 0 | Q11: =SUM(L11:M11) -> 0
A12: 4 | B12: PURWAKARTA | C12: 0 | D12: 0 | E12: 0 | F12: 0 | G12: 0 | H12: 0 | I12: 0 | J12: 0 | K12: 0 | L12: 0 | M12: 0 | N12: 0 | O12: =SUM(C12:N12) -> 0 | Q12: =SUM(L12:M12) -> 0
A13: 5 | B13: GROGOL | C13: 0 | D13: 0 | E13: 0 | F13: 0 | G13: 0 | H13: 0 | I13: 0 | J13: 0 | K13: 0 | L13: 0 | M13: 0 | N13: 0 | O13: =SUM(C13:N13) -> 0 | Q13: =SUM(L13:M13) -> 0
A14: 6 | B14: CILEGON | C14: 0 | D14: 0 | E14: 0 | F14: 0 | G14: 0 | H14: 0 | I14: 0 | J14: 0 | K14: 0 | L14: 0 | M14: 0 | N14: 0 | O14: =SUM(C14:N14) -> 0 | Q14: =SUM(L14:M14) -> 0
A15: 7 | B15: JOMBANG | C15: 0 | D15: 0 | E15: 0 | F15: 0 | G15: 0 | H15: 0 | I15: 0 | J15: 0 | K15: 0 | L15: 0 | M15: 0 | N15: 0 | O15: =SUM(C15:N15) -> 0 | Q15: =SUM(L15:M15) -> 0
A16: 8 | B16: CIBEBER | C16: 0 | D16: 0 | E16: 0 | F16: 0 | G16: 0 | H16: 0 | I16: 0 | J16: 0 | K16: 0 | L16: 0 | M16: 0 | N16: 0 | O16: =SUM(C16:N16) -> 0 | Q16: =SUM(L16:M16) -> 0
A17: JUMLAH | C17: =SUM(C9:C16) -> 0 | D17: =SUM(D9:D16) -> 0 | E17: =SUM(E9:E16) -> 0 | F17: =SUM(F9:F16) -> 0 | G17: =SUM(G9:G16) -> 1 | H17: =SUM(H9:H16) -> 0 | I17: =SUM(I9:I16) -> 0 | J17: =SUM(J9:J16) -> 0 | ... O17: =SUM(O9:O16) -> 2
A35: DATA LUAS PANEN TALAS PER BULAN
A36: KOTA CILEGON TAHUN 2017
O38: (Ha)
A39: No | B39: Kecamatan | C39: Bulan | O39: Jumlah
C40: Jan | D40: Feb | E40: Maret | F40: Apr | G40: Mei | H40: Juni | I40: Juli | J40: Agst | K40: Sept | L40: Okt | M40: Nov | N40: Des
A41: 1 | B41: 2 | C41: 3 | D41: 4 | E41: 5 | F41: 6 | G41: 7 | H41: 8 | I41: 9 | J41: 10 | K41: 11 | L41: 12 | M41: 13 | N41: 14 | O41: 15
A42: 1 | B42: CIWANDAN | C42: 0 | D42: 0 | E42: 0 | F42: 0 | G42: 0 | H42: 0 | I42: 0 | J42: 0 | K42: 0 | L42: 0 | M42: 0 | N42: 0 | O42: =SUM(C42:N42) -> 0 | Q42: =SUM(C42:E42) -> 0
A43: 2 | B43: CITANGKIL | C43: 0 | D43: 0 | E43: 0 | F43: 0 | G43: 0 | H43: 0 | I43: 0 | J43: 0 | K43: 0 | L43: 0 | M43: 1 | N43: 0 | O43: =SUM(C43:N43) -> 1 | Q43: =SUM(C43:E43) -> 0
A44: 3 | B44: PULOMERAK | C44: 0 | D44: 0 | E44: 0 | F44: 0 | G44: 0 | H44: 0 | I44: 0 | J44: 0 | K44: 0 | L44: 0 | M44: 0 | N44: 0 | O44: =SUM(C44:N44) -> 0 | Q44: =SUM(C44:E44) -> 0
A45: 4 | B45: PURWAKARTA | C45: 0 | D45: 0 | E45: 0 | F45: 0 | G45: 0 | H45: 0 | I45: 0 | J45: 0 | K45: 0 | L45: 0 | M45: 0 | N45: 0 | O45: =SUM(C45:N45) -> 0 | Q45: =SUM(C45:E45) -> 0
A46: 5 | B46: GROGOL | C46: 0 | D46: 0 | E46: 0 | F46: 0 | G46: 0 | H46: 0 | I46: 0 | J46: 0 | K46: 0 | L46: 0 | M46: 0 | N46: 0 | O46: =SUM(C46:N46) -> 0 | Q46: =SUM(C46:E46) -> 0
A47: 6 | B47: CILEGON | C47: 0 | D47: 0 | E47: 0 | F47: 0 | G47: 0 | H47: 0 | I47: 0 | J47: 0 | K47: 0 | L47: 0 | M47: 0 | N47: 0 | O47: =SUM(C47:N47) -> 0 | Q47: =SUM(C47:E47) -> 0
A48: 7 | B48: JOMBANG | C48: 0 | D48: 0 | E48: 0 | F48: 0 | G48: 0 | H48: 0 | I48: 0 | J48: 0 | K48: 0 | L48: 0 | M48: 0 | N48: 0 | O48: =SUM(C48:N48) -> 0 | Q48: =SUM(C48:E48) -> 0
A49: 8 | B49: CIBEBER | C49: 0 | D49: 0 | E49: 0 | F49: 0 | G49: 0 | H49: 0 | I49: 0 | J49: 0 | K49: 0 | L49: 0 | M49: 0 | N49: 0 | O49: =SUM(C49:N49) -> 0 | P49: 15 | Q49: =SUM(C49:E49) -> 0
A50: JUMLAH | C50: =SUM(C42:C49) -> 0 | D50: =SUM(D42:D49) -> 0 | E50: 0 | F50: =SUM(F42:F49) -> 0 | G50: =SUM(G42:G49) -> 0 | H50: =SUM(H42:H49) -> 0 | I50: =SUM(I42:I49) -> 0 | J50: =SUM(J42:J49) -> 0 | K50: =SUM(K42:K49) -> 0 | L50: =SUM(L42:L49) -> 0 | M50: =SUM(M42:M49) -> 1 | ... P50: =SUM(P42:P49) -> 15
A68: DATA PRODUKSI TALAS PER BULAN
A69: KOTA CILEGON TAHUN 2017
O71: (Ton)
A72: No | B72: Kecamatan | C72: Bulan | O72: Jumlah
C73: Jan | D73: Feb | E73: Maret | F73: Apr | G73: Mei | H73: Juni | I73: Juli | J73: Agst | K73: Sept | L73: Okt | M73: Nov | N73: Des
A74: 1 | B74: 2 | C74: 3 | D74: 4 | E74: 5 | F74: 6 | G74: 7 | H74: 8 | I74: 9 | J74: 10 | K74: 11 | L74: 12 | M74: 13 | N74: 14 | O74: 15
A75: 1 | B75: CIWANDAN | C75: 0 | D75: 0 | E75: 0 | F75: 0 | G75: 0 | H75: 0 | I75: 0 | J75: 0 | K75: 0 | L75: 0 | M75: 0 | N75: 0 | O75: =SUM(C75:N75) -> 0 | Q75: =SUM(C75:E75) -> 0
A76: 2 | B76: CITANGKIL | C76: 0 | D76: 0 | E76: 0 | F76: 0 | G76: 0 | H76: 0 | I76: 0 | J76: 0 | K76: 0 | L76: 0 | M76: 9.6 | N76: 0 | O76: =SUM(C76:N76) -> 9.6 | Q76: =SUM(C76:E76) -> 0
A77: 3 | B77: PULOMERAK | C77: 0 | D77: 0 | E77: 0 | F77: 0 | G77: 0 | H77: 0 | I77: 0 | J77: 0 | K77: 0 | L77: 0 | M77: 0 | N77: 0 | O77: =SUM(C77:N77) -> 0 | Q77: =SUM(C77:E77) -> 0
A78: 4 | B78: PURWAKARTA | C78: 0 | D78: 0 | E78: 0 | F78: 0 | G78: 0 | H78: 0 | I78: 0 | J78: 0 | K78: 0 | L78: 0 | M78: 0 | N78: 0 | O78: =SUM(C78:N78) -> 0 | Q78: =SUM(C78:E78) -> 0
A79: 5 | B79: GROGOL | C79: 0 | D79: 0 | E79: 0 | F79: 0 | G79: 0 | H79: 0 | I79: 0 | J79: 0 | K79: 0 | L79: 0 | M79: 0 | N79: 0 | O79: =SUM(C79:N79) -> 0 | Q79: =SUM(C79:E79) -> 0
A80: 6 | B80: CILEGON | C80: 0 | D80: 0 | E80: 0 | F80: 0 | G80: 0 | H80: 0 | I80: 0 | J80: 0 | K80: 0 | L80: 0 | M80: 0 | N80: 0 | O80: =SUM(C80:N80) -> 0 | Q80: =SUM(C80:E80) -> 0
A81: 7 | B81: JOMBANG | C81: 0 | D81: 0 | E81: 0 | F81: 0 | G81: 0 | H81: 0 | I81: 0 | J81: 0 | K81: 0 | L81: 0 | M81: 0 | N81: 0 | O81: =SUM(C81:N81) -> 0 | Q81: =SUM(C81:E81) -> 0
A82: 8 | B82: CIBEBER | C82: 0 | D82: 0 | E82: 0 | F82: 0 | G82: 0 | H82: 0 | I82: 0 | J82: 0 | K82: 0 | L82: 0 | M82: 0 | N82: 0 | O82: =SUM(C82:N82) -> 0 | Q82: =SUM(C82:E82) -> 0
A83: JUMLAH | C83: =SUM(C75:C82) -> 0 | D83: =SUM(D75:D82) -> 0 | E83: =SUM(E75:E82) -> 0 | F83: =SUM(F75:F82) -> 0 | G83: =SUM(G75:G82) -> 0 | H83: =SUM(H75:H82) -> 0 | I83: =SUM(I75:I82) -> 0 | J83: =SUM(J75:J82) -> 0 | ... O83: =SUM(O75:O82) -> 9.6
A101: DATA PRODUKTIVITAS TALAS PER BULAN
A102: KOTA CILEGON TAHUN 2017
O104: (Ku/Ha)
A105: No | B105: Kecamatan | C105: Bulan | O105: Jumlah
C106: Jan | D106: Feb | E106: Maret | F106: Apr | G106: Mei | H106: Juni | I106: Juli | J106: Agst | K106: Sept | L106: Okt | M106: Nov | N106: Des
A107: 1 | B107: 2 | C107: 3 | D107: 4 | E107: 5 | F107: 6 | G107: 7 | H107: 8 | I107: 9 | J107: 10 | K107: 11 | L107: 12 | M107: 13 | N107: 14 | O107: 15
A108: 1 | B108: CIWANDAN | C108: 0 | D108: 0 | E108: 0 | F108: 0 | G108: 0 | H108: 0 | I108: 0 | J108: 0 | K108: 0 | L108: 0 | M108: 0 | N108: 0 | O108: 0
A109: 2 | B109: CITANGKIL | C109: 0 | D109: 0 | E109: 0 | F109: 0 | G109: 0 | H109: 0 | I109: 0 | J109: 0 | K109: 0 | L109: 0 | M109: 96 | N109: 0 | O109: =SUM(M109) -> 96
A110: 3 | B110: PULOMERAK | C110: 0 | D110: 0 | E110: 0 | F110: 0 | G110: 0 | H110: 0 | I110: 0 | J110: 0 | K110: 0 | L110: 0 | M110: 0 | N110: 0 | O110: 0
A111: 4 | B111: PURWAKARTA | C111: 0 | D111: 0 | E111: 0 | F111: 0 | G111: 0 | H111: 0 | I111: 0 | J111: 0 | K111: 0 | L111: 0 | M111: 0 | N111: 0 | O111: 0
A112: 5 | B112: GROGOL | C112: 0 | D112: 0 | E112: 0 | F112: 0 | G112: 0 | H112: 0 | I112: 0 | J112: 0 | K112: 0 | L112: 0 | M112: 0 | N112: 0 | O112: 0
A113: 6 | B113: CILEGON | C113: 0 | D113: 0 | E113: 0 | F113: 0 | G113: 0 | H113: 0 | I113: 0 | J113: 0 | K113: 0 | L113: 0 | M113: 0 | N113: 0 | O113: 0
A114: 7 | B114: JOMBANG | C114: 0 | D114: 0 | E114: 0 | F114: 0 | G114: 0 | H114: 0 | I114: 0 | J114: 0 | K114: 0 | L114: 0 | M114: 0 | N114: 0 | O114: 0
A115: 8 | B115: CIBEBER | C115: 0 | D115: 0 | E115: 0 | F115: 0 | G115: 0 | H115: 0 | I115: 0 | J115: 0 | K115: 0 | L115: 0 | M115: 0 | N115: 0 | O115: 0
A116: JUMLAH | C116: 0 | D116: =SUM(D108:D115) -> 0 | E116: =SUM(E108:E115) -> 0 | F116: =SUM(F108:F115) -> 0 | G116: =SUM(G108:G115) -> 0 | H116: =SUM(H108:H115) -> 0 | I116: =SUM(I108:I115) -> 0 | J116: =SUM(J108:J115) -> 0 | K116: =SUM(K108:K115) -> 0 | ... O116: =SUM(O108:O115) -> 96
K119: Kepala Dinas Ketahanan Pangan dan Pertanian
K120: Kota Cilegon
K124: Ir. Wawan Hermawan, MM
K125: NIP. 19600110 198603 1 012

Sheet sorgum
A2: DATA LUAS TANAM SORGUM PER BULAN
A3: KOTA CILEGON TAHUN 2017
O5: (Ha)
A6: No | B6: Kecamatan | C6: Bulan | O6: Jumlah
C7: Jan | D7: Feb | E7: Maret | F7: Apr | G7: Mei | H7: Juni | I7: Juli | J7: Agst | K7: Sept | L7: Okt | M7: Nov | N7: Des
A8: 1 | B8: 2 | C8: 3 | D8: 4 | E8: 5 | F8: 6 | G8: 7 | H8: 8 | I8: 9 | J8: 10 | K8: 11 | L8: 12 | M8: 13 | N8: 14 | O8: 15 | Q8: ok-nop
A9: 1 | B9: CIWANDAN | C9: 0 | D9: 0 | E9: 0 | F9: 0 | G9: 0 | H9: 0 | I9: 0 | J9: 0 | K9: 0 | L9: 0 | M9: 0 | N9: 0 | O9: =SUM(C9:N9) -> 0 | Q9: =SUM(L9:M9) -> 0
A10: 2 | B10: CITANGKIL | C10: 0 | D10: 0 | E10: 0 | F10: 0 | G10: 0 | H10: 0 | I10: 0 | J10: 0 | K10: 0 | L10: 0 | M10: 0 | N10: 0 | O10: =SUM(C10:N10) -> 0 | Q10: =SUM(L10:M10) -> 0
A11: 3 | B11: PULOMERAK | C11: 0 | D11: 0 | E11: 0 | F11: 0 | G11: 0 | H11: 0 | I11: 0 | J11: 0 | K11: 0 | L11: 0 | M11: 0 | N11: 0 | O11: =SUM(C11:N11) -> 0 | Q11: =SUM(L11:M11) -> 0
A12: 4 | B12: PURWAKARTA | C12: 0 | D12: 0 | E12: 0 | F12: 0 | G12: 0 | H12: 0 | I12: 0 | J12: 0 | K12: 0 | L12: 0 | M12: 0 | N12: 0 | O12: =SUM(C12:N12) -> 0 | Q12: =SUM(L12:M12) -> 0
A13: 5 | B13: GROGOL | C13: 0 | D13: 0 | E13: 0 | F13: 0 | G13: 0 | H13: 0 | I13: 0 | J13: 0 | K13: 0 | L13: 0 | M13: 0 | N13: 0 | O13: =SUM(C13:N13) -> 0 | Q13: =SUM(L13:M13) -> 0
A14: 6 | B14: CILEGON | C14: 0 | D14: 0 | E14: 0 | F14: 0 | G14: 0 | H14: 0 | I14: 0 | J14: 0 | K14: 0 | L14: 0 | M14: 0 | N14: 0 | O14: =SUM(C14:N14) -> 0 | Q14: =SUM(L14:M14) -> 0
A15: 7 | B15: JOMBANG | C15: 0 | D15: 0 | E15: 0 | F15: 0 | G15: 0 | H15: 0 | I15: 0 | J15: 0 | K15: 0 | L15: 0 | M15: 0 | N15: 0 | O15: =SUM(C15:N15) -> 0 | Q15: =SUM(L15:M15) -> 0
A16: 8 | B16: CIBEBER | C16: 0 | D16: 0 | E16: 0 | F16: 0 | G16: 0 | H16: 0 | I16: 0.5 | J16: 0 | K16: 0 | L16: 0 | M16: 0 | N16: 0 | O16: =SUM(C16:N16) -> 0.5 | Q16: =SUM(L16:M16) -> 0
A17: JUMLAH | C17: =SUM(C9:C16) -> 0 | D17: =SUM(D9:D16) -> 0 | E17: =SUM(E9:E16) -> 0 | F17: =SUM(F9:F16) -> 0 | G17: =SUM(G9:G16) -> 0 | H17: =SUM(H9:H16) -> 0 | I17: =SUM(I9:I16) -> 0.5 | J17: =SUM(J9:J16) -> 0 | ... O17: =SUM(O9:O16) -> 0.5
A35: DATA LUAS PANEN SORGUM PER BULAN
A36: KOTA CILEGON TAHUN 2017
O38: (Ha)
A39: No | B39: Kecamatan | C39: Bulan | O39: Jumlah
C40: Jan | D40: Feb | E40: Maret | F40: Apr | G40: Mei | H40: Juni | I40: Juli | J40: Agst | K40: Sept | L40: Okt | M40: Nov | N40: Des
A41: 1 | B41: 2 | C41: 3 | D41: 4 | E41: 5 | F41: 6 | G41: 7 | H41: 8 | I41: 9 | J41: 10 | K41: 11 | L41: 12 | M41: 13 | N41: 14 | O41: 15
A42: 1 | B42: CIWANDAN | C42: 0 | D42: 0 | E42: 0 | F42: 0 | G42: 0 | H42: 0 | I42: 0 | J42: 0 | K42: 0 | L42: 0 | M42: 0 | N42: 0 | O42: =SUM(C42:N42) -> 0 | Q42: =SUM(C42:E42) -> 0
A43: 2 | B43: CITANGKIL | C43: 0 | D43: 0 | E43: 0 | F43: 0 | G43: 0 | H43: 0 | I43: 0 | J43: 0 | K43: 0 | L43: 0 | M43: 0 | N43: 0 | O43: =SUM(C43:N43) -> 0 | Q43: =SUM(C43:E43) -> 0
A44: 3 | B44: PULOMERAK | C44: 0 | D44: 0 | E44: 0 | F44: 0 | G44: 0 | H44: 0 | I44: 0 | J44: 0 | K44: 0 | L44: 0 | M44: 0 | N44: 0 | O44: =SUM(C44:N44) -> 0 | Q44: =SUM(C44:E44) -> 0
A45: 4 | B45: PURWAKARTA | C45: 0 | D45: 0 | E45: 0 | F45: 0 | G45: 0 | H45: 0 | I45: 0 | J45: 0 | K45: 0 | L45: 0 | M45: 0 | N45: 0 | O45: =SUM(C45:N45) -> 0 | Q45: =SUM(C45:E45) -> 0
A46: 5 | B46: GROGOL | C46: 0 | D46: 0 | E46: 0 | F46: 0 | G46: 0 | H46: 0 | I46: 0 | J46: 0 | K46: 0 | L46: 0 | M46: 0 | N46: 0 | O46: =SUM(C46:N46) -> 0 | Q46: =SUM(C46:E46) -> 0
A47: 6 | B47: CILEGON | C47: 0 | D47: 0 | E47: 0 | F47: 0 | G47: 0 | H47: 0 | I47: 0 | J47: 0 | K47: 0 | L47: 0 | M47: 0 | N47: 0 | O47: =SUM(C47:N47) -> 0 | Q47: =SUM(C47:E47) -> 0
A48: 7 | B48: JOMBANG | C48: 0 | D48: 0 | E48: 0 | F48: 0 | G48: 0 | H48: 0 | I48: 0 | J48: 0 | K48: 0 | L48: 0 | M48: 0 | N48: 0 | O48: =SUM(C48:N48) -> 0 | Q48: =SUM(C48:E48) -> 0
A49: 8 | B49: CIBEBER | C49: 0 | D49: 0 | E49: 0 | F49: 0 | G49: 0 | H49: 0 | I49: 0 | J49: 0 | K49: 0 | L49: 0 | M49: 0 | N49: 0 | O49: =SUM(C49:N49) -> 0 | P49: 15 | Q49: =SUM(C49:E49) -> 0
A50: JUMLAH | C50: =SUM(C42:C49) -> 0 | D50: =SUM(D42:D49) -> 0 | E50: 0 | F50: =SUM(F42:F49) -> 0 | G50: =SUM(G42:G49) -> 0 | H50: =SUM(H42:H49) -> 0 | I50: =SUM(I42:I49) -> 0 | J50: =SUM(J42:J49) -> 0 | K50: =SUM(K42:K49) -> 0 | L50: =SUM(L42:L49) -> 0 | M50: =SUM(M42:M49) -> 0 | ... P50: =SUM(P42:P49) -> 15
A68: DATA PRODUKSI SORGUM PER BULAN
A69: KOTA CILEGON TAHUN 2017
O71: (Ton)
A72: No | B72: Kecamatan | C72: Bulan | O72: Jumlah
C73: Jan | D73: Feb | E73: Maret | F73: Apr | G73: Mei | H73: Juni | I73: Juli | J73: Agst | K73: Sept | L73: Okt | M73: Nov | N73: Des
A74: 1 | B74: 2 | C74: 3 | D74: 4 | E74: 5 | F74: 6 | G74: 7 | H74: 8 | I74: 9 | J74: 10 | K74: 11 | L74: 12 | M74: 13 | N74: 14 | O74: 15
A75: 1 | B75: CIWANDAN | C75: 0 | D75: 0 | E75: 0 | F75: 0 | G75: 0 | H75: 0 | I75: 0 | J75: 0 | K75: 0 | L75: 0 | M75: 0 | N75: 0 | O75: =SUM(C75:N75) -> 0 | Q75: =SUM(C75:E75) -> 0
A76: 2 | B76: CITANGKIL | C76: 0 | D76: 0 | E76: 0 | F76: 0 | G76: 0 | H76: 0 | I76: 0 | J76: 0 | K76: 0 | L76: 0 | M76: 0 | N76: 0 | O76: =SUM(C76:N76) -> 0 | Q76: =SUM(C76:E76) -> 0
A77: 3 | B77: PULOMERAK | C77: 0 | D77: 0 | E77: 0 | F77: 0 | G77: 0 | H77: 0 | I77: 0 | J77: 0 | K77: 0 | L77: 0 | M77: 0 | N77: 0 | O77: =SUM(C77:N77) -> 0 | Q77: =SUM(C77:E77) -> 0
A78: 4 | B78: PURWAKARTA | C78: 0 | D78: 0 | E78: 0 | F78: 0 | G78: 0 | H78: 0 | I78: 0 | J78: 0 | K78: 0 | L78: 0 | M78: 0 | N78: 0 | O78: =SUM(C78:N78) -> 0 | Q78: =SUM(C78:E78) -> 0
A79: 5 | B79: GROGOL | C79: 0 | D79: 0 | E79: 0 | F79: 0 | G79: 0 | H79: 0 | I79: 0 | J79: 0 | K79: 0 | L79: 0 | M79: 0 | N79: 0 | O79: =SUM(C79:N79) -> 0 | Q79: =SUM(C79:E79) -> 0
A80: 6 | B80: CILEGON | C80: 0 | D80: 0 | E80: 0 | F80: 0 | G80: 0 | H80: 0 | I80: 0 | J80: 0 | K80: 0 | L80: 0 | M80: 0 | N80: 0 | O80: =SUM(C80:N80) -> 0 | Q80: =SUM(C80:E80) -> 0
A81: 7 | B81: JOMBANG | C81: 0 | D81: 0 | E81: 0 | F81: 0 | G81: 0 | H81: 0 | I81: 0 | J81: 0 | K81: 0 | L81: 0 | M81: 0 | N81: 0 | O81: =SUM(C81:N81) -> 0 | Q81: =SUM(C81:E81) -> 0
A82: 8 | B82: CIBEBER | C82: 0 | D82: 0 | E82: 0 | F82: 0 | G82: 0 | H82: 0 | I82: 0 | J82: 0 | K82: 0 | L82: 0 | M82: 0 | N82: 0 | O82: =SUM(C82:N82) -> 0 | Q82: =SUM(C82:E82) -> 0
A83: JUMLAH | C83: =SUM(C75:C82) -> 0 | D83: =SUM(D75:D82) -> 0 | E83: =SUM(E75:E82) -> 0 | F83: =SUM(F75:F82) -> 0 | G83: =SUM(G75:G82) -> 0 | H83: =SUM(H75:H82) -> 0 | I83: =SUM(I75:I82) -> 0 | J83: =SUM(J75:J82) -> 0 | ... O83: =SUM(O75:O82) -> 0
A101: DATA PRODUKTIVITAS SORGUM PER BULAN
A102: KOTA CILEGON TAHUN 2017
O104: (Ku/Ha)
A105: No | B105: Kecamatan | C105: Bulan | O105: Jumlah
C106: Jan | D106: Feb | E106: Maret | F106: Apr | G106: Mei | H106: Juni | I106: Juli | J106: Agst | K106: Sept | L106: Okt | M106: Nov | N106: Des
A107: 1 | B107: 2 | C107: 3 | D107: 4 | E107: 5 | F107: 6 | G107: 7 | H107: 8 | I107: 9 | J107: 10 | K107: 11 | L107: 12 | M107: 13 | N107: 14 | O107: 15
A108: 1 | B108: CIWANDAN | C108: 0 | D108: 0 | E108: 0 | F108: 0 | G108: 0 | H108: 0 | I108: 0 | J108: 0 | K108: 0 | L108: 0 | M108: 0 | N108: 0 | O108: 0
A109: 2 | B109: CITANGKIL | C109: 0 | D109: 0 | E109: 0 | F109: 0 | G109: 0 | H109: 0 | I109: 0 | J109: 0 | K109: 0 | L109: 0 | M109: 0 | N109: 0 | O109: 0
A110: 3 | B110: PULOMERAK | C110: 0 | D110: 0 | E110: 0 | F110: 0 | G110: 0 | H110: 0 | I110: 0 | J110: 0 | K110: 0 | L110: 0 | M110: 0 | N110: 0 | O110: 0
A111: 4 | B111: PURWAKARTA | C111: 0 | D111: 0 | E111: 0 | F111: 0 | G111: 0 | H111: 0 | I111: 0 | J111: 0 | K111: 0 | L111: 0 | M111: 0 | N111: 0 | O111: 0
A112: 5 | B112: GROGOL | C112: 0 | D112: 0 | E112: 0 | F112: 0 | G112: 0 | H112: 0 | I112: 0 | J112: 0 | K112: 0 | L112: 0 | M112: 0 | N112: 0 | O112: 0
A113: 6 | B113: CILEGON | C113: 0 | D113: 0 | E113: 0 | F113: 0 | G113: 0 | H113: 0 | I113: 0 | J113: 0 | K113: 0 | L113: 0 | M113: 0 | N113: 0 | O113: 0
A114: 7 | B114: JOMBANG | C114: 0 | D114: 0 | E114: 0 | F114: 0 | G114: 0 | H114: 0 | I114: 0 | J114: 0 | K114: 0 | L114: 0 | M114: 0 | N114: 0 | O114: 0
A115: 8 | B115: CIBEBER | C115: 0 | D115: 0 | E115: 0 | F115: 0 | G115: 0 | H115: 0 | I115: 0 | J115: 0 | K115: 0 | L115: 0 | M115: 0 | N115: 0 | O115: 0
A116: JUMLAH | C116: 0 | D116: =SUM(D108:D115) -> 0 | E116: =SUM(E108:E115) -> 0 | F116: =SUM(F108:F115) -> 0 | G116: =SUM(G108:G115) -> 0 | H116: =SUM(H108:H115) -> 0 | I116: =SUM(I108:I115) -> 0 | J116: =SUM(J108:J115) -> 0 | K116: =SUM(K108:K115) -> 0 | ... O116: =SUM(O108:O115) -> 0
K119: Kepala Dinas Ketahanan Pangan dan Pertanian
K120: Kota Cilegon
K124: Ir. Wawan Hermawan, MM
K125: NIP. 19600110 198603 1 012

Sheet rekap
A1: REALISASI TANAM, PANEN, PRODUKSI DAN PRODUKTIVITAS PADI DAN PALAWIJA
A2: KOTA CILEGON 2017
A4: 1. PADI SAWAH
A5: No | B5: Kecamatan | C5: TANAM | D5: PANEN | E5: PRODUKSI | F5: PRODUKTIVITAS
C6: (Ha) | D6: (Ha) | E6: (Ton) | F6: (Ku/Ha)
A7: 1 | B7: 2 | C7: 3 | D7: 4 | E7: 5 | F7: 6
A8: 1 | B8: CIWANDAN | C8: ='padi sawah'!O9 -> 293 | D8: ='padi sawah'!O42 -> 333 | E8: ='padi sawah'!O75 -> 1861 | F8: ='padi sawah'!O108 -> 55.885886
A9: 2 | B9: CITANGKIL | C9: ='padi sawah'!O10 -> 235 | D9: ='padi sawah'!O43 -> 371 | E9: ='padi sawah'!O76 -> 3076 | F9: ='padi sawah'!O109 -> 82.911051
A10: 3 | B10: PULOMERAK | C10: ='padi sawah'!O11 -> 26 | D10: ='padi sawah'!O44 -> 41 | E10: ='padi sawah'!O77 -> 228 | F10: ='padi sawah'!O110 -> 55.609756
A11: 4 | B11: PURWAKARTA | C11: ='padi sawah'!O12 -> 183 | D11: ='padi sawah'!O45 -> 215 | E11: ='padi sawah'!O78 -> 1443 | F11: ='padi sawah'!O111 -> 67.116279
A12: 5 | B12: GROGOL | C12: ='padi sawah'!O13 -> 187 | D12: ='padi sawah'!O46 -> 202 | E12: ='padi sawah'!O79 -> 1307 | F12: ='padi sawah'!O112 -> 64.70297
A13: 6 | B13: CILEGON | C13: ='padi sawah'!O14 -> 77 | D13: ='padi sawah'!O47 -> 109 | E13: ='padi sawah'!O80 -> 738 | F13: ='padi sawah'!O113 -> 67.706422
A14: 7 | B14: JOMBANG | C14: ='padi sawah'!O15 -> 491 | D14: ='padi sawah'!O48 -> 606 | E14: ='padi sawah'!O81 -> 3358 | F14: ='padi sawah'!O114 -> 55.412541
A15: 8 | B15: CIBEBER | C15: ='padi sawah'!O16 -> 375 | D15: ='padi sawah'!O49 -> 520 | E15: ='padi sawah'!O82 -> 3179 | F15: ='padi sawah'!O115 -> 61.134615
A16: JUMLAH | C16: =SUM(C8:C15) -> 1867 | D16: =SUM(D8:D15) -> 2397 | E16: =SUM(E8:E15) -> 15190 | F16: =E16/D16*10 -> 63.37088
A18: 2. PADI LADANG
A19: No | B19: Kecamatan | C19: TANAM | D19: PANEN | E19: PRODUKSI | F19: PRODUKTIVITAS
C20: (Ha) | D20: (Ha) | E20: (Ton) | F20: (Ku/Ha)
A21: 1 | B21: 2 | C21: 3 | D21: 4 | E21: 5 | F21: 6
A22: 1 | B22: CIWANDAN | C22: ='padi ladang'!O9 -> 0 | D22: ='padi ladang'!O42 -> 0 | E22: ='padi ladang'!O75 -> 0 | F22: ='padi ladang'!O108 -> 0
A23: 2 | B23: CITANGKIL | C23: ='padi ladang'!O10 -> 0 | D23: ='padi ladang'!O43 -> 0 | E23: ='padi ladang'!O76 -> 0 | F23: ='padi ladang'!O109 -> 0
A24: 3 | B24: PULOMERAK | C24: ='padi ladang'!O11 -> 18 | D24: ='padi ladang'!O44 -> 82 | E24: ='padi ladang'!O77 -> 311 | F24: ='padi ladang'!O110 -> 37.926829
A25: 4 | B25: PURWAKARTA | C25: ='padi ladang'!O12 -> 0 | D25: ='padi ladang'!O45 -> 0 | E25: ='padi ladang'!O78 -> 0 | F25: ='padi ladang'!O111 -> 0
A26: 5 | B26: GROGOL | C26: ='padi ladang'!O13 -> 0 | D26: ='padi ladang'!O46 -> 0 | E26: ='padi ladang'!O79 -> 0 | F26: ='padi ladang'!O112 -> 0
A27: 6 | B27: CILEGON | C27: ='padi ladang'!O14 -> 0 | D27: ='padi ladang'!O47 -> 0 | E27: ='padi ladang'!O80 -> 0 | F27: ='padi ladang'!O113 -> 0
A28: 7 | B28: JOMBANG | C28: ='padi ladang'!O15 -> 0 | D28: ='padi ladang'!O48 -> 0 | E28: ='padi ladang'!O81 -> 0 | F28: ='padi ladang'!O114 -> 0
A29: 8 | B29: CIBEBER | C29: ='padi ladang'!O16 -> 0 | D29: ='padi ladang'!O49 -> 0 | E29: ='padi ladang'!O82 -> 0 | F29: ='padi ladang'!O115 -> 0
A30: JUMLAH | C30: =SUM(C22:C29) -> 18 | D30: =SUM(D22:D29) -> 82 | E30: =SUM(E22:E29) -> 311 | F30: =E30/D30*10 -> 37.926829
A32: 3. JAGUNG
A33: No | B33: Kecamatan | C33: TANAM | D33: PANEN | E33: PRODUKSI | F33: PRODUKTIVITAS
C34: (Ha) | D34: (Ha) | E34: (Ton) | F34: (Ku/Ha)
A35: 1 | B35: 2 | C35: 3 | D35: 4 | E35: 5 | F35: 6
A36: 1 | B36: CIWANDAN | C36: =jagung!O9 -> 47 | D36: =jagung!O42 -> 1 | E36: =jagung!O75 -> 0 | F36: =jagung!O108 -> 0
A37: 2 | B37: CITANGKIL | C37: =jagung!O10 -> 27 | D37: =jagung!O43 -> 2 | E37: =jagung!O76 -> 0 | F37: =jagung!O109 -> 0
A38: 3 | B38: PULOMERAK | C38: =jagung!O11 -> 70 | D38: =jagung!O44 -> 50 | E38: =jagung!O77 -> 15 | F38: =jagung!O110 -> 30.78
A39: 4 | B39: PURWAKARTA | C39: =jagung!O12 -> 6 | D39: =jagung!O45 -> 2 | E39: =jagung!O78 -> 6 | F39: =jagung!O111 -> 30
A40: 5 | B40: GROGOL | C40: =jagung!O13 -> 37 | D40: =jagung!O46 -> 10 | E40: =jagung!O79 -> 34.6 | F40: =jagung!O112 -> 34.6
A41: 6 | B41: CILEGON | C41: =jagung!O14 -> 15 | D41: =jagung!O47 -> 0 | E41: =jagung!O80 -> 0 | F41: =jagung!O113 -> 0
A42: 7 | B42: JOMBANG | C42: =jagung!O15 -> 3 | D42: =jagung!O48 -> 0 | E42: =jagung!O81 -> 0 | F42: =jagung!O114 -> 0
A43: 8 | B43: CIBEBER | C43: =jagung!O16 -> 24 | D43: =jagung!O49 -> 3 | E43: =jagung!O82 -> 3 | F43: =jagung!O115 -> 29.3
A44: JUMLAH | C44: =SUM(C36:C43) -> 229 | D44: =SUM(D36:D43) -> 68 | E44: =SUM(E36:E43) -> 58.6 | F44: =jagung!O116 -> 31.17
A45: Ket : * panen muda
A53: 4. KEDELAI
A54: No | B54: Kecamatan | C54: TANAM | D54: PANEN | E54: PRODUKSI | F54: PRODUKTIVITAS
C55: (Ha) | D55: (Ha) | E55: (Ton) | F55: (Ku/Ha)
A56: 1 | B56: 2 | C56: 3 | D56: 4 | E56: 5 | F56: 6
A57: 1 | B57: CIWANDAN | C57: =kedelai!O9 -> 0 | D57: =kedelai!O42 -> 0 | E57: =kedelai!O75 -> 0 | F57: =kedelai!O108 -> 0
A58: 2 | B58: CITANGKIL | C58: =kedelai!O10 -> 0 | D58: =kedelai!O43 -> 0 | E58: =kedelai!O76 -> 0 | F58: =kedelai!O109 -> 0
A59: 3 | B59: PULOMERAK | C59: =kedelai!O11 -> 0 | D59: =kedelai!O44 -> 0 | E59: =kedelai!O77 -> 0 | F59: =kedelai!O110 -> 0
A60: 4 | B60: PURWAKARTA | C60: =kedelai!O12 -> 0 | D60: =kedelai!O45 -> 0 | E60: =kedelai!O78 -> 0 | F60: =kedelai!O111 -> 0
A61: 5 | B61: GROGOL | C61: =kedelai!O13 -> 0 | D61: =kedelai!O46 -> 0 | E61: =kedelai!O79 -> 0 | F61: =kedelai!O112 -> 0
A62: 6 | B62: CILEGON | C62: =kedelai!O14 -> 0 | D62: =kedelai!O47 -> 0 | E62: =kedelai!O80 -> 0 | F62: =kedelai!O113 -> 0
A63: 7 | B63: JOMBANG | C63: =kedelai!O15 -> 0 | D63: =kedelai!O48 -> 0 | E63: =kedelai!O81 -> 0 | F63: =kedelai!O114 -> 0
A64: 8 | B64: CIBEBER | C64: =kedelai!O16 -> 0 | D64: =kedelai!O49 -> 0 | E64: =kedelai!O82 -> 0 | F64: =kedelai!O115 -> 0
A65: JUMLAH | C65: =SUM(C57:C64) -> 0 | D65: =SUM(D57:D64) -> 0 | E65: =SUM(E57:E64) -> 0 | F65: =kedelai!O116 -> 0
A67: 5. KACANG TANAH
A68: No | B68: Kecamatan | C68: TANAM | D68: PANEN | E68: PRODUKSI | F68: PRODUKTIVITAS
C69: (Ha) | D69: (Ha) | E69: (Ton) | F69: (Ku/Ha)
A70: 1 | B70: 2 | C70: 3 | D70: 4 | E70: 5 | F70: 6
A71: 1 | B71: CIWANDAN | C71: ='kc tanah'!O9 -> 235 | D71: ='kc tanah'!O42 -> 346 | E71: ='kc tanah'!O75 -> 271 | F71: ='kc tanah'!O108 -> 7.8323699
A72: 2 | B72: CITANGKIL | C72: ='kc tanah'!O10 -> 296 | D72: ='kc tanah'!O43 -> 296 | E72: ='kc tanah'!O76 -> 195 | F72: ='kc tanah'!O109 -> 6.5878378
A73: 3 | B73: PULOMERAK | C73: ='kc tanah'!O11 -> 527.5 | D73: ='kc tanah'!O44 -> 577.5 | E73: ='kc tanah'!O77 -> 684.4 | F73: ='kc tanah'!O110 -> 11.851082
A74: 4 | B74: PURWAKARTA | C74: ='kc tanah'!O12 -> 245 | D74: ='kc tanah'!O45 -> 228 | E74: ='kc tanah'!O78 -> 207 | F74: ='kc tanah'!O111 -> 9.0789474
A75: 5 | B75: GROGOL | C75: ='kc tanah'!O13 -> 390 | D75: ='kc tanah'!O46 -> 386 | E75: ='kc tanah'!O79 -> 376 | F75: ='kc tanah'!O112 -> 9.7409326
A76: 6 | B76: CILEGON | C76: ='kc tanah'!O14 -> 170 | D76: ='kc tanah'!O47 -> 105 | E76: ='kc tanah'!O80 -> 75 | F76: ='kc tanah'!O113 -> 7.1428571
A77: 7 | B77: JOMBANG | C77: ='kc tanah'!O15 -> 2 | D77: ='kc tanah'!O48 -> 2 | E77: ='kc tanah'!O81 -> 1.1 | F77: ='kc tanah'!O114 -> 5.5
A78: 8 | B78: CIBEBER | C78: ='kc tanah'!O16 -> 496 | D78: ='kc tanah'!O49 -> 588 | E78: ='kc tanah'!O82 -> 476 | F78: ='kc tanah'!O115 -> 8.0952381
A79: JUMLAH | C79: =SUM(C71:C78) -> 2361.5 | D79: =SUM(D71:D78) -> 2528.5 | E79: =SUM(E71:E78) -> 2285.5 | F79: =E79/D79*10 -> 9.0389559
A81: 6. UBI KAYU
A82: No | B82: Kecamatan | C82: TANAM | D82: PANEN | E82: PRODUKSI | F82: PRODUKTIVITAS
C83: (Ha) | D83: (Ha) | E83: (Ton) | F83: (Ku/Ha)
A84: 1 | B84: 2 | C84: 3 | D84: 4 | E84: 5 | F84: 6
A85: 1 | B85: CIWANDAN | C85: ='ubi kayu'!O9 -> 3 | D85: ='ubi kayu'!O41 -> 7 | E85: ='ubi kayu'!O75 -> 63 | F85: ='ubi kayu'!O103 -> 90
A86: 2 | B86: CITANGKIL | C86: ='ubi kayu'!O10 -> 4 | D86: ='ubi kayu'!O42 -> 4 | E86: ='ubi kayu'!O76 -> 57 | F86: ='ubi kayu'!O104 -> 0
A87: 3 | B87: PULOMERAK | C87: ='ubi kayu'!O11 -> 6 | D87: ='ubi kayu'!O43 -> 9 | E87: ='ubi kayu'!O77 -> 106 | F87: ='ubi kayu'!O105 -> 0
A88: 4 | B88: PURWAKARTA | C88: ='ubi kayu'!O12 -> 2 | D88: ='ubi kayu'!O44 -> 4 | E88: ='ubi kayu'!O78 -> 30 | F88: ='ubi kayu'!O106 -> 75
A89: 5 | B89: GROGOL | C89: ='ubi kayu'!O13 -> 15 | D89: ='ubi kayu'!O45 -> 8 | E89: ='ubi kayu'!O79 -> 67 | F89: ='ubi kayu'!O107 -> 83.75
A90: 6 | B90: CILEGON | C90: ='ubi kayu'!O14 -> 5 | D90: ='ubi kayu'!O46 -> 5 | E90: ='ubi kayu'!O80 -> 58 | F90: ='ubi kayu'!O108 -> 116
A91: 7 | B91: JOMBANG | C91: ='ubi kayu'!O15 -> 2 | D91: ='ubi kayu'!O47 -> 1 | E91: ='ubi kayu'!O81 -> 15 | F91: ='ubi kayu'!O109 -> 0
A92: 8 | B92: CIBEBER | C92: ='ubi kayu'!O16 -> 4 | D92: ='ubi kayu'!O48 -> 7 | E92: ='ubi kayu'!O82 -> 69 | F92: ='ubi kayu'!O110 -> 0
A93: JUMLAH | C93: =SUM(C85:C92) -> 41 | D93: =SUM(D85:D92) -> 45 | E93: =SUM(E85:E92) -> 465 | F93: =E93/D93*10 -> 103.33333
A104: 7. UBI JALAR
A105: No | B105: Kecamatan | C105: TANAM | D105: PANEN | E105: PRODUKSI | F105: PRODUKTIVITAS
C106: (Ha) | D106: (Ha) | E106: (Ton) | F106: (Ku/Ha)
A107: 1 | B107: 2 | C107: 3 | D107: 4 | E107: 5 | F107: 6
A108: 1 | B108: CIWANDAN | C108: ='ubi jalar'!O9 -> 3 | D108: ='ubi jalar'!O42 -> 5 | E108: ='ubi jalar'!O75 -> 45 | F108: ='ubi jalar'!O108 -> 90
A109: 2 | B109: CITANGKIL | C109: ='ubi jalar'!O10 -> 4 | D109: ='ubi jalar'!O43 -> 3 | E109: ='ubi jalar'!O76 -> 31 | F109: ='ubi jalar'!O109 -> 0
A110: 3 | B110: PULOMERAK | C110: ='ubi jalar'!O11 -> 0 | D110: ='ubi jalar'!O44 -> 0 | E110: ='ubi jalar'!O77 -> 0 | F110: ='ubi jalar'!O110 -> 0
A111: 4 | B111: PURWAKARTA | C111: ='ubi jalar'!O12 -> 3 | D111: ='ubi jalar'!O45 -> 3 | E111: ='ubi jalar'!O78 -> 19 | F111: ='ubi jalar'!O111 -> 63.333333
A112: 5 | B112: GROGOL | C112: ='ubi jalar'!O13 -> 3 | D112: ='ubi jalar'!O46 -> 3 | E112: ='ubi jalar'!O79 -> 25 | F112: ='ubi jalar'!O112 -> 83.333333
A113: 6 | B113: CILEGON | C113: ='ubi jalar'!O14 -> 4 | D113: ='ubi jalar'!O47 -> 2 | E113: ='ubi jalar'!O80 -> 19 | F113: ='ubi jalar'!O113 -> 0
A114: 7 | B114: JOMBANG | C114: ='ubi jalar'!O15 -> 2 | D114: ='ubi jalar'!O48 -> 1 | E114: ='ubi jalar'!O81 -> 8 | F114: ='ubi jalar'!O114 -> 0
A115: 8 | B115: CIBEBER | C115: ='ubi jalar'!O16 -> 1 | D115: ='ubi jalar'!O49 -> 2 | E115: ='ubi jalar'!O82 -> 15 | F115: ='ubi jalar'!O115 -> 75
A116: JUMLAH | C116: =SUM(C108:C115) -> 20 | D116: =SUM(D108:D115) -> 19 | E116: =SUM(E108:E115) -> 162 | F116: =E116/D116*10 -> 85.263158
A118: 8. KACANG HIJAU
A119: No | B119: Kecamatan | C119: TANAM | D119: PANEN | E119: PRODUKSI | F119: PRODUKTIVITAS
C120: (Ha) | D120: (Ha) | E120: (Ton) | F120: (Ku/Ha)
A121: 1 | B121: 2 | C121: 3 | D121: 4 | E121: 5 | F121: 6
A122: 1 | B122: CIWANDAN | C122: ='kc ijo'!O9 -> 1 | D122: ='kc ijo'!O42 -> 2 | E122: ='kc ijo'!O75 -> 1 | F122: ='kc ijo'!O108 -> 5
A123: 2 | B123: CITANGKIL | C123: ='kc ijo'!O10 -> 1 | D123: ='kc ijo'!O43 -> 0 | E123: ='kc ijo'!O76 -> 0 | F123: ='kc ijo'!O109 -> 0
...

Sheet okt-mar
A1: REALISASI TANAM PADI TOTAL (SAWAH+LADANG) OKTOBER 2016 S/D MARET 2017 DAN APRIL S/D SEPTEMBER 2017
A2: KOTA CILEGON
Q3: (Ha)
A4: No | B4: Kecamatan | C4: 2016 S/D 2017 | I4: Okt-Mar | J4: 2017 | P4: Apr-Sep | Q4: Jumlah
C5: Okt | D5: Nov | E5: Des | F5: Jan | G5: Peb | H5: Mar | J5: April | K5: Mei | L5: Juni | M5: Juli | N5: Agust | O5: Sep
A6: 1 | B6: 2 | C6: 3 | D6: 4 | E6: 5 | F6: 6 | G6: 7 | H6: 8 | I6: 9 | J6: 10 | K6: 11 | L6: 12 | M6: 13 | N6: 14 | O6: 15 | P6: 16 | Q6: 17
A7: 1 | B7: CIWANDAN | C7: =SUM(C23,C39) -> 0 | D7: =SUM(D23,D39) -> 2 | E7: =SUM(E23,E39) -> 45 | F7: =SUM(F23,F39) -> 177 | G7: =SUM(G23,G39) -> 45 | H7: =SUM(H23,H39) -> 0 | I7: =SUM(C7:H7) -> 269 | J7: =SUM(J23,J39) -> 0 | K7: =SUM(K23,K39) -> 35 | L7: =SUM(L23,L39) -> 29 | M7: =SUM(M23,M39) -> 0 | N7: =SUM(N23,N39) -> 0 | O7: =SUM(O23,O39) -> 0 | P7: =SUM(J7:O7) -> 64 | Q7: =SUM(I7,P7) -> 333
A8: 2 | B8: CITANGKIL | C8: =SUM(C24,C40) -> 5 | D8: =SUM(D24,D40) -> 27 | E8: =SUM(E24,E40) -> 143 | F8: =SUM(F24,F40) -> 24 | G8: =SUM(G24,G40) -> 9 | H8: =SUM(H24,H40) -> 0 | I8: =SUM(C8:H8) -> 208 | J8: =SUM(J24,J40) -> 0 | K8: =SUM(K24,K40) -> 100 | L8: =SUM(L24,L40) -> 49 | M8: =SUM(M24,M40) -> 0 | N8: =SUM(N24,N40) -> 4 | O8: =SUM(O24,O40) -> 0 | P8: =SUM(J8:O8) -> 153 | Q8: =SUM(I8,P8) -> 361
A9: 3 | B9: PULOMERAK | C9: =SUM(C25,C41) -> 5 | D9: =SUM(D25,D41) -> 9 | E9: =SUM(E25,E41) -> 25 | F9: =SUM(F25,F41) -> 28 | G9: =SUM(G25,G41) -> 5 | H9: =SUM(H25,H41) -> 0 | I9: =SUM(C9:H9) -> 72 | J9: =SUM(J25,J41) -> 0 | K9: =SUM(K25,K41) -> 10 | L9: =SUM(L25,L41) -> 0 | M9: =SUM(M25,M41) -> 0 | N9: =SUM(N25,N41) -> 0 | O9: =SUM(O25,O41) -> 1 | P9: =SUM(J9:O9) -> 11 | Q9: =SUM(I9,P9) -> 83
A10: 4 | B10: PURWAKARTA | C10: =SUM(C26,C42) -> 9 | D10: =SUM(D26,D42) -> 1 | E10: =SUM(E26,E42) -> 36 | F10: =SUM(F26,F42) -> 129 | G10: =SUM(G26,G42) -> 20 | H10: =SUM(H26,H42) -> 5 | I10: =SUM(C10:H10) -> 200 | J10: =SUM(J26,J42) -> 0 | K10: =SUM(K26,K42) -> 3 | L10: =SUM(L26,L42) -> 10 | M10: =SUM(M26,M42) -> 0 | N10: =SUM(N26,N42) -> 1 | O10: =SUM(O26,O42) -> 0 | P10: =SUM(J10:O10) -> 14 | Q10: =SUM(I10,P10) -> 214
A11: 5 | B11: GROGOL | C11: =SUM(C27,C43) -> 0 | D11: =SUM(D27,D43) -> 0 | E11: =SUM(E27,E43) -> 15 | F11: =SUM(F27,F43) -> 166 | G11: =SUM(G27,G43) -> 0 | H11: =SUM(H27,H43) -> 0 | I11: =SUM(C11:H11) -> 181 | J11: =SUM(J27,J43) -> 8 | K11: =SUM(K27,K43) -> 13 | L11: =SUM(L27,L43) -> 0 | M11: =SUM(M27,M43) -> 0 | N11: =SUM(N27,N43) -> 0 | O11: =SUM(O27,O43) -> 0 | P11: =SUM(J11:O11) -> 21 | Q11: =SUM(I11,P11) -> 202
A12: 6 | B12: CILEGON | C12: =SUM(C28,C44) -> 7 | D12: =SUM(D28,D44) -> 43 | E12: =SUM(E28,E44) -> 0 | F12: =SUM(F28,F44) -> 0 | G12: =SUM(G28,G44) -> 1 | H12: =SUM(H28,H44) -> 9 | I12: =SUM(C12:H12) -> 60 | J12: =SUM(J28,J44) -> 17 | K12: =SUM(K28,K44) -> 25 | L12: =SUM(L28,L44) -> 0 | M12: =SUM(M28,M44) -> 0 | N12: =SUM(N28,N44) -> 7 | O12: =SUM(O28,O44) -> 0 | P12: =SUM(J12:O12) -> 49 | Q12: =SUM(I12,P12) -> 109
A13: 7 | B13: JOMBANG | C13: =SUM(C29,C45) -> 15 | D13: =SUM(D29,D45) -> 14 | E13: =SUM(E29,E45) -> 136 | F13: =SUM(F29,F45) -> 178 | G13: =SUM(G29,G45) -> 3 | H13: =SUM(H29,H45) -> 0 | I13: =SUM(C13:H13) -> 346 | J13: =SUM(J29,J45) -> 12 | K13: =SUM(K29,K45) -> 169 | L13: =SUM(L29,L45) -> 58 | M13: =SUM(M29,M45) -> 25 | N13: =SUM(N29,N45) -> 0 | O13: =SUM(O29,O45) -> 0 | P13: =SUM(J13:O13) -> 264 | Q13: =SUM(I13,P13) -> 610
A14: 8 | B14: CIBEBER | C14: =SUM(C30,C46) -> 26 | D14: =SUM(D30,D46) -> 125 | E14: =SUM(E30,E46) -> 122 | F14: =SUM(F30,F46) -> 7 | G14: =SUM(G30,G46) -> 33 | H14: =SUM(H30,H46) -> 0 | I14: =SUM(C14:H14) -> 313 | J14: =SUM(J30,J46) -> 53 | K14: =SUM(K30,K46) -> 89 | L14: =SUM(L30,L46) -> 16 | M14: =SUM(M30,M46) -> 25 | N14: =SUM(N30,N46) -> 21 | O14: =SUM(O30,O46) -> 3 | P14: =SUM(J14:O14) -> 207 | Q14: =SUM(I14,P14) -> 520
A15: JUMLAH | C15: =SUM(C7:C14) -> 67 | D15: =SUM(D7:D14) -> 221 | E15: =SUM(E7:E14) -> 522 | F15: =SUM(F7:F14) -> 709 | G15: =SUM(G7:G14) -> 116 | H15: =SUM(H7:H14) -> 14 | I15: =SUM(I7:I14) -> 1649 | J15: =SUM(J7:J14) -> 90 | ... Q15: =SUM(Q7:Q14) -> 2432
A17: REALISASI TANAM PADI SAWAH OKTOBER 2016 S/D MARET 2017 DAN APRIL S/D SEPTEMBER 2017
A18: KOTA CILEGON
Q19: (Ha)
A20: No | B20: Kecamatan | C20: 2016 S/D 2017 | I20: Okt-Mar | J20: 2017 | P20: Apr-Sep | Q20: Jumlah
C21: Okt | D21: Nov | E21: Des | F21: Jan | G21: Peb | H21: Mar | J21: April | K21: Mei | L21: Juni | M21: Juli | N21: Agust | O21: Sep
A22: 1 | B22: 2 | C22: 3 | D22: 4 | E22: 5 | F22: 6 | G22: 7 | H22: 8 | I22: 9 | J22: 10 | K22: 11 | L22: 12 | M22: 13 | N22: 14 | O22: 15 | P22: 16 | Q22: 17
A23: 1 | B23: CIWANDAN | C23: 0 | D23: 2 | E23: 45 | F23: ='padi sawah'!C9 -> 177 | G23: ='padi sawah'!D9 -> 45 | H23: ='padi sawah'!E9 -> 0 | I23: =SUM(C23:H23) -> 269 | J23: ='padi sawah'!F9 -> 0 | K23: ='padi sawah'!G9 -> 35 | L23: ='padi sawah'!H9 -> 29 | M23: ='padi sawah'!I9 -> 0 | N23: ='padi sawah'!J9 -> 0 | O23: ='padi sawah'!K9 -> 0 | P23: =SUM(J23:O23) -> 64 | Q23: =SUM(I23,P23) -> 333
A24: 2 | B24: CITANGKIL | C24: 5 | D24: 27 | E24: 143 | F24: ='padi sawah'!C10 -> 24 | G24: ='padi sawah'!D10 -> 9 | H24: ='padi sawah'!E10 -> 0 | I24: =SUM(C24:H24) -> 208 | J24: ='padi sawah'!F10 -> 0 | K24: ='padi sawah'!G10 -> 100 | L24: ='padi sawah'!H10 -> 49 | M24: ='padi sawah'!I10 -> 0 | N24: ='padi sawah'!J10 -> 4 | O24: ='padi sawah'!K10 -> 0 | P24: =SUM(J24:O24) -> 153 | Q24: =SUM(I24,P24) -> 361
A25: 3 | B25: PULOMERAK | C25: 5 | D25: 5 | E25: 0 | F25: ='padi sawah'!C11 -> 10 | G25: ='padi sawah'!D11 -> 5 | H25: ='padi sawah'!E11 -> 0 | I25: =SUM(C25:H25) -> 25 | J25: ='padi sawah'!F11 -> 0 | K25: ='padi sawah'!G11 -> 10 | L25: ='padi sawah'!H11 -> 0 | M25: ='padi sawah'!I11 -> 0 | N25: ='padi sawah'!J11 -> 0 | O25: ='padi sawah'!K11 -> 1 | P25: =SUM(J25:O25) -> 11 | Q25: =SUM(I25,P25) -> 36
A26: 4 | B26: PURWAKARTA | C26: 9 | D26: 1 | E26: 36 | F26: ='padi sawah'!C12 -> 129 | G26: ='padi sawah'!D12 -> 20 | H26: ='padi sawah'!E12 -> 5 | I26: =SUM(C26:H26) -> 200 | J26: ='padi sawah'!F12 -> 0 | K26: ='padi sawah'!G12 -> 3 | L26: ='padi sawah'!H12 -> 10 | M26: ='padi sawah'!I12 -> 0 | N26: ='padi sawah'!J12 -> 1 | O26: ='padi sawah'!K12 -> 0 | P26: =SUM(J26:O26) -> 14 | Q26: =SUM(I26,P26) -> 214
A27: 5 | B27: GROGOL | C27: 0 | D27: 0 | E27: 15 | F27: ='padi sawah'!C13 -> 166 | G27: ='padi sawah'!D13 -> 0 | H27: ='padi sawah'!E13 -> 0 | I27: =SUM(C27:H27) -> 181 | J27: ='padi sawah'!F13 -> 8 | K27: ='padi sawah'!G13 -> 13 | L27: ='padi sawah'!H13 -> 0 | M27: ='padi sawah'!I13 -> 0 | N27: ='padi sawah'!J13 -> 0 | O27: ='padi sawah'!K13 -> 0 | P27: =SUM(J27:O27) -> 21 | Q27: =SUM(I27,P27) -> 202
A28: 6 | B28: CILEGON | C28: 7 | D28: 43 | E28: 0 | F28: ='padi sawah'!C14 -> 0 | G28: ='padi sawah'!D14 -> 1 | H28: ='padi sawah'!E14 -> 9 | I28: =SUM(C28:H28) -> 60 | J28: ='padi sawah'!F14 -> 17 | K28: ='padi sawah'!G14 -> 25 | L28: ='padi sawah'!H14 -> 0 | M28: ='padi sawah'!I14 -> 0 | N28: ='padi sawah'!J14 -> 7 | O28: ='padi sawah'!K14 -> 0 | P28: =SUM(J28:O28) -> 49 | Q28: =SUM(I28,P28) -> 109
A29: 7 | B29: JOMBANG | C29: 15 | D29: 14 | E29: 136 | F29: ='padi sawah'!C15 -> 178 | G29: ='padi sawah'!D15 -> 3 | H29: ='padi sawah'!E15 -> 0 | I29: =SUM(C29:H29) -> 346 | J29: ='padi sawah'!F15 -> 12 | K29: ='padi sawah'!G15 -> 169 | L29: ='padi sawah'!H15 -> 58 | M29: ='padi sawah'!I15 -> 25 | N29: ='padi sawah'!J15 -> 0 | O29: ='padi sawah'!K15 -> 0 | P29: =SUM(J29:O29) -> 264 | Q29: =SUM(I29,P29) -> 610
A30: 8 | B30: CIBEBER | C30: 26 | D30: 125 | E30: 122 | F30: ='padi sawah'!C16 -> 7 | G30: ='padi sawah'!D16 -> 33 | H30: ='padi sawah'!E16 -> 0 | I30: =SUM(C30:H30) -> 313 | J30: ='padi sawah'!F16 -> 53 | K30: ='padi sawah'!G16 -> 89 | L30: ='padi sawah'!H16 -> 16 | M30: ='padi sawah'!I16 -> 25 | N30: ='padi sawah'!J16 -> 21 | O30: ='padi sawah'!K16 -> 3 | P30: =SUM(J30:O30) -> 207 | Q30: =SUM(I30,P30) -> 520
A31: JUMLAH | C31: =SUM(C23:C30) -> 67 | D31: =SUM(D23:D30) -> 217 | E31: =SUM(E23:E30) -> 497 | F31: =SUM(F23:F30) -> 691 | G31: =SUM(G23:G30) -> 116 | H31: =SUM(H23:H30) -> 14 | I31: =SUM(I23:I30) -> 1602 | J31: =SUM(J23:J30) -> 90 | ... Q31: =SUM(Q23:Q30) -> 2385
A33: REALISASI TANAM PADI LADANG OKTOBER 2016 S/D MARET 2017 DAN APRIL S/D SEPTEMBER 2017
A34: KOTA CILEGON
Q35: (Ha)
A36: No | B36: Kecamatan | C36: 2016 S/D 2017 | I36: Okt-Mar | J36: 2017 | P36: Apr-Sep | Q36: Jumlah
C37: Okt | D37: Nov | E37: Des | F37: Jan | G37: Peb | H37: Mar | J37: April | K37: Mei | L37: Juni | M37: Juli | N37: Agust | O37: Sep
A38: 1 | B38: 2 | C38: 3 | D38: 4 | E38: 5 | F38: 6 | G38: 7 | H38: 8 | I38: 9 | J38: 10 | K38: 11 | L38: 12 | M38: 13 | N38: 14 | O38: 15 | P38: 16 | Q38: 17
A39: 1 | B39: CIWANDAN | C39: 0 | D39: 0 | E39: 0 | F39: ='padi ladang'!C9 -> 0 | G39: ='padi ladang'!D9 -> 0 | H39: ='padi ladang'!E9 -> 0 | I39: =SUM(C39:H39) -> 0 | J39: ='padi ladang'!F9 -> 0 | K39: ='padi ladang'!G9 -> 0 | L39: ='padi ladang'!H9 -> 0 | M39: ='padi ladang'!I9 -> 0 | N39: ='padi ladang'!J9 -> 0 | O39: ='padi ladang'!K9 -> 0 | P39: =SUM(J39:O39) -> 0 | Q39: =SUM(I39,P39) -> 0
A40: 2 | B40: CITANGKIL | C40: 0 | D40: 0 | E40: 0 | F40: ='padi ladang'!C10 -> 0 | G40: ='padi ladang'!D10 -> 0 | H40: ='padi ladang'!E10 -> 0 | I40: =SUM(C40:H40) -> 0 | J40: ='padi ladang'!F10 -> 0 | K40: ='padi ladang'!G10 -> 0 | L40: ='padi ladang'!H10 -> 0 | M40: ='padi ladang'!I10 -> 0 | N40: ='padi ladang'!J10 -> 0 | O40: ='padi ladang'!K10 -> 0 | P40: =SUM(J40:O40) -> 0 | Q40: =SUM(I40,P40) -> 0
A41: 3 | B41: PULOMERAK | C41: 0 | D41: 4 | E41: 25 | F41: ='padi ladang'!C11 -> 18 | G41: ='padi ladang'!D11 -> 0 | H41: ='padi ladang'!E11 -> 0 | I41: =SUM(C41:H41) -> 47 | J41: ='padi ladang'!F11 -> 0 | K41: ='padi ladang'!G11 -> 0 | L41: ='padi ladang'!H11 -> 0 | M41: ='padi ladang'!I11 -> 0 | N41: ='padi ladang'!J11 -> 0 | O41: ='padi ladang'!K11 -> 0 | P41: =SUM(J41:O41) -> 0 | Q41: =SUM(I41,P41) -> 47
A42: 4 | B42: PURWAKARTA | C42: 0 | D42: 0 | E42: 0 | F42: ='padi ladang'!C12 -> 0 | G42: ='padi ladang'!D12 -> 0 | H42: ='padi ladang'!E12 -> 0 | I42: =SUM(C42:H42) -> 0 | J42: ='padi ladang'!F12 -> 0 | K42: ='padi ladang'!G12 -> 0 | L42: ='padi ladang'!H12 -> 0 | M42: ='padi ladang'!I12 -> 0 | N42: ='padi ladang'!J12 -> 0 | O42: ='padi ladang'!K12 -> 0 | P42: =SUM(J42:O42) -> 0 | Q42: =SUM(I42,P42) -> 0
A43: 5 | B43: GROGOL | C43: 0 | D43: 0 | E43: 0 | F43: ='padi ladang'!C13 -> 0 | G43: ='padi ladang'!D13 -> 0 | H43: ='padi ladang'!E13 -> 0 | I43: =SUM(C43:H43) -> 0 | J43: ='padi ladang'!F13 -> 0 | K43: ='padi ladang'!G13 -> 0 | L43: ='padi ladang'!H13 -> 0 | M43: ='padi ladang'!I13 -> 0 | N43: ='padi ladang'!J13 -> 0 | O43: ='padi ladang'!K13 -> 0 | P43: =SUM(J43:O43) -> 0 | Q43: =SUM(I43,P43) -> 0
A44: 6 | B44: CILEGON | C44: 0 | D44: 0 | E44: 0 | F44: ='padi ladang'!C14 -> 0 | G44: ='padi ladang'!D14 -> 0 | H44: ='padi ladang'!E14 -> 0 | I44: =SUM(C44:H44) -> 0 | J44: ='padi ladang'!F14 -> 0 | K44: ='padi ladang'!G14 -> 0 | L44: ='padi ladang'!H14 -> 0 | M44: ='padi ladang'!I14 -> 0 | N44: ='padi ladang'!J14 -> 0 | O44: ='padi ladang'!K14 -> 0 | P44: =SUM(J44:O44) -> 0 | Q44: =SUM(I44,P44) -> 0
A45: 7 | B45: JOMBANG | C45: 0 | D45: 0 | E45: 0 | F45: ='padi ladang'!C15 -> 0 | G45: ='padi ladang'!D15 -> 0 | H45: ='padi ladang'!E15 -> 0 | I45: =SUM(C45:H45) -> 0 | J45: ='padi ladang'!F15 -> 0 | K45: ='padi ladang'!G15 -> 0 | L45: ='padi ladang'!H15 -> 0 | M45: ='padi ladang'!I15 -> 0 | N45: ='padi ladang'!J15 -> 0 | O45: ='padi ladang'!K15 -> 0 | P45: =SUM(J45:O45) -> 0 | Q45: =SUM(I45,P45) -> 0
A46: 8 | B46: CIBEBER | C46: 0 | D46: 0 | E46: 0 | F46: ='padi ladang'!C16 -> 0 | G46: ='padi ladang'!D16 -> 0 | H46: ='padi ladang'!E16 -> 0 | I46: =SUM(C46:H46) -> 0 | J46: ='padi ladang'!F16 -> 0 | K46: ='padi ladang'!G16 -> 0 | L46: ='padi ladang'!H16 -> 0 | M46: ='padi ladang'!I16 -> 0 | N46: ='padi ladang'!J16 -> 0 | O46: ='padi ladang'!K16 -> 0 | P46: =SUM(J46:O46) -> 0 | Q46: =SUM(I46,P46) -> 0
A47: JUMLAH | C47: =SUM(C39:C46) -> 0 | D47: =SUM(D39:D46) -> 4 | E47: =SUM(E39:E46) -> 25 | F47: =SUM(F39:F46) -> 18 | G47: =SUM(G39:G46) -> 0 | H47: =SUM(H39:H46) -> 0 | I47: =SUM(I39:I46) -> 47 | J47: =SUM(J39:J46) -> 0 | ... Q47: =SUM(Q39:Q46) -> 47
A49: REALISASI TANAM JAGUNG OKTOBER 2016 S/D MARET 2017 DAN APRIL S/D SEPTEMBER 2017
A50: KOTA CILEGON
Q51: (Ha)
A52: No | B52: Kecamatan | C52: 2016 S/D 2017 | I52: Okt-Mar | J52: 2017 | P52: Apr-Sep | Q52: Jumlah
C53: Okt | D53: Nov | E53: Des | F53: Jan | G53: Peb | H53: Mar | J53: April | K53: Mei | L53: Juni | M53: Juli | N53: Agust | O53: Sep
A54: 1 | B54: 2 | C54: 3 | D54: 4 | E54: 5 | F54: 6 | G54: 7 | H54: 8 | I54: 9 | J54: 10 | K54: 11 | L54: 12 | M54: 13 | N54: 14 | O54: 15 | P54: 16 | Q54: 17
A55: 1 | B55: CIWANDAN | C55: 1 | D55: 0 | E55: 0 | F55: =jagung!C9 -> 0 | G55: =jagung!D9 -> 0 | H55: =jagung!E9 -> 0 | I55: =SUM(C55:H55) -> 1 | J55: =jagung!F9 -> 0 | K55: =jagung!G9 -> 0 | L55: =jagung!H9 -> 0 | M55: =jagung!I9 -> 0 | N55: =jagung!J9 -> 0 | O55: =jagung!K9 -> 0 | P55: =SUM(J55:O55) -> 0 | Q55: =SUM(I55,P55) -> 1
A56: 2 | B56: CITANGKIL | C56: 1 | D56: 0 | E56: 0 | F56: =jagung!C10 -> 0 | G56: =jagung!D10 -> 0 | H56: =jagung!E10 -> 0 | I56: =SUM(C56:H56) -> 1 | J56: =jagung!F10 -> 0 | K56: =jagung!G10 -> 0 | L56: =jagung!H10 -> 0 | M56: =jagung!I10 -> 0 | N56: =jagung!J10 -> 1 | O56: =jagung!K10 -> 0 | P56: =SUM(J56:O56) -> 1 | Q56: =SUM(I56,P56) -> 2
A57: 3 | B57: PULOMERAK | C57: 0 | D57: 35 | E57: 15 | F57: =jagung!C11 -> 0 | G57: =jagung!D11 -> 0 | H57: =jagung!E11 -> 0 | I57: =SUM(C57:H57) -> 50 | J57: =jagung!F11 -> 0 | K57: =jagung!G11 -> 0 | L57: =jagung!H11 -> 0 | M57: =jagung!I11 -> 0 | N57: =jagung!J11 -> 0 | O57: =jagung!K11 -> 0 | P57: =SUM(J57:O57) -> 0 | Q57: =SUM(I57,P57) -> 50
A58: 4 | B58: PURWAKARTA | C58: 0 | D58: 0 | E58: 1 | F58: =jagung!C12 -> 0 | G58: =jagung!D12 -> 0 | H58: =jagung!E12 -> 0 | I58: =SUM(C58:H58) -> 1 | J58: =jagung!F12 -> 0 | K58: =jagung!G12 -> 0 | L58: =jagung!H12 -> 0 | M58: =jagung!I12 -> 0 | N58: =jagung!J12 -> 0 | O58: =jagung!K12 -> 2 | P58: =SUM(J58:O58) -> 2 | Q58: =SUM(I58,P58) -> 3
A59: 5 | B59: GROGOL | C59: 0 | D59: 0 | E59: 0 | F59: =jagung!C13 -> 0 | G59: =jagung!D13 -> 0 | H59: =jagung!E13 -> 0 | I59: =SUM(C59:H59) -> 0 | J59: =jagung!F13 -> 0 | K59: =jagung!G13 -> 2 | L59: =jagung!H13 -> 0 | M59: =jagung!I13 -> 6 | N59: =jagung!J13 -> 2 | O59: =jagung!K13 -> 0 | P59: =SUM(J59:O59) -> 10 | Q59: =SUM(I59,P59) -> 10
A60: 6 | B60: CILEGON | C60: 0 | D60: 0 | E60: 0 | F60: =jagung!C14 -> 0 | G60: =jagung!D14 -> 0 | H60: =jagung!E14 -> 0 | I60: =SUM(C60:H60) -> 0 | J60: =jagung!F14 -> 0 | K60: =jagung!G14 -> 0 | L60: =jagung!H14 -> 0 | M60: =jagung!I14 -> 0 | N60: =jagung!J14 -> 0 | O60: =jagung!K14 -> 0 | P60: =SUM(J60:O60) -> 0 | Q60: =SUM(I60,P60) -> 0
A61: 7 | B61: JOMBANG | C61: 0 | D61: 0 | E61: 0 | F61: =jagung!C15 -> 0 | G61: =jagung!D15 -> 0 | H61: =jagung!E15 -> 0 | I61: =SUM(C61:H61) -> 0 | J61: =jagung!F15 -> 0 | K61: =jagung!G15 -> 0 | L61: =jagung!H15 -> 0 | M61: =jagung!I15 -> 0 | N61: =jagung!J15 -> 0 | O61: =jagung!K15 -> 0 | P61: =SUM(J61:O61) -> 0 | Q61: =SUM(I61,P61) -> 0
A62: 8 | B62: CIBEBER | C62: 1 | D62: 1 | E62: 0 | F62: =jagung!C16 -> 1 | G62: =jagung!D16 -> 1 | H62: =jagung!E16 -> 0 | I62: =SUM(C62:H62) -> 4 | J62: =jagung!F16 -> 0 | K62: =jagung!G16 -> 1 | L62: =jagung!H16 -> 0 | M62: =jagung!I16 -> 0 | N62: =jagung!J16 -> 0 | O62: =jagung!K16 -> 0 | P62: =SUM(J62:O62) -> 1 | Q62: =SUM(I62,P62) -> 5
A63: JUMLAH | C63: =SUM(C55:C62) -> 3 | D63: =SUM(D55:D62) -> 36 | E63: =SUM(E55:E62) -> 16 | F63: =SUM(F55:F62) -> 1 | G63: =SUM(G55:G62) -> 1 | H63: =SUM(H55:H62) -> 0 | I63: =SUM(I55:I62) -> 57 | J63: =SUM(J55:J62) -> 0 | ... Q63: =SUM(Q55:Q62) -> 71
A65: REALISASI TANAM KEDELAI OKTOBER 2016 S/D MARET 2017 DAN APRIL S/D SEPTEMBER 2017
A66: KOTA CILEGON
Q67: (Ha)
A68: No | B68: Kecamatan | C68: 2016 S/D 2017 | I68: Okt-Mar | J68: 2017 | P68: Apr-Sep | Q68: Jumlah
C69: Okt | D69: Nov | E69: Des | F69: Jan | G69: Peb | H69: Mar | J69: April | K69: Mei | L69: Juni | M69: Juli | N69: Agust | O69: Sep
A70: 1 | B70: 2 | C70: 3 | D70: 4 | E70: 5 | F70: 6 | G70: 7 | H70: 8 | I70: 9 | J70: 10 | K70: 11 | L70: 12 | M70: 13 | N70: 14 | O70: 15 | P70: 16 | Q70: 17
A71: 1 | B71: CIWANDAN | C71: 0 | D71: 0 | E71: 0 | F71: =kedelai!C9 -> 0 | G71: =kedelai!D9 -> 0 | H71: =kedelai!E9 -> 0 | I71: =SUM(C71:H71) -> 0 | J71: 0 | K71: 0 | L71: 0 | M71: =kedelai!J9 -> 0 | N71: =kedelai!K9 -> 0 | O71: =kedelai!L9 -> 0 | P71: =SUM(J71:O71) -> 0 | Q71: =SUM(I71,P71) -> 0
A72: 2 | B72: CITANGKIL | C72: 0 | D72: 0 | E72: 0 | F72: =kedelai!C10 -> 0 | G72: =kedelai!D10 -> 0 | H72: =kedelai!E10 -> 0 | I72: =SUM(C72:H72) -> 0 | J72: 0 | K72: 0 | L72: 0 | M72: =kedelai!J10 -> 0 | N72: =kedelai!K10 -> 0 | O72: =kedelai!L10 -> 0 | P72: =SUM(J72:O72) -> 0 | Q72: =SUM(I72,P72) -> 0
A73: 3 | B73: PULOMERAK | C73: 0 | D73: 0 | E73: 0 | F73: =kedelai!C11 -> 0 | G73: =kedelai!D11 -> 0 | H73: =kedelai!E11 -> 0 | I73: =SUM(C73:H73) -> 0 | J73: 0 | K73: 0 | L73: 0 | M73: =kedelai!J11 -> 0 | N73: =kedelai!K11 -> 0 | O73: =kedelai!L11 -> 0 | P73: =SUM(J73:O73) -> 0 | Q73: =SUM(I73,P73) -> 0
A74: 4 | B74: PURWAKARTA | C74: 0 | D74: 0 | E74: 0 | F74: =kedelai!C12 -> 0 | G74: =kedelai!D12 -> 0 | H74: =kedelai!E12 -> 0 | I74: =SUM(C74:H74) -> 0 | J74: 0 | K74: 0 | L74: 0 | M74: =kedelai!J12 -> 0 | N74: =kedelai!K12 -> 0 | O74: =kedelai!L12 -> 0 | P74: =SUM(J74:O74) -> 0 | Q74: =SUM(I74,P74) -> 0
A75: 5 | B75: GROGOL | C75: 0 | D75: 0 | E75: 0 | F75: =kedelai!C13 -> 0 | G75: =kedelai!D13 -> 0 | H75: =kedelai!E13 -> 0 | I75: =SUM(C75:H75) -> 0 | J75: 0 | K75: 0 | L75: 0 | M75: =kedelai!J13 -> 0 | N75: =kedelai!K13 -> 0 | O75: =kedelai!L13 -> 0 | P75: =SUM(J75:O75) -> 0 | Q75: =SUM(I75,P75) -> 0
A76: 6 | B76: CILEGON | C76: 0 | D76: 0 | E76: 0 | F76: =kedelai!C14 -> 0 | G76: =kedelai!D14 -> 0 | H76: =kedelai!E14 -> 0 | I76: =SUM(C76:H76) -> 0 | J76: 0 | K76: 0 | L76: 0 | M76: =kedelai!J14 -> 0 | N76: =kedelai!K14 -> 0 | O76: =kedelai!L14 -> 0 | P76: =SUM(J76:O76) -> 0 | Q76: =SUM(I76,P76) -> 0
A77: 7 | B77: JOMBANG | C77: 0 | D77: 0 | E77: 0 | F77: =kedelai!C15 -> 0 | G77: =kedelai!D15 -> 0 | H77: =kedelai!E15 -> 0 | I77: =SUM(C77:H77) -> 0 | J77: 0 | K77: 0 | L77: 0 | M77: =kedelai!J15 -> 0 | N77: =kedelai!K15 -> 0 | O77: =kedelai!L15 -> 0 | P77: =SUM(J77:O77) -> 0 | Q77: =SUM(I77,P77) -> 0
A78: 8 | B78: CIBEBER | C78: 0 | D78: 0 | E78: 0 | F78: =kedelai!C16 -> 0 | G78: =kedelai!D16 -> 0 | H78: =kedelai!E16 -> 0 | I78: =SUM(C78:H78) -> 0 | J78: 0 | K78: 0 | L78: 0 | M78: =kedelai!J16 -> 0 | N78: =kedelai!K16 -> 0 | O78: =kedelai!L16 -> 0 | P78: =SUM(J78:O78) -> 0 | Q78: =SUM(I78,P78) -> 0
A79: JUMLAH | C79: =SUM(C71:C78) -> 0 | D79: =SUM(D71:D78) -> 0 | E79: =SUM(E71:E78) -> 0 | F79: =SUM(F71:F78) -> 0 | G79: =SUM(G71:G78) -> 0 | H79: =SUM(H71:H78) -> 0 | I79: =SUM(I71:I78) -> 0 | J79: =SUM(J71:J78) -> 0 | ... Q79: =SUM(Q71:Q78) -> 0
A81: REALISASI TANAM KACANG TANAH OKTOBER 2016 S/D MARET 2017 DAN APRIL S/D SEPTEMBER 2017
A82: KOTA CILEGON
Q83: (Ha)
A84: No | B84: Kecamatan | C84: 2016 S/D 2017 | I84: Okt-Mar | J84: 2017 | P84: Apr-Sep | Q84: Jumlah
C85: Okt | D85: Nov | E85: Des | F85: Jan | G85: Peb | H85: Mar | J85: April | K85: Mei | L85: Juni | M85: Juli | N85: Agust | O85: Sep
A86: 1 | B86: 2 | C86: 3 | D86: 4 | E86: 5 | F86: 6 | G86: 7 | H86: 8 | I86: 9 | J86: 10 | K86: 11 | L86: 12 | M86: 13 | N86: 14 | O86: 15 | P86: 16 | Q86: 17
A87: 1 | B87: CIWANDAN | C87: 77 | D87: 49 | E87: 35 | F87: ='kc tanah'!C9 -> 0 | G87: ='kc tanah'!D9 -> 185 | H87: ='kc tanah'!E9 -> 0 | I87: =SUM(C87:H87) -> 346 | J87: ='kc tanah'!F9 -> 0 | K87: ='kc tanah'!G9 -> 0 | L87: ='kc tanah'!H9 -> 0 | M87: ='kc tanah'!I9 -> 0 | N87: ='kc tanah'!J9 -> 0 | O87: ='kc tanah'!K9 -> 0 | P87: =SUM(J87:O87) -> 0 | Q87: =SUM(I87,P87) -> 346
A88: 2 | B88: CITANGKIL | C88: 122 | D88: 64 | E88: 0 | F88: ='kc tanah'!C10 -> 25 | G88: ='kc tanah'!D10 -> 85 | H88: ='kc tanah'!E10 -> 0 | I88: =SUM(C88:H88) -> 296 | J88: ='kc tanah'!F10 -> 0 | K88: ='kc tanah'!G10 -> 0 | L88: ='kc tanah'!H10 -> 0 | M88: ='kc tanah'!I10 -> 0 | N88: ='kc tanah'!J10 -> 0 | O88: ='kc tanah'!K10 -> 0 | P88: =SUM(J88:O88) -> 0 | Q88: =SUM(I88,P88) -> 296
A89: 3 | B89: PULOMERAK | C89: 125 | D89: 180 | E89: 0 | F89: ='kc tanah'!C11 -> 0 | G89: ='kc tanah'!D11 -> 257 | H89: ='kc tanah'!E11 -> 0.5 | I89: =SUM(C89:H89) -> 562.5 | J89: ='kc tanah'!F11 -> 6 | K89: ='kc tanah'!G11 -> 3 | L89: ='kc tanah'!H11 -> 6 | M89: ='kc tanah'!I11 -> 0 | N89: ='kc tanah'!J11 -> 0 | O89: ='kc tanah'!K11 -> 5 | P89: =SUM(J89:O89) -> 20 | Q89: =SUM(I89,P89) -> 582.5
A90: 4 | B90: PURWAKARTA | C90: 11 | D90: 8 | E90: 2 | F90: ='kc tanah'!C12 -> 167 | G90: ='kc tanah'!D12 -> 0 | H90: ='kc tanah'!E12 -> 5 | I90: =SUM(C90:H90) -> 193 | J90: ='kc tanah'!F12 -> 0 | K90: ='kc tanah'!G12 -> 10 | L90: ='kc tanah'!H12 -> 5 | M90: ='kc tanah'!I12 -> 10 | N90: ='kc tanah'!J12 -> 0 | O90: ='kc tanah'!K12 -> 5 | P90: =SUM(J90:O90) -> 30 | Q90: =SUM(I90,P90) -> 223
A91: 5 | B91: GROGOL | C91: 0 | D91: 230 | E91: 48 | F91: ='kc tanah'!C13 -> 0 | G91: ='kc tanah'!D13 -> 83 | H91: ='kc tanah'!E13 -> 25 | I91: =SUM(C91:H91) -> 386 | J91: ='kc tanah'!F13 -> 0 | K91: ='kc tanah'!G13 -> 0 | L91: ='kc tanah'!H13 -> 0 | M91: ='kc tanah'!I13 -> 0 | N91: ='kc tanah'!J13 -> 0 | O91: ='kc tanah'!K13 -> 2 | P91: =SUM(J91:O91) -> 2 | Q91: =SUM(I91,P91) -> 388
A92: 6 | B92: CILEGON | C92: 0 | D92: 15 | E92: 0 | F92: ='kc tanah'!C14 -> 0 | G92: ='kc tanah'!D14 -> 0 | H92: ='kc tanah'!E14 -> 50 | I92: =SUM(C92:H92) -> 65 | J92: ='kc tanah'!F14 -> 0 | K92: ='kc tanah'!G14 -> 0 | L92: ='kc tanah'!H14 -> 40 | M92: ='kc tanah'!I14 -> 0 | N92: ='kc tanah'!J14 -> 0 | O92: ='kc tanah'!K14 -> 0 | P92: =SUM(J92:O92) -> 40 | Q92: =SUM(I92,P92) -> 105
A93: 7 | B93: JOMBANG | C93: 0 | D93: 0 | E93: 0 | F93: ='kc tanah'!C15 -> 1 | G93: ='kc tanah'!D15 -> 1 | H93: ='kc tanah'!E15 -> 0 | I93: =SUM(C93:H93) -> 2 | J93: ='kc tanah'!F15 -> 0 | K93: ='kc tanah'!G15 -> 0 | L93: ='kc tanah'!H15 -> 0 | M93: ='kc tanah'!I15 -> 0 | N93: ='kc tanah'!J15 -> 0 | O93: ='kc tanah'!K15 -> 0 | P93: =SUM(J93:O93) -> 0 | Q93: =SUM(I93,P93) -> 2
A94: 8 | B94: CIBEBER | C94: 175 | D94: 0 | E94: 50 | F94: ='kc tanah'!C16 -> 235 | G94: ='kc tanah'!D16 -> 45 | H94: ='kc tanah'!E16 -> 0 | I94: =SUM(C94:H94) -> 505 | J94: ='kc tanah'!F16 -> 25 | K94: ='kc tanah'!G16 -> 114 | L94: ='kc tanah'!H16 -> 0 | M94: ='kc tanah'!I16 -> 42 | N94: ='kc tanah'!J16 -> 0 | O94: ='kc tanah'!K16 -> 4 | P94: =SUM(J94:O94) -> 185 | Q94: =SUM(I94,P94) -> 690
A95: JUMLAH | C95: =SUM(C87:C94) -> 510 | D95: =SUM(D87:D94) -> 546 | E95: =SUM(E87:E94) -> 135 | F95: =SUM(F87:F94) -> 428 | G95: =SUM(G87:G94) -> 656 | H95: =SUM(H87:H94) -> 80.5 | I95: =SUM(I87:I94) -> 2355.5 | J95: =SUM(J87:J94) -> 31 | ... Q95: =SUM(Q87:Q94) -> 2632.5
A97: REALISASI TANAM UBI KAYU OKTOBER 2016 S/D MARET 2017 DAN APRIL S/D SEPTEMBER 2017
A98: KOTA CILEGON
Q99: (Ha)
A100: No | B100: Kecamatan | C100: 2016 S/D 2017 | I100: Okt-Mar | J100: 2017 | P100: Apr-Sep | Q100: Jumlah
C101: Okt | D101: Nov | E101: Des | F101: Jan | G101: Peb | H101: Mar | J101: April | K101: Mei | L101: Juni | M101: Juli | N101: Agust | O101: Sep
A102: 1 | B102: 2 | C102: 3 | D102: 4 | E102: 5 | F102: 6 | G102: 7 | H102: 8 | I102: 9 | J102: 10 | K102: 11 | L102: 12 | M102: 13 | N102: 14 | O102: 15 | P102: 16 | Q102: 17
A103: 1 | B103: CIWANDAN | C103: 1 | D103: 5 | E103: 0 | F103: ='ubi kayu'!C9 -> 0 | G103: ='ubi kayu'!D9 -> 0 | H103: ='ubi kayu'!E9 -> 0 | I103: =SUM(C103:H103) -> 6 | J103: ='ubi kayu'!F9 -> 0 | K103: ='ubi kayu'!G9 -> 0 | L103: ='ubi kayu'!H9 -> 0 | M103: ='ubi kayu'!I9 -> 1 | N103: ='ubi kayu'!J9 -> 0 | O103: ='ubi kayu'!K9 -> 0 | P103: =SUM(J103:O103) -> 1 | Q103: =SUM(I103,P103) -> 7
A104: 2 | B104: CITANGKIL | C104: 0 | D104: 0 | E104: 1 | F104: ='ubi kayu'!C10 -> 0 | G104: ='ubi kayu'!D10 -> 1 | H104: ='ubi kayu'!E10 -> 0 | I104: =SUM(C104:H104) -> 2 | J104: ='ubi kayu'!F10 -> 0 | K104: ='ubi kayu'!G10 -> 1 | L104: ='ubi kayu'!H10 -> 0 | M104: ='ubi kayu'!I10 -> 0 | N104: ='ubi kayu'!J10 -> 0 | O104: ='ubi kayu'!K10 -> 0 | P104: =SUM(J104:O104) -> 1 | Q104: =SUM(I104,P104) -> 3
A105: 3 | B105: PULOMERAK | C105: 4 | D105: 3 | E105: 2 | F105: ='ubi kayu'!C11 -> 0 | G105: ='ubi kayu'!D11 -> 0 | H105: ='ubi kayu'!E11 -> 0 | I105: =SUM(C105:H105) -> 9 | J105: ='ubi kayu'!F11 -> 0 | K105: ='ubi kayu'!G11 -> 0 | L105: ='ubi kayu'!H11 -> 0 | M105: ='ubi kayu'!I11 -> 0 | N105: ='ubi kayu'!J11 -> 0 | O105: ='ubi kayu'!K11 -> 3 | P105: =SUM(J105:O105) -> 3 | Q105: =SUM(I105,P105) -> 12
A106: 4 | B106: PURWAKARTA | C106: 0 | D106: 2 | E106: 1 | F106: ='ubi kayu'!C12 -> 0 | G106: ='ubi kayu'!D12 -> 0 | H106: ='ubi kayu'!E12 -> 0 | I106: =SUM(C106:H106) -> 3 | J106: ='ubi kayu'!F12 -> 1 | K106: ='ubi kayu'!G12 -> 1 | L106: ='ubi kayu'!H12 -> 0 | M106: ='ubi kayu'!I12 -> 0 | N106: ='ubi kayu'!J12 -> 0 | O106: ='ubi kayu'!K12 -> 0 | P106: =SUM(J106:O106) -> 2 | Q106: =SUM(I106,P106) -> 5
...

Sheet S-Rjan17Prov
A1: SASARAN DAN REALISASI PADI (SAWAH + LADANG) MT. 2016/2017 DAN MT. 2017
A2: KOTA CILEGON
A4: No | B4: Kecamatan | C4: Penggunaan Lahan | D4: MT. 2016 / 2017 (Ha) | P4: Okt-Mar | R4: (-/+)
C5: (Sawah+ Ladang) | D5: Oktober | F5: Nopember | H5: Desember | J5: Januari | L5: Pebruari | N5: Maret
C6: (Ha) | D6: Sasaran | E6: Realisasi | F6: Sasaran | G6: Realisasi | H6: Sasaran | I6: Realisasi | J6: Sasaran | K6: Realisasi | L6: Sasaran | M6: Realisasi | N6: Sasaran | O6: Realisasi | P6: Sasaran | Q6: Realisasi
A7: 1 | B7: 2 | C7: 3 | D7: 4 | F7: 5 | H7: 6 | J7: 7 | L7: 8 | N7: 9 | P7: 10 | R7: 11
A8: 1 | B8: CIWANDAN | C8: 1799 | D8: 0 | E8: 0 | F8: 0 | G8: 1.93 | H8: 10 | I8: 43.515 | J8: 15 | K8: =SUM(K41,K73) -> 169.92 | L8: 221 | M8: =SUM(M41,M73) -> 43.2 | N8: 53 | O8: =SUM(O41,O73) -> 0 | P8: =SUM(D8,F8,H8,J8,L8,N8) -> 299 | Q8: =SUM(E8,G8,I8,K8,M8,O8) -> 258.565 | R8: =Q8-P8 -> -40.435 | V8: =SUM(E8,G8,I8) -> 45.445 | W8: 292 | X8: 0 | Y8: =X8*0.96 -> 0 | Z8: 2 | AA8: =Z8*0.965 -> 1.93 | AB8: 45 | AC8: =AB8*0.967 -> 43.515
A9: 2 | B9: CITANGKIL | C9: 243 | D9: 3 | E9: 4.75 | F9: 47 | G9: 26.055 | H9: 105 | I9: 138.281 | J9: 78 | K9: =SUM(K42,K74) -> 23.04 | L9: 45 | M9: =SUM(M42,M74) -> 8.64 | N9: 20 | O9: =SUM(O42,O74) -> 0 | P9: =SUM(D9,F9,H9,J9,L9,N9) -> 298 | Q9: =SUM(E9,G9,I9,K9,M9,O9) -> 200.766 | R9: =Q9-P9 -> -97.234 | V9: =SUM(E9,G9,I9) -> 169.086 | W9: 298 | X9: 5 | Y9: =X9*0.96 -> 4.8 | Z9: 27 | AA9: =Z9*0.965 -> 26.055 | AB9: 143 | AC9: =AB9*0.967 -> 138.281
A10: 3 | B10: PULOMERAK | C10: 275 | D10: 40 | E10: 4.75 | F10: 0 | G10: 8.685 | H10: 10 | I10: 24.175 | J10: 14 | K10: =SUM(K43,K75) -> 26.88 | L10: 0 | M10: =SUM(M43,M75) -> 4.8 | N10: 13 | O10: =SUM(O43,O75) -> 0 | P10: =SUM(D10,F10,H10,J10,L10,N10) -> 77 | Q10: =SUM(E10,G10,I10,K10,M10,O10) -> 69.29 | R10: =Q10-P10 -> -7.71 | V10: =SUM(E10,G10,I10) -> 37.61 | W10: 84 | X10: 5 | Y10: =X10*0.96 -> 4.8 | Z10: 9 | AA10: =Z10*0.965 -> 8.685 | AB10: 25 | AC10: =AB10*0.967 -> 24.175
A11: 4 | B11: PURWAKARTA | C11: 206 | D11: 0 | E11: 8.55 | F11: 0 | G11: 0.965 | H11: 68 | I11: 34.812 | J11: 116 | K11: =SUM(K44,K76) -> 123.84 | L11: 0 | M11: =SUM(M44,M76) -> 19.2 | N11: 0 | O11: =SUM(O44,O76) -> 4.8 | P11: =SUM(D11,F11,H11,J11,L11,N11) -> 184 | Q11: =SUM(E11,G11,I11,K11,M11,O11) -> 192.167 | R11: =Q11-P11 -> 8.167 | V11: =SUM(E11,G11,I11) -> 44.327 | W11: 203 | X11: 9 | Y11: =X11*0.96 -> 8.64 | Z11: 1 | AA11: =Z11*0.965 -> 0.965 | AB11: 36 | AC11: =AB11*0.967 -> 34.812
A12: 5 | B12: GROGOL | C12: 363 | D12: 0 | E12: 0 | F12: 0 | G12: 0 | H12: 50 | I12: 14.505 | J12: 209 | K12: =SUM(K45,K77) -> 159.36 | L12: 0 | M12: =SUM(M45,M77) -> 0 | N12: 17 | O12: =SUM(O45,O77) -> 0 | P12: =SUM(D12,F12,H12,J12,L12,N12) -> 276 | Q12: =SUM(E12,G12,I12,K12,M12,O12) -> 173.865 | R12: =Q12-P12 -> -102.135 | V12: =SUM(E12,G12,I12) -> 14.505 | W12: 184 | X12: 0 | Y12: =X12*0.96 -> 0 | Z12: 0 | AA12: =Z12*0.965 -> 0 | AB12: 15 | AC12: =AB12*0.967 -> 14.505
A13: 6 | B13: CILEGON | C13: 59 | D13: 0 | E13: 6.65 | F13: 0 | G13: 41.495 | H13: 19 | I13: 0 | J13: 0 | K13: =SUM(K46,K78) -> 0 | L13: 10 | M13: =SUM(M46,M78) -> 0.96 | N13: 28 | O13: =SUM(O46,O78) -> 8.64 | P13: =SUM(D13,F13,H13,J13,L13,N13) -> 57 | Q13: =SUM(E13,G13,I13,K13,M13,O13) -> 57.745 | R13: =Q13-P13 -> 0.745 | V13: =SUM(E13,G13,I13) -> 48.145 | W13: 89 | X13: 7 | Y13: =X13*0.96 -> 6.72 | Z13: 43 | AA13: =Z13*0.965 -> 41.495 | AB13: 0 | AC13: =AB13*0.967 -> 0
A14: 7 | B14: JOMBANG | C14: 405 | D14: 0 | E14: 14.25 | F14: 0 | G14: 13.51 | H14: 117 | I14: 131.512 | J14: 276 | K14: =SUM(K47,K79) -> 170.88 | L14: 0 | M14: =SUM(M47,M79) -> 2.88 | N14: 37 | O14: =SUM(O47,O79) -> 0 | P14: =SUM(D14,F14,H14,J14,L14,N14) -> 430 | Q14: =SUM(E14,G14,I14,K14,M14,O14) -> 333.032 | R14: =Q14-P14 -> -96.968 | V14: =SUM(E14,G14,I14) -> 159.272 | W14: 471 | X14: 15 | Y14: =X14*0.96 -> 14.4 | Z14: 14 | AA14: =Z14*0.965 -> 13.51 | AB14: 136 | AC14: =AB14*0.967 -> 131.512
A15: 8 | B15: CIBEBER | C15: 280 | D15: 0 | E15: 24.7 | F15: 52 | G15: 120.625 | H15: 126 | I15: 117.974 | J15: 129 | K15: =SUM(K48,K80) -> 6.72 | L15: 0 | M15: =SUM(M48,M80) -> 31.68 | N15: 38 | O15: =SUM(O48,O80) -> 0 | P15: =SUM(D15,F15,H15,J15,L15,N15) -> 345 | Q15: =SUM(E15,G15,I15,K15,M15,O15) -> 301.699 | R15: =Q15-P15 -> -43.301 | V15: =SUM(E15,G15,I15) -> 263.299 | W15: 345 | X15: 26 | Y15: =X15*0.96 -> 24.96 | Z15: 125 | AA15: =Z15*0.965 -> 120.625 | AB15: 122 | AC15: =AB15*0.967 -> 117.974
A16: JUMLAH | C16: =SUM(C8:C15) -> 3630 | D16: =SUM(D8:D15) -> 43 | E16: =SUM(E8:E15) -> 63.65 | F16: =SUM(F8:F15) -> 99 | G16: =SUM(G8:G15) -> 213.265 | H16: =SUM(H8:H15) -> 505 | I16: =SUM(I8:I15) -> 504.774 | J16: =SUM(J8:J15) -> 837 | ... R16: =SUM(R8:R15) -> -378.871 | V16: =SUM(V8:V15) -> 781.689 | W16: =SUM(W8:W15) -> 1966 | X16: =SUM(X8:X15) -> 67 | Y16: =SUM(Y8:Y15) -> 64.32 | Z16: =SUM(Z8:Z15) -> 221 | AA16: =SUM(AA8:AA15) -> 213.265 | AB16: =SUM(AB8:AB15) -> 522 | AC16: =SUM(AC8:AC15) -> 504.774
A18: No | B18: Kecamatan | C18: Penggunaan Lahan | D18: MT. 2017 (Ha) | P18: April-September | R18: Oktober-September | T18: (-/+)
C19: (Sawah+ Ladang) | D19: April | F19: Mei | H19: Juni | J19: Juli | L19: Agustus | N19: September
C20: (Ha) | D20: Sasaran | E20: Realisasi | F20: Sasaran | G20: Realisasi | H20: Sasaran | I20: Realisasi | J20: Sasaran | K20: Realisasi | L20: Sasaran | M20: Realisasi | N20: Sasaran | O20: Realisasi | P20: Sasaran | Q20: Realisasi | R20: Sasaran | S20: Realisasi
A21: 1 | B21: 2 | C21: 3 | D21: 12 | F21: 13 | H21: 14 | J21: 15 | L21: 16 | N21: 17 | P21: 18 | R21: 19 | T21: 20
A22: 1 | B22: CIWANDAN | C22: 1799 | D22: 0 | E22: =SUM(E55,E87) -> 0 | F22: 12 | G22: =SUM(G55,G87) -> 33.25 | H22: 0 | I22: =SUM(I55,I87) -> 27.55 | J22: 0 | K22: 0 | L22: 0 | M22: 0 | N22: 0 | O22: =SUM(O55,O87) -> 0 | P22: =SUM(D22,F22,H22,J22,L22,N22) -> 12 | Q22: =SUM(E22,G22,I22,K22,M22,O22) -> 60.8 | R22: =SUM(P8,P22) -> 311 | S22: =SUM(Q8,Q22) -> 319.365 | T22: =S22-R22 -> 8.365 | V22: 311 | X22: =R22-S22 -> -8.365 | Y22: 0 | Z22: =0.95*Y22 -> 0
A23: 2 | B23: CITANGKIL | C23: 243 | D23: 27 | E23: =SUM(E56,E88) -> 0 | F23: 20 | G23: =SUM(G56,G88) -> 95 | H23: 5 | I23: =SUM(I56,I88) -> 46.55 | J23: 0 | K23: 0 | L23: 0 | M23: 3.8 | N23: 0 | O23: =SUM(O56,O88) -> 0 | P23: =SUM(D23,F23,H23,J23,L23,N23) -> 52 | Q23: =SUM(E23,G23,I23,K23,M23,O23) -> 145.35 | R23: =SUM(P9,P23) -> 350 | S23: =SUM(Q9,Q23) -> 346.116 | T23: =S23-R23 -> -3.884 | V23: 350 | X23: =R23-S23 -> 3.884 | Y23: 4 | Z23: =0.95*Y23 -> 3.8
A24: 3 | B24: PULOMERAK | C24: 275 | D24: 10 | E24: =SUM(E57,E89) -> 0 | F24: 0 | G24: =SUM(G57,G89) -> 9.5 | H24: 0 | I24: =SUM(I57,I89) -> 0 | J24: 0 | K24: 0 | L24: 0 | M24: 0 | N24: 0 | O24: =SUM(O57,O89) -> 0 | P24: =SUM(D24,F24,H24,J24,L24,N24) -> 10 | Q24: =SUM(E24,G24,I24,K24,M24,O24) -> 9.5 | R24: =SUM(P10,P24) -> 87 | S24: =SUM(Q10,Q24) -> 78.79 | T24: =S24-R24 -> -8.21 | V24: 94 | X24: =R24-S24 -> 8.21 | Y24: 0 | Z24: =0.95*Y24 -> 0
A25: 4 | B25: PURWAKARTA | C25: 206 | D25: 0 | E25: =SUM(E58,E90) -> 0 | F25: 27 | G25: =SUM(G58,G90) -> 2.85 | H25: 0 | I25: =SUM(I58,I90) -> 9.5 | J25: 0 | K25: 0 | L25: 0 | M25: 0.95 | N25: 5 | O25: =SUM(O58,O90) -> 0 | P25: =SUM(D25,F25,H25,J25,L25,N25) -> 32 | Q25: =SUM(E25,G25,I25,K25,M25,O25) -> 13.3 | R25: =SUM(P11,P25) -> 216 | S25: =SUM(Q11,Q25) -> 205.467 | T25: =S25-R25 -> -10.533 | V25: 235 | X25: =R25-S25 -> 10.533 | Y25: 1 | Z25: =0.95*Y25 -> 0.95
A26: 5 | B26: GROGOL | C26: 363 | D26: 0 | E26: =SUM(E59,E91) -> 7.6 | F26: 0 | G26: =SUM(G59,G91) -> 12.35 | H26: 0 | I26: =SUM(I59,I91) -> 0 | J26: 0 | K26: 0 | L26: 0 | M26: 0 | N26: 0 | O26: =SUM(O59,O91) -> 0 | P26: =SUM(D26,F26,H26,J26,L26,N26) -> 0 | Q26: =SUM(E26,G26,I26,K26,M26,O26) -> 19.95 | R26: =SUM(P12,P26) -> 276 | S26: =SUM(Q12,Q26) -> 193.815 | T26: =S26-R26 -> -82.185 | V26: 201 | X26: =R26-S26 -> 82.185 | Y26: 0 | Z26: =0.95*Y26 -> 0
A27: 6 | B27: CILEGON | C27: 59 | D27: 0 | E27: =SUM(E60,E92) -> 16.15 | F27: 0 | G27: =SUM(G60,G92) -> 23.75 | H27: 0 | I27: =SUM(I60,I92) -> 0 | J27: 0 | K27: 0 | L27: 0 | M27: 6.65 | N27: 0 | O27: =SUM(O60,O92) -> 0 | P27: =SUM(D27,F27,H27,J27,L27,N27) -> 0 | Q27: =SUM(E27,G27,I27,K27,M27,O27) -> 46.55 | R27: =SUM(P13,P27) -> 57 | S27: =SUM(Q13,Q27) -> 104.295 | T27: =S27-R27 -> 47.295 | V27: 99 | X27: =R27-S27 -> -47.295 | Y27: 7 | Z27: =0.95*Y27 -> 6.65
A28: 7 | B28: JOMBANG | C28: 405 | D28: 90 | E28: =SUM(E61,E93) -> 11.4 | F28: 30 | G28: =SUM(G61,G93) -> 160.55 | H28: 35 | I28: =SUM(I61,I93) -> 55.1 | J28: 0 | K28: 23.75 | L28: 0 | M28: 0 | N28: 0 | O28: =SUM(O61,O93) -> 0 | P28: =SUM(D28,F28,H28,J28,L28,N28) -> 155 | Q28: =SUM(E28,G28,I28,K28,M28,O28) -> 250.8 | R28: =SUM(P14,P28) -> 585 | S28: =SUM(Q14,Q28) -> 583.832 | T28: =S28-R28 -> -1.168 | V28: 589 | X28: =R28-S28 -> 1.168 | Y28: 0 | Z28: =0.95*Y28 -> 0
A29: 8 | B29: CIBEBER | C29: 280 | D29: 0 | E29: =SUM(E62,E94) -> 50.35 | F29: 120 | G29: =SUM(G62,G94) -> 84.55 | H29: 8 | I29: =SUM(I62,I94) -> 15.2 | J29: 0 | K29: 23.75 | L29: 0 | M29: 19.95 | N29: 0 | O29: =SUM(O62,O94) -> 0 | P29: =SUM(D29,F29,H29,J29,L29,N29) -> 128 | Q29: =SUM(E29,G29,I29,K29,M29,O29) -> 193.8 | R29: =SUM(P15,P29) -> 473 | S29: =SUM(Q15,Q29) -> 495.499 | T29: =S29-R29 -> 22.499 | V29: 476 | X29: =R29-S29 -> -22.499 | Y29: 21 | Z29: =0.95*Y29 -> 19.95
A30: JUMLAH | C30: =SUM(C22:C29) -> 3630 | D30: =SUM(D22:D29) -> 127 | E30: =SUM(E22:E29) -> 85.5 | F30: =SUM(F22:F29) -> 209 | G30: =SUM(G22:G29) -> 421.8 | H30: =SUM(H22:H29) -> 48 | I30: =SUM(I22:I29) -> 153.9 | J30: =SUM(J22:J29) -> 0 | ... T30: =SUM(T22:T29) -> -27.821 | U30: =S30/R30*100 -> 98.818641 | V30: =SUM(V22:V29) -> 2355 | X30: =SUM(X22:X29) -> 27.821 | Y30: =SUM(Y22:Y29) -> 33 | Z30: =SUM(Z22:Z29) -> 31.35
P31: 379 | Q31: =Q30/P30*100 -> 190.24422 | S31: =R30-S30 -> 27.821
E32: 54 | G32: 439 | I32: 174 | K32: 8 | L32: =SUM(E32:K32) -> 675 | P32: =SUM(P30:P31) -> 768 | Q32: =Q30/P32*100 -> 96.360677
P33: =P32-Q30 -> 27.95
A34: SASARAN DAN REALISASI PADI SAWAH MT. 2016/2017 DAN MT. 2017
A35: KOTA CILEGON
A37: No | B37: Kecamatan | C37: Penggunaan Lahan | D37: MT. 2016 / 2017 (Ha) | P37: Okt-Mar
C38: Sawah | D38: Oktober | F38: Nopember | H38: Desember | J38: Januari | L38: Pebruari | N38: Maret
C39: (Ha) | D39: Sasaran | E39: Realisasi | F39: Sasaran | G39: Realisasi | H39: Sasaran | I39: Realisasi | J39: Sasaran | K39: Realisasi | L39: Sasaran | M39: Realisasi | N39: Sasaran | O39: Realisasi | P39: Sasaran | Q39: Realisasi
A40: 1 | B40: 2 | C40: 3 | D40: 4 | F40: 5 | H40: 6 | J40: 7 | L40: 8 | N40: 9 | P40: 10
A41: 1 | B41: CIWANDAN | C41: 287 | D41: 0 | E41: 0 | F41: 0 | G41: 1.93 | H41: 10 | I41: 43.515 | J41: 15 | K41: =W41 -> 169.92 | L41: 221 | M41: =Y41 -> 43.2 | N41: 53 | O41: ='okt-mar'!H23*0.96 -> 0 | P41: =SUM(D41,F41,H41,J41,L41,N41) -> 299 | Q41: =SUM(E41,G41,I41,K41,M41,O41) -> 258.565 | V41: 177 | W41: =V41*0.96 -> 169.92 | X41: 45 | Y41: =X41*0.96 -> 43.2
A42: 2 | B42: CITANGKIL | C42: 208 | D42: 3 | E42: 4.75 | F42: 47 | G42: 26.055 | H42: 105 | I42: 138.281 | J42: 78 | K42: =W42 -> 23.04 | L42: 45 | M42: =Y42 -> 8.64 | N42: 20 | O42: ='okt-mar'!H24*0.96 -> 0 | P42: =SUM(D42,F42,H42,J42,L42,N42) -> 298 | Q42: =SUM(E42,G42,I42,K42,M42,O42) -> 200.766 | V42: 24 | W42: =V42*0.96 -> 23.04 | X42: 9 | Y42: =X42*0.96 -> 8.64
A43: 3 | B43: PULOMERAK | C43: 25 | D43: 0 | E43: 4.75 | F43: 0 | G43: 8.685 | H43: 10 | I43: 24.175 | J43: 14 | K43: =W43 -> 9.6 | L43: 0 | M43: =Y43 -> 4.8 | N43: 13 | O43: ='okt-mar'!H25*0.96 -> 0 | P43: =SUM(D43,F43,H43,J43,L43,N43) -> 37 | Q43: =SUM(E43,G43,I43,K43,M43,O43) -> 52.01 | V43: 10 | W43: =V43*0.96 -> 9.6 | X43: 5 | Y43: =X43*0.96 -> 4.8
A44: 4 | B44: PURWAKARTA | C44: 206 | D44: 0 | E44: 8.55 | F44: 0 | G44: 0.965 | H44: 68 | I44: 34.812 | J44: 116 | K44: =W44 -> 123.84 | L44: 0 | M44: =Y44 -> 19.2 | N44: 0 | O44: ='okt-mar'!H26*0.96 -> 4.8 | P44: =SUM(D44,F44,H44,J44,L44,N44) -> 184 | Q44: =SUM(E44,G44,I44,K44,M44,O44) -> 192.167 | V44: 129 | W44: =V44*0.96 -> 123.84 | X44: 20 | Y44: =X44*0.96 -> 19.2
A45: 5 | B45: GROGOL | C45: 184 | D45: 0 | E45: 0 | F45: 0 | G45: 0 | H45: 50 | I45: 14.505 | J45: 209 | K45: =W45 -> 159.36 | L45: 0 | M45: =Y45 -> 0 | N45: 17 | O45: ='okt-mar'!H27*0.96 -> 0 | P45: =SUM(D45,F45,H45,J45,L45,N45) -> 276 | Q45: =SUM(E45,G45,I45,K45,M45,O45) -> 173.865 | V45: 166 | W45: =V45*0.96 -> 159.36 | X45: 0 | Y45: =X45*0.96 -> 0
A46: 6 | B46: CILEGON | C46: 54 | D46: 0 | E46: 6.65 | F46: 0 | G46: 41.495 | H46: 19 | I46: 0 | J46: 0 | K46: =W46 -> 0 | L46: 10 | M46: =Y46 -> 0.96 | N46: 28 | O46: ='okt-mar'!H28*0.96 -> 8.64 | P46: =SUM(D46,F46,H46,J46,L46,N46) -> 57 | Q46: =SUM(E46,G46,I46,K46,M46,O46) -> 57.745 | V46: 0 | W46: =V46*0.96 -> 0 | X46: 1 | Y46: =X46*0.96 -> 0.96
A47: 7 | B47: JOMBANG | C47: 367 | D47: 0 | E47: 14.25 | F47: 0 | G47: 13.51 | H47: 117 | I47: 131.512 | J47: 276 | K47: =W47 -> 170.88 | L47: 0 | M47: =Y47 -> 2.88 | N47: 37 | O47: ='okt-mar'!H29*0.96 -> 0 | P47: =SUM(D47,F47,H47,J47,L47,N47) -> 430 | Q47: =SUM(E47,G47,I47,K47,M47,O47) -> 333.032 | V47: 178 | W47: =V47*0.96 -> 170.88 | X47: 3 | Y47: =X47*0.96 -> 2.88
A48: 8 | B48: CIBEBER | C48: 280 | D48: 0 | E48: 24.7 | F48: 52 | G48: 120.625 | H48: 126 | I48: 117.974 | J48: 129 | K48: =W48 -> 6.72 | L48: 0 | M48: =Y48 -> 31.68 | N48: 38 | O48: ='okt-mar'!H30*0.96 -> 0 | P48: =SUM(D48,F48,H48,J48,L48,N48) -> 345 | Q48: =SUM(E48,G48,I48,K48,M48,O48) -> 301.699 | V48: 7 | W48: =V48*0.96 -> 6.72 | X48: 33 | Y48: =X48*0.96 -> 31.68
A49: JUMLAH | C49: =SUM(C41:C48) -> 1611 | D49: =SUM(D41:D48) -> 3 | E49: =SUM(E41:E48) -> 63.65 | F49: =SUM(F41:F48) -> 99 | G49: =SUM(G41:G48) -> 213.265 | H49: =SUM(H41:H48) -> 505 | I49: =SUM(I41:I48) -> 504.774 | J49: =SUM(J41:J48) -> 837 | ... Q49: =SUM(Q41:Q48) -> 1569.849 | V49: =SUM(V41:V48) -> 691 | W49: =SUM(W41:W48) -> 663.36 | X49: =SUM(X41:X48) -> 116 | Y49: =SUM(Y41:Y48) -> 111.36 | Z49: =SUM(Z41:Z48) -> 0
A51: No | B51: Kecamatan | C51: Penggunaan Lahan | D51: MT. 2017 (Ha) | P51: April-September | R51: Oktober-September
C52: Sawah | D52: April | F52: Mei | H52: Juni | J52: Juli | L52: Agustus | N52: September
C53: (Ha) | D53: Sasaran | E53: Realisasi | F53: Sasaran | G53: Realisasi | H53: Sasaran | I53: Realisasi | J53: Sasaran | K53: Realisasi | L53: Sasaran | M53: Realisasi | N53: Sasaran | O53: Realisasi | P53: Sasaran | Q53: Realisasi | R53: Sasaran | S53: Realisasi
A54: 1 | B54: 2 | C54: 3 | D54: 11 | F54: 12 | H54: 13 | J54: 14 | L54: 15 | N54: 16 | P54: 17 | R54: 18
A55: 1 | B55: CIWANDAN | C55: 287 | D55: 0 | E55: 0 | F55: 19 | G55: 33.25 | H55: 0 | I55: 27.55 | J55: 0 | K55: 0 | L55: 0 | N55: 0 | P55: =SUM(D55,F55,H55,J55,L55,N55) -> 19 | Q55: =SUM(E55,G55,I55,K55,M55,O55) -> 60.8 | R55: =SUM(P41,P55) -> 318 | S55: =SUM(Q41,Q55) -> 319.365 | W55: 0 | X55: =0.95*W55 -> 0 | Y55: 35 | Z55: =0.95*Y55 -> 33.25
A56: 2 | B56: CITANGKIL | C56: 208 | D56: 27 | E56: 0 | F56: 20 | G56: 95 | H56: 5 | I56: 46.55 | J56: 0 | K56: 0 | L56: 0 | N56: 0 | P56: =SUM(D56,F56,H56,J56,L56,N56) -> 52 | Q56: =SUM(E56,G56,I56,K56,M56,O56) -> 141.55 | R56: =SUM(P42,P56) -> 350 | S56: =SUM(Q42,Q56) -> 342.316 | W56: 0 | X56: =0.95*W56 -> 0 | Y56: 100 | Z56: =0.95*Y56 -> 95
A57: 3 | B57: PULOMERAK | C57: 25 | D57: 10 | E57: 0 | F57: 0 | G57: 9.5 | H57: 0 | I57: 0 | J57: 0 | K57: 0 | L57: 0 | N57: 0 | P57: =SUM(D57,F57,H57,J57,L57,N57) -> 10 | Q57: =SUM(E57,G57,I57,K57,M57,O57) -> 9.5 | R57: =SUM(P43,P57) -> 47 | S57: =SUM(Q43,Q57) -> 61.51 | W57: 0 | X57: =0.95*W57 -> 0 | Y57: 10 | Z57: =0.95*Y57 -> 9.5
A58: 4 | B58: PURWAKARTA | C58: 206 | D58: 0 | E58: 0 | F58: 27 | G58: 2.85 | H58: 0 | I58: 9.5 | J58: 0 | K58: 0 | L58: 0 | N58: 5 | P58: =SUM(D58,F58,H58,J58,L58,N58) -> 32 | Q58: =SUM(E58,G58,I58,K58,M58,O58) -> 12.35 | R58: =SUM(P44,P58) -> 216 | S58: =SUM(Q44,Q58) -> 204.517 | W58: 0 | X58: =0.95*W58 -> 0 | Y58: 3 | Z58: =0.95*Y58 -> 2.85
A59: 5 | B59: GROGOL | C59: 184 | D59: 5 | E59: 7.6 | F59: 12 | G59: 12.35 | H59: 0 | I59: 0 | J59: 0 | K59: 0 | L59: 0 | N59: 0 | P59: =SUM(D59,F59,H59,J59,L59,N59) -> 17 | Q59: =SUM(E59,G59,I59,K59,M59,O59) -> 19.95 | R59: =SUM(P45,P59) -> 293 | S59: =SUM(Q45,Q59) -> 193.815 | W59: 8 | X59: =0.95*W59 -> 7.6 | Y59: 13 | Z59: =0.95*Y59 -> 12.35
A60: 6 | B60: CILEGON | C60: 54 | D60: 0 | E60: 16.15 | F60: 10 | G60: 23.75 | H60: 0 | I60: 0 | J60: 0 | K60: 0 | L60: 0 | N60: 0 | P60: =SUM(D60,F60,H60,J60,L60,N60) -> 10 | Q60: =SUM(E60,G60,I60,K60,M60,O60) -> 39.9 | R60: =SUM(P46,P60) -> 67 | S60: =SUM(Q46,Q60) -> 97.645 | W60: 17 | X60: =0.95*W60 -> 16.15 | Y60: 25 | Z60: =0.95*Y60 -> 23.75
A61: 7 | B61: JOMBANG | C61: 367 | D61: 90 | E61: 11.4 | F61: 28 | G61: 160.55 | H61: 0 | I61: 55.1 | J61: 0 | K61: 23.75 | L61: 0 | N61: 0 | P61: =SUM(D61,F61,H61,J61,L61,N61) -> 118 | Q61: =SUM(E61,G61,I61,K61,M61,O61) -> 250.8 | R61: =SUM(P47,P61) -> 548 | S61: =SUM(Q47,Q61) -> 583.832 | W61: 12 | X61: =0.95*W61 -> 11.4 | Y61: 169 | Z61: =0.95*Y61 -> 160.55
A62: 8 | B62: CIBEBER | C62: 280 | D62: 0 | E62: 50.35 | F62: 97 | G62: 84.55 | H62: 34 | I62: 15.2 | J62: 0 | K62: 8.55 | L62: 0 | N62: 0 | P62: =SUM(D62,F62,H62,J62,L62,N62) -> 131 | Q62: =SUM(E62,G62,I62,K62,M62,O62) -> 158.65 | R62: =SUM(P48,P62) -> 476 | S62: =SUM(Q48,Q62) -> 460.349 | W62: 53 | X62: =0.95*W62 -> 50.35 | Y62: 89 | Z62: =0.95*Y62 -> 84.55
A63: JUMLAH | C63: =SUM(C55:C62) -> 1611 | D63: =SUM(D55:D62) -> 132 | E63: =SUM(E55:E62) -> 85.5 | F63: =SUM(F55:F62) -> 213 | G63: =SUM(G55:G62) -> 421.8 | H63: =SUM(H55:H62) -> 39 | I63: =SUM(I55:I62) -> 153.9 | J63: =SUM(J55:J62) -> 0 | ... S63: =SUM(S55:S62) -> 2263.349 | U63: =S63/R63*100 -> 97.768855 | W63: =SUM(W55:W62) -> 90 | X63: =SUM(X55:X62) -> 85.5 | Y63: =SUM(Y55:Y62) -> 444 | Z63: =SUM(Z55:Z62) -> 421.8
A66: SASARAN DAN REALISASI PADI LADANG MT. 2016/2017 DAN MT. 2017
A67: KOTA CILEGON
A69: No | B69: Kecamatan | C69: Penggunaan Lahan | D69: MT. 2016 / 2017 (Ha) | P69: Okt-Mar
C70: Ladang | D70: Oktober | F70: Nopember | H70: Desember | J70: Januari | L70: Pebruari | N70: Maret
C71: (Ha) | D71: Sasaran | E71: Realisasi | F71: Sasaran | G71: Realisasi | H71: Sasaran | I71: Realisasi | J71: Sasaran | K71: Realisasi | L71: Sasaran | M71: Realisasi | N71: Sasaran | O71: Realisasi | P71: Sasaran | Q71: Realisasi
A72: 1 | B72: 2 | C72: 3 | D72: 4 | F72: 5 | H72: 6 | J72: 7 | L72: 8 | N72: 9 | P72: 10
A73: 1 | B73: CIWANDAN | C73: 1512 | D73: 0 | E73: 0 | F73: 0 | G73: 0 | H73: 0 | I73: 0 | J73: 0 | K73: 0 | L73: 0 | M73: 0 | N73: 0 | O73: 0 | P73: =SUM(D73,F73,H73,J73,L73,N73) -> 0 | Q73: =SUM(E73,G73,I73,K73,M73,O73) -> 0
A74: 2 | B74: CITANGKIL | C74: 35 | D74: 0 | E74: 0 | F74: 0 | G74: 0 | H74: 0 | I74: 0 | J74: 0 | K74: 0 | L74: 0 | M74: 0 | N74: 0 | O74: 0 | P74: =SUM(D74,F74,H74,J74,L74,N74) -> 0 | Q74: =SUM(E74,G74,I74,K74,M74,O74) -> 0
A75: 3 | B75: PULOMERAK | C75: 250 | D75: 40 | E75: 0 | F75: 0 | G75: 4 | H75: 0 | I75: 24.175 | J75: 0 | K75: =W75 -> 17.28 | L75: 0 | M75: 0 | N75: 0 | O75: 0 | P75: =SUM(D75,F75,H75,J75,L75,N75) -> 40 | Q75: =SUM(E75,G75,I75,K75,M75,O75) -> 45.455 | V75: 18 | W75: =V75*0.96 -> 17.28
A76: 4 | B76: PURWAKARTA | C76: 0 | D76: 0 | E76: 0 | F76: 0 | G76: 0 | H76: 0 | I76: 0 | J76: 0 | K76: 0 | L76: 0 | M76: 0 | N76: 0 | O76: 0 | P76: =SUM(D76,F76,H76,J76,L76,N76) -> 0 | Q76: =SUM(E76,G76,I76,K76,M76,O76) -> 0
A77: 5 | B77: GROGOL | C77: 179 | D77: 0 | E77: 0 | F77: 0 | G77: 0 | H77: 0 | I77: 0 | J77: 0 | K77: 0 | L77: 0 | M77: 0 | N77: 0 | O77: 0 | P77: =SUM(D77,F77,H77,J77,L77,N77) -> 0 | Q77: =SUM(E77,G77,I77,K77,M77,O77) -> 0
A78: 6 | B78: CILEGON | C78: 5 | D78: 0 | E78: 0 | F78: 0 | G78: 0 | H78: 0 | I78: 0 | J78: 0 | K78: 0 | L78: 0 | M78: 0 | N78: 0 | O78: 0 | P78: =SUM(D78,F78,H78,J78,L78,N78) -> 0 | Q78: =SUM(E78,G78,I78,K78,M78,O78) -> 0
A79: 7 | B79: JOMBANG | C79: 38 | D79: 0 | E79: 0 | F79: 0 | G79: 0 | H79: 0 | I79: 0 | J79: 0 | K79: 0 | L79: 0 | M79: 0 | N79: 0 | O79: 0 | P79: =SUM(D79,F79,H79,J79,L79,N79) -> 0 | Q79: =SUM(E79,G79,I79,K79,M79,O79) -> 0
A80: 8 | B80: CIBEBER | C80: 0 | D80: 0 | E80: 0 | F80: 0 | G80: 0 | H80: 0 | I80: 0 | J80: 0 | K80: 0 | L80: 0 | M80: 0 | N80: 0 | O80: 0 | P80: =SUM(D80,F80,H80,J80,L80,N80) -> 0 | Q80: =SUM(E80,G80,I80,K80,M80,O80) -> 0
A81: JUMLAH | C81: =SUM(C73:C80) -> 2019 | D81: =SUM(D73:D80) -> 40 | E81: =SUM(E73:E80) -> 0 | F81: =SUM(F73:F80) -> 0 | G81: =SUM(G73:G80) -> 4 | H81: =SUM(H73:H80) -> 0 | I81: =SUM(I73:I80) -> 24.175 | J81: =SUM(J73:J80) -> 0 | ... Q81: =SUM(Q73:Q80) -> 45.455
A83: No | B83: Kecamatan | C83: Penggunaan Lahan | D83: MT. 2017 (Ha) | P83: April-September | R83: Oktober-September
C84: Ladang | D84: April | F84: Mei | H84: Juni | J84: Juli | L84: Agustus | N84: September
C85: (Ha) | D85: Sasaran | E85: Realisasi | F85: Sasaran | G85: Realisasi | H85: Sasaran | I85: Realisasi | J85: Sasaran | K85: Realisasi | L85: Sasaran | M85: Realisasi | N85: Sasaran | O85: Realisasi | P85: Sasaran | Q85: Realisasi | R85: Sasaran | S85: Realisasi
A86: 1 | B86: 2 | C86: 3 | D86: 11 | F86: 12 | H86: 13 | J86: 14 | L86: 15 | N86: 16 | P86: 17 | R86: 18
A87: 1 | B87: CIWANDAN | C87: 1512 | D87: 0 | E87: 0 | F87: 0 | G87: 0 | H87: 0 | J87: 0 | L87: 0 | N87: 0 | P87: =SUM(D87,F87,H87,J87,L87,N87) -> 0 | R87: =SUM(P73,P87) -> 0 | S87: =SUM(Q73,Q87) -> 0
A88: 2 | B88: CITANGKIL | C88: 35 | D88: 0 | E88: 0 | F88: 0 | G88: 0 | H88: 0 | J88: 0 | L88: 0 | N88: 0 | P88: =SUM(D88,F88,H88,J88,L88,N88) -> 0 | R88: =SUM(P74,P88) -> 0 | S88: =SUM(Q74,Q88) -> 0
A89: 3 | B89: PULOMERAK | C89: 250 | D89: 0 | E89: 0 | F89: 0 | G89: 0 | H89: 0 | J89: 0 | L89: 0 | N89: 0 | P89: =SUM(D89,F89,H89,J89,L89,N89) -> 0 | R89: =SUM(P75,P89) -> 40 | S89: =SUM(Q75,Q89) -> 45.455
A90: 4 | B90: PURWAKARTA | C90: 0 | D90: 0 | E90: 0 | F90: 0 | G90: 0 | H90: 0 | J90: 0 | L90: 0 | N90: 0 | P90: =SUM(D90,F90,H90,J90,L90,N90) -> 0 | R90: =SUM(P76,P90) -> 0 | S90: =SUM(Q76,Q90) -> 0
A91: 5 | B91: GROGOL | C91: 179 | D91: 0 | E91: 0 | F91: 0 | G91: 0 | H91: 0 | J91: 0 | L91: 0 | N91: 0 | P91: =SUM(D91,F91,H91,J91,L91,N91) -> 0 | R91: =SUM(P77,P91) -> 0 | S91: =SUM(Q77,Q91) -> 0
A92: 6 | B92: CILEGON | C92: 5 | D92: 0 | E92: 0 | F92: 0 | G92: 0 | H92: 0 | J92: 0 | L92: 0 | N92: 0 | P92: =SUM(D92,F92,H92,J92,L92,N92) -> 0 | R92: =SUM(P78,P92) -> 0 | S92: =SUM(Q78,Q92) -> 0
A93: 7 | B93: JOMBANG | C93: 38 | D93: 0 | E93: 0 | F93: 0 | G93: 0 | H93: 0 | J93: 0 | L93: 0 | N93: 0 | P93: =SUM(D93,F93,H93,J93,L93,N93) -> 0 | R93: =SUM(P79,P93) -> 0 | S93: =SUM(Q79,Q93) -> 0
A94: 8 | B94: CIBEBER | C94: 0 | D94: 0 | E94: 0 | F94: 0 | G94: 0 | H94: 0 | J94: 0 | L94: 0 | N94: 0 | P94: =SUM(D94,F94,H94,J94,L94,N94) -> 0 | R94: =SUM(P80,P94) -> 0 | S94: =SUM(Q80,Q94) -> 0
A95: JUMLAH | C95: =SUM(C87:C94) -> 2019 | D95: =SUM(D87:D94) -> 0 | E95: =SUM(E87:E94) -> 0 | F95: =SUM(F87:F94) -> 0 | G95: =SUM(G87:G94) -> 0 | H95: =SUM(H87:H94) -> 0 | I95: =SUM(I87:I94) -> 0 | J95: =SUM(J87:J94) -> 0 | ... S95: =SUM(S87:S94) -> 45.455 | U95: =S95/R95*100 -> 113.6375
A98: SASARAN DAN REALISASI JAGUNG MT. 2016/2017 DAN MT. 2017
A99: KOTA CILEGON
A101: No | B101: Kecamatan | C101: Penggunaan Lahan | D101: MT. 2016 / 2017 (Ha) | P101: Okt-Mar
C102: (Sawah+ Ladang) | D102: Oktober | F102: Nopember | H102: Desember | J102: Januari | L102: Pebruari | N102: Maret
C103: (Ha) | D103: Sasaran | E103: Realisasi | F103: Sasaran | G103: Realisasi | H103: Sasaran | I103: Realisasi | J103: Sasaran | K103: Realisasi | L103: Sasaran | M103: Realisasi | N103: Sasaran | O103: Realisasi | P103: Sasaran | Q103: Realisasi
A104: 1 | B104: 2 | C104: 3 | D104: 4 | F104: 5 | H104: 6 | J104: 7 | L104: 8 | N104: 9 | P104: 10
A105: 1 | B105: CIWANDAN | C105: 1799 | D105: 0 | E105: 1 | F105: 0 | G105: 0 | H105: 0 | I105: 0 | J105: 0 | K105: 0 | L105: 0 | M105: ='okt-mar'!G55 -> 0 | N105: 4 | O105: ='okt-mar'!H55 -> 0 | P105: =SUM(D105,F105,H105,J105,L105,N105) -> 4 | Q105: =SUM(E105,G105,I105,K105,M105,O105) -> 1
A106: 2 | B106: CITANGKIL | C106: 243 | D106: 0 | E106: 1 | F106: 0 | G106: 0 | H106: 0 | I106: 0 | J106: 0 | K106: 0 | L106: 1 | M106: ='okt-mar'!G56 -> 0 | N106: 0 | O106: ='okt-mar'!H56 -> 0 | P106: =SUM(D106,F106,H106,J106,L106,N106) -> 1 | Q106: =SUM(E106,G106,I106,K106,M106,O106) -> 1 | W106: 35 | X106: =W106*0.967 -> 33.845 | Y106: 15 | Z106: =Y106*0.96 -> 14.4
A107: 3 | B107: PULOMERAK | C107: 275 | D107: 0 | E107: 0 | F107: 3 | G107: 34 | H107: 2 | I107: 14 | J107: 0 | K107: 0 | L107: 0 | M107: ='okt-mar'!G57 -> 0 | N107: 0 | O107: ='okt-mar'!H57 -> 0 | P107: =SUM(D107,F107,H107,J107,L107,N107) -> 5 | Q107: =SUM(E107,G107,I107,K107,M107,O107) -> 48
A108: 4 | B108: PURWAKARTA | C108: 206 | D108: 0 | E108: 0 | F108: 0 | G108: 0 | H108: 0 | I108: 1 | J108: 2 | K108: 0 | L108: 0 | M108: ='okt-mar'!G58 -> 0 | N108: 0 | O108: ='okt-mar'!H58 -> 0 | P108: =SUM(D108,F108,H108,J108,L108,N108) -> 2 | Q108: =SUM(E108,G108,I108,K108,M108,O108) -> 1
A109: 5 | B109: GROGOL | C109: 363 | D109: 0 | E109: 0 | F109: 0 | G109: 0 | H109: 1 | I109: 0 | J109: 1 | K109: 0 | L109: 0 | M109: ='okt-mar'!G59 -> 0 | N109: 0 | O109: ='okt-mar'!H59 -> 0 | P109: =SUM(D109,F109,H109,J109,L109,N109) -> 2 | Q109: =SUM(E109,G109,I109,K109,M109,O109) -> 0
A110: 6 | B110: CILEGON | C110: 59 | D110: 0 | E110: 0 | F110: 0 | G110: 0 | H110: 0 | I110: 0 | J110: 0 | K110: 0 | L110: 0 | M110: ='okt-mar'!G60 -> 0 | N110: 0 | O110: ='okt-mar'!H60 -> 0 | P110: =SUM(D110,F110,H110,J110,L110,N110) -> 0 | Q110: =SUM(E110,G110,I110,K110,M110,O110) -> 0
A111: 7 | B111: JOMBANG | C111: 405 | D111: 0 | E111: 0 | F111: 0 | G111: 0 | H111: 0 | I111: 0 | J111: 0 | K111: 0 | L111: 0 | M111: ='okt-mar'!G61 -> 0 | N111: 0 | O111: ='okt-mar'!H61 -> 0 | P111: =SUM(D111,F111,H111,J111,L111,N111) -> 0 | Q111: =SUM(E111,G111,I111,K111,M111,O111) -> 0
...

Sheet S-Rjan17Prov (2)
A1: Lampiran :
A3: SASARAN DAN REALISASI PADI (SAWAH + LADANG) MT. 2016/2017 DAN MT. 2017
A4: KOTA CILEGON
A6: No | B6: Kecamatan | C6: Penggunaan Lahan | D6: MT. 2016 / 2017 (Ha) | P6: Okt-Mar
C7: (Sawah+ Ladang) | D7: Oktober | F7: Nopember | H7: Desember | J7: Januari | L7: Pebruari | N7: Maret
C8: (Ha) | D8: Sasaran | E8: Realisasi | F8: Sasaran | G8: Realisasi | H8: Sasaran | I8: Realisasi | J8: Sasaran | K8: Realisasi | L8: Sasaran | M8: Realisasi | N8: Sasaran | O8: Realisasi | P8: Sasaran | Q8: Realisasi
A9: 1 | B9: 2 | C9: 3 | D9: 4 | F9: 5 | H9: 6 | J9: 7 | L9: 8 | N9: 9 | P9: 10
A10: 1 | B10: CIWANDAN | C10: 1799 | D10: 0 | E10: 0 | F10: 0 | G10: 1.93 | H10: 10 | I10: 43.515 | J10: 31 | K10: =SUM(K43,K75) -> 169.92 | L10: 221 | M10: =SUM(M43,M75) -> 43.2 | N10: 53 | O10: =SUM(O43,O75) -> 0 | P10: =SUM(D10,F10,H10,J10,L10,N10) -> 315 | Q10: =SUM(E10,G10,I10,K10,M10,O10) -> 258.565 | V10: 299 | W10: 258.565 | X10: =SUM(E10,G10,I10) -> 45.445 | Y10: 292 | Z10: 0 | AA10: =Z10*0.96 -> 0 | AB10: 2 | AC10: =AB10*0.965 -> 1.93 | AD10: 45 | AE10: =AD10*0.967 -> 43.515
A11: 2 | B11: CITANGKIL | C11: 243 | D11: 3 | E11: 4.75 | F11: 47 | G11: 26.055 | H11: 105 | I11: 138.281 | J11: 78 | K11: =SUM(K44,K76) -> 23.04 | L11: 45 | M11: =SUM(M44,M76) -> 8.64 | N11: 20 | O11: =SUM(O44,O76) -> 0 | P11: =SUM(D11,F11,H11,J11,L11,N11) -> 298 | Q11: =SUM(E11,G11,I11,K11,M11,O11) -> 200.766 | V11: 298 | W11: 200.766 | X11: =SUM(E11,G11,I11) -> 169.086 | Y11: 298 | Z11: 5 | AA11: =Z11*0.96 -> 4.8 | AB11: 27 | AC11: =AB11*0.965 -> 26.055 | AD11: 143 | AE11: =AD11*0.967 -> 138.281
A12: 3 | B12: PULOMERAK | C12: 275 | D12: 40 | E12: 4.75 | F12: 0 | G12: 8.685 | H12: 10 | I12: 24.175 | J12: 14 | K12: =SUM(K45,K77) -> 26.88 | L12: 0 | M12: =SUM(M45,M77) -> 4.8 | N12: 13 | O12: =SUM(O45,O77) -> 0 | P12: =SUM(D12,F12,H12,J12,L12,N12) -> 77 | Q12: =SUM(E12,G12,I12,K12,M12,O12) -> 69.29 | V12: 77 | W12: 69.29 | X12: =SUM(E12,G12,I12) -> 37.61 | Y12: 84 | Z12: 5 | AA12: =Z12*0.96 -> 4.8 | AB12: 9 | AC12: =AB12*0.965 -> 8.685 | AD12: 25 | AE12: =AD12*0.967 -> 24.175
A13: 4 | B13: PURWAKARTA | C13: 206 | D13: 0 | E13: 8.55 | F13: 0 | G13: 0.965 | H13: 48 | I13: 34.812 | J13: 150 | K13: =SUM(K46,K78) -> 123.84 | L13: 0 | M13: =SUM(M46,M78) -> 19.2 | N13: 0 | O13: =SUM(O46,O78) -> 4.8 | P13: =SUM(D13,F13,H13,J13,L13,N13) -> 198 | Q13: =SUM(E13,G13,I13,K13,M13,O13) -> 192.167 | V13: 184 | W13: 192.167 | X13: =SUM(E13,G13,I13) -> 44.327 | Y13: 203 | Z13: 9 | AA13: =Z13*0.96 -> 8.64 | AB13: 1 | AC13: =AB13*0.965 -> 0.965 | AD13: 36 | AE13: =AD13*0.967 -> 34.812
A14: 5 | B14: GROGOL | C14: 363 | D14: 0 | E14: 0 | F14: 0 | G14: 0 | H14: 50 | I14: 14.505 | J14: 138 | K14: =SUM(K47,K79) -> 159.36 | L14: 0 | M14: =SUM(M47,M79) -> 0 | N14: 17 | O14: =SUM(O47,O79) -> 0 | P14: =SUM(D14,F14,H14,J14,L14,N14) -> 205 | Q14: =SUM(E14,G14,I14,K14,M14,O14) -> 173.865 | V14: 276 | W14: 173.865 | X14: =SUM(E14,G14,I14) -> 14.505 | Y14: 184 | Z14: 0 | AA14: =Z14*0.96 -> 0 | AB14: 0 | AC14: =AB14*0.965 -> 0 | AD14: 15 | AE14: =AD14*0.967 -> 14.505
A15: 6 | B15: CILEGON | C15: 59 | D15: 0 | E15: 6.65 | F15: 0 | G15: 41.495 | H15: 35 | I15: 0 | J15: 0 | K15: =SUM(K48,K80) -> 0 | L15: 10 | M15: =SUM(M48,M80) -> 0.96 | N15: 28 | O15: =SUM(O48,O80) -> 8.64 | P15: =SUM(D15,F15,H15,J15,L15,N15) -> 73 | Q15: =SUM(E15,G15,I15,K15,M15,O15) -> 57.745 | V15: 57 | W15: 57.745 | X15: =SUM(E15,G15,I15) -> 48.145 | Y15: 89 | Z15: 7 | AA15: =Z15*0.96 -> 6.72 | AB15: 43 | AC15: =AB15*0.965 -> 41.495 | AD15: 0 | AE15: =AD15*0.967 -> 0
A16: 7 | B16: JOMBANG | C16: 405 | D16: 0 | E16: 14.25 | F16: 0 | G16: 13.51 | H16: 121 | I16: 131.512 | J16: 276 | K16: =SUM(K49,K81) -> 170.88 | L16: 0 | M16: =SUM(M49,M81) -> 2.88 | N16: 37 | O16: =SUM(O49,O81) -> 0 | P16: =SUM(D16,F16,H16,J16,L16,N16) -> 434 | Q16: =SUM(E16,G16,I16,K16,M16,O16) -> 333.032 | V16: 430 | W16: 333.032 | X16: =SUM(E16,G16,I16) -> 159.272 | Y16: 471 | Z16: 15 | AA16: =Z16*0.96 -> 14.4 | AB16: 14 | AC16: =AB16*0.965 -> 13.51 | AD16: 136 | AE16: =AD16*0.967 -> 131.512
A17: 8 | B17: CIBEBER | C17: 280 | D17: 0 | E17: 24.7 | F17: 52 | G17: 120.625 | H17: 126 | I17: 117.974 | J17: 150 | K17: =SUM(K50,K82) -> 6.72 | L17: 0 | M17: =SUM(M50,M82) -> 31.68 | N17: 38 | O17: =SUM(O50,O82) -> 0 | P17: =SUM(D17,F17,H17,J17,L17,N17) -> 366 | Q17: =SUM(E17,G17,I17,K17,M17,O17) -> 301.699 | V17: 345 | W17: 301.699 | X17: =SUM(E17,G17,I17) -> 263.299 | Y17: 345 | Z17: 26 | AA17: =Z17*0.96 -> 24.96 | AB17: 125 | AC17: =AB17*0.965 -> 120.625 | AD17: 122 | AE17: =AD17*0.967 -> 117.974
A18: JUMLAH | C18: =SUM(C10:C17) -> 3630 | D18: =SUM(D10:D17) -> 43 | E18: =SUM(E10:E17) -> 63.65 | F18: =SUM(F10:F17) -> 99 | G18: =SUM(G10:G17) -> 213.265 | H18: =SUM(H10:H17) -> 505 | I18: =SUM(I10:I17) -> 504.774 | J18: =SUM(J10:J17) -> 837 | ... Q18: =SUM(Q10:Q17) -> 1587.129 | V18: 1966 | W18: 1587.129 | X18: =SUM(X10:X17) -> 781.689 | Y18: =SUM(Y10:Y17) -> 1966 | Z18: =SUM(Z10:Z17) -> 67 | AA18: =SUM(AA10:AA17) -> 64.32 | AB18: =SUM(AB10:AB17) -> 221 | AC18: =SUM(AC10:AC17) -> 213.265 | AD18: =SUM(AD10:AD17) -> 522 | AE18: =SUM(AE10:AE17) -> 504.774
A20: No | B20: Kecamatan | C20: Penggunaan Lahan | D20: MT. 2017 (Ha) | P20: April-September | R20: Oktober-September | T20: (+/-)
C21: (Sawah+ Ladang) | D21: April | F21: Mei | H21: Juni | J21: Juli | L21: Agustus | N21: September
C22: (Ha) | D22: Sasaran | E22: Realisasi | F22: Sasaran | G22: Realisasi | H22: Sasaran | I22: Realisasi | J22: Sasaran | K22: Realisasi | L22: Sasaran | M22: Realisasi | N22: Sasaran | O22: Realisasi | P22: Sasaran | Q22: Realisasi | R22: Sasaran | S22: Realisasi
A23: 1 | B23: 2 | C23: 3 | D23: 11 | F23: 12 | H23: 13 | J23: 14 | L23: 15 | N23: 16 | P23: 17 | R23: 18 | T23: 19
A24: 1 | B24: CIWANDAN | C24: 1799 | D24: 0 | E24: =SUM(E57,E89) -> 0 | F24: 2 | G24: =SUM(G57,G89) -> 33.25 | H24: 0 | I24: 29 | J24: 0 | K24: 0 | L24: 0 | M24: 0 | N24: 0 | O24: =SUM(O57,O89) -> 0 | P24: =SUM(D24,F24,H24,J24,L24,N24) -> 2 | Q24: =SUM(E24,G24,I24,K24,M24,O24) -> 62.25 | R24: =SUM(P10,P24) -> 317 | S24: =SUM(Q10,Q24) -> 320.815 | T24: =S24-R24 -> 3.815 | X24: 311 | Z24: =R24-S24 -> -3.815 | AA24: =S24-R24 -> 3.815
A25: 2 | B25: CITANGKIL | C25: 243 | D25: 27 | E25: =SUM(E58,E90) -> 0 | F25: 20 | G25: =SUM(G58,G90) -> 95 | H25: 5 | I25: 49 | J25: 0 | K25: 0 | L25: 0 | M25: 4 | N25: 0 | O25: =SUM(O58,O90) -> 0 | P25: =SUM(D25,F25,H25,J25,L25,N25) -> 52 | Q25: =SUM(E25,G25,I25,K25,M25,O25) -> 148 | R25: =SUM(P11,P25) -> 350 | S25: =SUM(Q11,Q25) -> 348.766 | T25: =S25-R25 -> -1.234 | X25: 350 | Z25: =R25-S25 -> 1.234 | AA25: =S25-R25 -> -1.234
A26: 3 | B26: PULOMERAK | C26: 275 | D26: 10 | E26: =SUM(E59,E91) -> 0 | F26: 0 | G26: =SUM(G59,G91) -> 9.5 | H26: 0 | I26: 0 | J26: 0 | K26: 0 | L26: 0 | M26: 0 | N26: 0 | O26: =SUM(O59,O91) -> 0 | P26: =SUM(D26,F26,H26,J26,L26,N26) -> 10 | Q26: =SUM(E26,G26,I26,K26,M26,O26) -> 9.5 | R26: =SUM(P12,P26) -> 87 | S26: =SUM(Q12,Q26) -> 78.79 | T26: =S26-R26 -> -8.21 | X26: 94 | Z26: =R26-S26 -> 8.21 | AA26: =S26-R26 -> -8.21
A27: 4 | B27: PURWAKARTA | C27: 206 | D27: 0 | E27: =SUM(E60,E92) -> 0 | F27: 15 | G27: =SUM(G60,G92) -> 2.85 | H27: 0 | I27: 10 | J27: 0 | K27: 0 | L27: 0 | M27: 1 | N27: 5 | O27: =SUM(O60,O92) -> 0 | P27: =SUM(D27,F27,H27,J27,L27,N27) -> 20 | Q27: =SUM(E27,G27,I27,K27,M27,O27) -> 13.85 | R27: =SUM(P13,P27) -> 218 | S27: =SUM(Q13,Q27) -> 206.017 | T27: =S27-R27 -> -11.983 | X27: 235 | Z27: =R27-S27 -> 11.983 | AA27: =S27-R27 -> -11.983
A28: 5 | B28: GROGOL | C28: 363 | D28: 0 | E28: =SUM(E61,E93) -> 7.6 | F28: 0 | G28: =SUM(G61,G93) -> 12.35 | H28: 0 | I28: 0 | J28: 0 | K28: 0 | L28: 0 | M28: 0 | N28: 0 | O28: =SUM(O61,O93) -> 0 | P28: =SUM(D28,F28,H28,J28,L28,N28) -> 0 | Q28: =SUM(E28,G28,I28,K28,M28,O28) -> 19.95 | R28: =SUM(P14,P28) -> 205 | S28: =SUM(Q14,Q28) -> 193.815 | T28: =S28-R28 -> -11.185 | X28: 201 | Z28: =R28-S28 -> 11.185 | AA28: =S28-R28 -> -11.185
A29: 6 | B29: CILEGON | C29: 59 | D29: 22 | E29: =SUM(E62,E94) -> 16.15 | F29: 0 | G29: =SUM(G62,G94) -> 23.75 | H29: 0 | I29: 0 | J29: 0 | K29: 0 | L29: 0 | M29: 7 | N29: 0 | O29: =SUM(O62,O94) -> 0 | P29: =SUM(D29,F29,H29,J29,L29,N29) -> 22 | Q29: =SUM(E29,G29,I29,K29,M29,O29) -> 46.9 | R29: =SUM(P15,P29) -> 95 | S29: =SUM(Q15,Q29) -> 104.645 | T29: =S29-R29 -> 9.645 | X29: 99 | Z29: =R29-S29 -> -9.645 | AA29: =S29-R29 -> 9.645
A30: 7 | B30: JOMBANG | C30: 405 | D30: 90 | E30: =SUM(E63,E95) -> 11.4 | F30: 30 | G30: =SUM(G63,G95) -> 160.55 | H30: 35 | I30: 55 | J30: 0 | K30: 25 | L30: 0 | M30: 0 | N30: 0 | O30: =SUM(O63,O95) -> 0 | P30: =SUM(D30,F30,H30,J30,L30,N30) -> 155 | Q30: =SUM(E30,G30,I30,K30,M30,O30) -> 251.95 | R30: =SUM(P16,P30) -> 589 | S30: =SUM(Q16,Q30) -> 584.982 | T30: =S30-R30 -> -4.018 | X30: 589 | Z30: =R30-S30 -> 4.018 | AA30: =S30-R30 -> -4.018
A31: 8 | B31: CIBEBER | C31: 280 | D31: 0 | E31: =SUM(E64,E96) -> 50.35 | F31: 120 | G31: =SUM(G64,G96) -> 84.55 | H31: 8 | I31: 23 | J31: 0 | K31: 25 | L31: 0 | M31: 21 | N31: 0 | O31: =SUM(O64,O96) -> 0 | P31: =SUM(D31,F31,H31,J31,L31,N31) -> 128 | Q31: =SUM(E31,G31,I31,K31,M31,O31) -> 203.9 | R31: =SUM(P17,P31) -> 494 | S31: =SUM(Q17,Q31) -> 505.599 | T31: =S31-R31 -> 11.599 | X31: 476 | Z31: =R31-S31 -> -11.599 | AA31: =S31-R31 -> 11.599
A32: JUMLAH | C32: =SUM(C24:C31) -> 3630 | D32: =SUM(D24:D31) -> 149 | E32: =SUM(E24:E31) -> 85.5 | F32: =SUM(F24:F31) -> 187 | G32: =SUM(G24:G31) -> 421.8 | H32: =SUM(H24:H31) -> 48 | I32: =SUM(I24:I31) -> 166 | J32: =SUM(J24:J31) -> 0 | ... T32: =SUM(T24:T31) -> -11.571 | W32: =S32/R32*100 -> 99.508662 | X32: =SUM(X24:X31) -> 2355 | Z32: =SUM(Z24:Z31) -> 11.571
A36: SASARAN DAN REALISASI PADI SAWAH MT. 2016/2017 DAN MT. 2017
A37: KOTA CILEGON
A39: No | B39: Kecamatan | C39: Penggunaan Lahan | D39: MT. 2016 / 2017 (Ha) | P39: Okt-Mar
C40: Sawah | D40: Oktober | F40: Nopember | H40: Desember | J40: Januari | L40: Pebruari | N40: Maret
C41: (Ha) | D41: Sasaran | E41: Realisasi | F41: Sasaran | G41: Realisasi | H41: Sasaran | I41: Realisasi | J41: Sasaran | K41: Realisasi | L41: Sasaran | M41: Realisasi | N41: Sasaran | O41: Realisasi | P41: Sasaran | Q41: Realisasi
A42: 1 | B42: 2 | C42: 3 | D42: 4 | F42: 5 | H42: 6 | J42: 7 | L42: 8 | N42: 9 | P42: 10
A43: 1 | B43: CIWANDAN | C43: 287 | D43: 0 | E43: 0 | F43: 0 | G43: 1.93 | H43: 10 | I43: 43.515 | J43: 15 | K43: =W43 -> 169.92 | L43: 221 | M43: =Y43 -> 43.2 | N43: 53 | O43: ='okt-mar'!H23*0.96 -> 0 | P43: =SUM(D43,F43,H43,J43,L43,N43) -> 299 | Q43: =SUM(E43,G43,I43,K43,M43,O43) -> 258.565 | V43: 177 | W43: =V43*0.96 -> 169.92 | X43: 45 | Y43: =X43*0.96 -> 43.2
A44: 2 | B44: CITANGKIL | C44: 208 | D44: 3 | E44: 4.75 | F44: 47 | G44: 26.055 | H44: 105 | I44: 138.281 | J44: 78 | K44: =W44 -> 23.04 | L44: 45 | M44: =Y44 -> 8.64 | N44: 20 | O44: ='okt-mar'!H24*0.96 -> 0 | P44: =SUM(D44,F44,H44,J44,L44,N44) -> 298 | Q44: =SUM(E44,G44,I44,K44,M44,O44) -> 200.766 | V44: 24 | W44: =V44*0.96 -> 23.04 | X44: 9 | Y44: =X44*0.96 -> 8.64
A45: 3 | B45: PULOMERAK | C45: 25 | D45: 0 | E45: 4.75 | F45: 0 | G45: 8.685 | H45: 10 | I45: 24.175 | J45: 14 | K45: =W45 -> 9.6 | L45: 0 | M45: =Y45 -> 4.8 | N45: 13 | O45: ='okt-mar'!H25*0.96 -> 0 | P45: =SUM(D45,F45,H45,J45,L45,N45) -> 37 | Q45: =SUM(E45,G45,I45,K45,M45,O45) -> 52.01 | V45: 10 | W45: =V45*0.96 -> 9.6 | X45: 5 | Y45: =X45*0.96 -> 4.8
A46: 4 | B46: PURWAKARTA | C46: 206 | D46: 0 | E46: 8.55 | F46: 0 | G46: 0.965 | H46: 68 | I46: 34.812 | J46: 116 | K46: =W46 -> 123.84 | L46: 0 | M46: =Y46 -> 19.2 | N46: 0 | O46: ='okt-mar'!H26*0.96 -> 4.8 | P46: =SUM(D46,F46,H46,J46,L46,N46) -> 184 | Q46: =SUM(E46,G46,I46,K46,M46,O46) -> 192.167 | V46: 129 | W46: =V46*0.96 -> 123.84 | X46: 20 | Y46: =X46*0.96 -> 19.2
A47: 5 | B47: GROGOL | C47: 184 | D47: 0 | E47: 0 | F47: 0 | G47: 0 | H47: 50 | I47: 14.505 | J47: 209 | K47: =W47 -> 159.36 | L47: 0 | M47: =Y47 -> 0 | N47: 17 | O47: ='okt-mar'!H27*0.96 -> 0 | P47: =SUM(D47,F47,H47,J47,L47,N47) -> 276 | Q47: =SUM(E47,G47,I47,K47,M47,O47) -> 173.865 | V47: 166 | W47: =V47*0.96 -> 159.36 | X47: 0 | Y47: =X47*0.96 -> 0
A48: 6 | B48: CILEGON | C48: 54 | D48: 0 | E48: 6.65 | F48: 0 | G48: 41.495 | H48: 19 | I48: 0 | J48: 0 | K48: =W48 -> 0 | L48: 10 | M48: =Y48 -> 0.96 | N48: 28 | O48: ='okt-mar'!H28*0.96 -> 8.64 | P48: =SUM(D48,F48,H48,J48,L48,N48) -> 57 | Q48: =SUM(E48,G48,I48,K48,M48,O48) -> 57.745 | V48: 0 | W48: =V48*0.96 -> 0 | X48: 1 | Y48: =X48*0.96 -> 0.96
A49: 7 | B49: JOMBANG | C49: 367 | D49: 0 | E49: 14.25 | F49: 0 | G49: 13.51 | H49: 117 | I49: 131.512 | J49: 276 | K49: =W49 -> 170.88 | L49: 0 | M49: =Y49 -> 2.88 | N49: 37 | O49: ='okt-mar'!H29*0.96 -> 0 | P49: =SUM(D49,F49,H49,J49,L49,N49) -> 430 | Q49: =SUM(E49,G49,I49,K49,M49,O49) -> 333.032 | V49: 178 | W49: =V49*0.96 -> 170.88 | X49: 3 | Y49: =X49*0.96 -> 2.88
A50: 8 | B50: CIBEBER | C50: 280 | D50: 0 | E50: 24.7 | F50: 52 | G50: 120.625 | H50: 126 | I50: 117.974 | J50: 129 | K50: =W50 -> 6.72 | L50: 0 | M50: =Y50 -> 31.68 | N50: 38 | O50: ='okt-mar'!H30*0.96 -> 0 | P50: =SUM(D50,F50,H50,J50,L50,N50) -> 345 | Q50: =SUM(E50,G50,I50,K50,M50,O50) -> 301.699 | V50: 7 | W50: =V50*0.96 -> 6.72 | X50: 33 | Y50: =X50*0.96 -> 31.68
A51: JUMLAH | C51: =SUM(C43:C50) -> 1611 | D51: =SUM(D43:D50) -> 3 | E51: =SUM(E43:E50) -> 63.65 | F51: =SUM(F43:F50) -> 99 | G51: =SUM(G43:G50) -> 213.265 | H51: =SUM(H43:H50) -> 505 | I51: =SUM(I43:I50) -> 504.774 | J51: =SUM(J43:J50) -> 837 | ... Q51: =SUM(Q43:Q50) -> 1569.849 | V51: =SUM(V43:V50) -> 691 | W51: =SUM(W43:W50) -> 663.36 | X51: =SUM(X43:X50) -> 116 | Y51: =SUM(Y43:Y50) -> 111.36 | Z51: =SUM(Z43:Z50) -> 0
A53: No | B53: Kecamatan | C53: Penggunaan Lahan | D53: MT. 2017 (Ha) | P53: April-September | R53: Oktober-September
C54: Sawah | D54: April | F54: Mei | H54: Juni | J54: Juli | L54: Agustus | N54: September
C55: (Ha) | D55: Sasaran | E55: Realisasi | F55: Sasaran | G55: Realisasi | H55: Sasaran | I55: Realisasi | J55: Sasaran | K55: Realisasi | L55: Sasaran | M55: Realisasi | N55: Sasaran | O55: Realisasi | P55: Sasaran | Q55: Realisasi | R55: Sasaran | S55: Realisasi
A56: 1 | B56: 2 | C56: 3 | D56: 11 | F56: 12 | H56: 13 | J56: 14 | L56: 15 | N56: 16 | P56: 17 | R56: 18
A57: 1 | B57: CIWANDAN | C57: 287 | D57: 0 | E57: 0 | F57: 19 | G57: 33.25 | H57: 0 | J57: 0 | L57: 0 | N57: 0 | P57: =SUM(D57,F57,H57,J57,L57,N57) -> 19 | Q57: =SUM(E57,G57,I57,K57,M57,O57) -> 33.25 | R57: =SUM(P43,P57) -> 318 | S57: =SUM(Q43,Q57) -> 291.815 | W57: 0 | X57: =0.95*W57 -> 0 | Y57: 35 | Z57: =0.95*Y57 -> 33.25
A58: 2 | B58: CITANGKIL | C58: 208 | D58: 27 | E58: 0 | F58: 20 | G58: 95 | H58: 5 | J58: 0 | L58: 0 | N58: 0 | P58: =SUM(D58,F58,H58,J58,L58,N58) -> 52 | Q58: =SUM(E58,G58,I58,K58,M58,O58) -> 95 | R58: =SUM(P44,P58) -> 350 | S58: =SUM(Q44,Q58) -> 295.766 | W58: 0 | X58: =0.95*W58 -> 0 | Y58: 100 | Z58: =0.95*Y58 -> 95
A59: 3 | B59: PULOMERAK | C59: 25 | D59: 10 | E59: 0 | F59: 0 | G59: 9.5 | H59: 0 | J59: 0 | L59: 0 | N59: 0 | P59: =SUM(D59,F59,H59,J59,L59,N59) -> 10 | Q59: =SUM(E59,G59,I59,K59,M59,O59) -> 9.5 | R59: =SUM(P45,P59) -> 47 | S59: =SUM(Q45,Q59) -> 61.51 | W59: 0 | X59: =0.95*W59 -> 0 | Y59: 10 | Z59: =0.95*Y59 -> 9.5
A60: 4 | B60: PURWAKARTA | C60: 206 | D60: 0 | E60: 0 | F60: 27 | G60: 2.85 | H60: 0 | J60: 0 | L60: 0 | N60: 5 | P60: =SUM(D60,F60,H60,J60,L60,N60) -> 32 | Q60: =SUM(E60,G60,I60,K60,M60,O60) -> 2.85 | R60: =SUM(P46,P60) -> 216 | S60: =SUM(Q46,Q60) -> 195.017 | W60: 0 | X60: =0.95*W60 -> 0 | Y60: 3 | Z60: =0.95*Y60 -> 2.85
A61: 5 | B61: GROGOL | C61: 184 | D61: 5 | E61: 7.6 | F61: 12 | G61: 12.35 | H61: 0 | J61: 0 | L61: 0 | N61: 0 | P61: =SUM(D61,F61,H61,J61,L61,N61) -> 17 | Q61: =SUM(E61,G61,I61,K61,M61,O61) -> 19.95 | R61: =SUM(P47,P61) -> 293 | S61: =SUM(Q47,Q61) -> 193.815 | W61: 8 | X61: =0.95*W61 -> 7.6 | Y61: 13 | Z61: =0.95*Y61 -> 12.35
A62: 6 | B62: CILEGON | C62: 54 | D62: 0 | E62: 16.15 | F62: 10 | G62: 23.75 | H62: 0 | J62: 0 | L62: 0 | N62: 0 | P62: =SUM(D62,F62,H62,J62,L62,N62) -> 10 | Q62: =SUM(E62,G62,I62,K62,M62,O62) -> 39.9 | R62: =SUM(P48,P62) -> 67 | S62: =SUM(Q48,Q62) -> 97.645 | W62: 17 | X62: =0.95*W62 -> 16.15 | Y62: 25 | Z62: =0.95*Y62 -> 23.75
A63: 7 | B63: JOMBANG | C63: 367 | D63: 90 | E63: 11.4 | F63: 28 | G63: 160.55 | H63: 0 | J63: 0 | L63: 0 | N63: 0 | P63: =SUM(D63,F63,H63,J63,L63,N63) -> 118 | Q63: =SUM(E63,G63,I63,K63,M63,O63) -> 171.95 | R63: =SUM(P49,P63) -> 548 | S63: =SUM(Q49,Q63) -> 504.982 | W63: 12 | X63: =0.95*W63 -> 11.4 | Y63: 169 | Z63: =0.95*Y63 -> 160.55
A64: 8 | B64: CIBEBER | C64: 280 | D64: 0 | E64: 50.35 | F64: 97 | G64: 84.55 | H64: 34 | J64: 0 | L64: 0 | N64: 0 | P64: =SUM(D64,F64,H64,J64,L64,N64) -> 131 | Q64: =SUM(E64,G64,I64,K64,M64,O64) -> 134.9 | R64: =SUM(P50,P64) -> 476 | S64: =SUM(Q50,Q64) -> 436.599 | W64: 53 | X64: =0.95*W64 -> 50.35 | Y64: 89 | Z64: =0.95*Y64 -> 84.55
A65: JUMLAH | C65: =SUM(C57:C64) -> 1611 | D65: =SUM(D57:D64) -> 132 | E65: =SUM(E57:E64) -> 85.5 | F65: =SUM(F57:F64) -> 213 | G65: =SUM(G57:G64) -> 421.8 | H65: =SUM(H57:H64) -> 39 | I65: =SUM(I57:I64) -> 0 | J65: =SUM(J57:J64) -> 0 | ... S65: =SUM(S57:S64) -> 2077.149 | T65: =S65/R65*100 -> 89.725659 | W65: =SUM(W57:W64) -> 90 | X65: =SUM(X57:X64) -> 85.5 | Y65: =SUM(Y57:Y64) -> 444 | Z65: =SUM(Z57:Z64) -> 421.8
A68: SASARAN DAN REALISASI PADI LADANG MT. 2016/2017 DAN MT. 2017
A69: KOTA CILEGON
A71: No | B71: Kecamatan | C71: Penggunaan Lahan | D71: MT. 2016 / 2017 (Ha) | P71: Okt-Mar
C72: Ladang | D72: Oktober | F72: Nopember | H72: Desember | J72: Januari | L72: Pebruari | N72: Maret
C73: (Ha) | D73: Sasaran | E73: Realisasi | F73: Sasaran | G73: Realisasi | H73: Sasaran | I73: Realisasi | J73: Sasaran | K73: Realisasi | L73: Sasaran | M73: Realisasi | N73: Sasaran | O73: Realisasi | P73: Sasaran | Q73: Realisasi
A74: 1 | B74: 2 | C74: 3 | D74: 4 | F74: 5 | H74: 6 | J74: 7 | L74: 8 | N74: 9 | P74: 10
A75: 1 | B75: CIWANDAN | C75: 1512 | D75: 0 | E75: 0 | F75: 0 | G75: 0 | H75: 0 | I75: 0 | J75: 0 | K75: 0 | L75: 0 | M75: 0 | N75: 0 | O75: 0 | P75: =SUM(D75,F75,H75,J75,L75,N75) -> 0 | Q75: =SUM(E75,G75,I75,K75,M75,O75) -> 0
A76: 2 | B76: CITANGKIL | C76: 35 | D76: 0 | E76: 0 | F76: 0 | G76: 0 | H76: 0 | I76: 0 | J76: 0 | K76: 0 | L76: 0 | M76: 0 | N76: 0 | O76: 0 | P76: =SUM(D76,F76,H76,J76,L76,N76) -> 0 | Q76: =SUM(E76,G76,I76,K76,M76,O76) -> 0
A77: 3 | B77: PULOMERAK | C77: 250 | D77: 40 | E77: 0 | F77: 0 | G77: 4 | H77: 0 | I77: 24.175 | J77: 0 | K77: =W77 -> 17.28 | L77: 0 | M77: 0 | N77: 0 | O77: 0 | P77: =SUM(D77,F77,H77,J77,L77,N77) -> 40 | Q77: =SUM(E77,G77,I77,K77,M77,O77) -> 45.455 | V77: 18 | W77: =V77*0.96 -> 17.28
A78: 4 | B78: PURWAKARTA | C78: 0 | D78: 0 | E78: 0 | F78: 0 | G78: 0 | H78: 0 | I78: 0 | J78: 0 | K78: 0 | L78: 0 | M78: 0 | N78: 0 | O78: 0 | P78: =SUM(D78,F78,H78,J78,L78,N78) -> 0 | Q78: =SUM(E78,G78,I78,K78,M78,O78) -> 0
A79: 5 | B79: GROGOL | C79: 179 | D79: 0 | E79: 0 | F79: 0 | G79: 0 | H79: 0 | I79: 0 | J79: 0 | K79: 0 | L79: 0 | M79: 0 | N79: 0 | O79: 0 | P79: =SUM(D79,F79,H79,J79,L79,N79) -> 0 | Q79: =SUM(E79,G79,I79,K79,M79,O79) -> 0
A80: 6 | B80: CILEGON | C80: 5 | D80: 0 | E80: 0 | F80: 0 | G80: 0 | H80: 0 | I80: 0 | J80: 0 | K80: 0 | L80: 0 | M80: 0 | N80: 0 | O80: 0 | P80: =SUM(D80,F80,H80,J80,L80,N80) -> 0 | Q80: =SUM(E80,G80,I80,K80,M80,O80) -> 0
A81: 7 | B81: JOMBANG | C81: 38 | D81: 0 | E81: 0 | F81: 0 | G81: 0 | H81: 0 | I81: 0 | J81: 0 | K81: 0 | L81: 0 | M81: 0 | N81: 0 | O81: 0 | P81: =SUM(D81,F81,H81,J81,L81,N81) -> 0 | Q81: =SUM(E81,G81,I81,K81,M81,O81) -> 0
A82: 8 | B82: CIBEBER | C82: 0 | D82: 0 | E82: 0 | F82: 0 | G82: 0 | H82: 0 | I82: 0 | J82: 0 | K82: 0 | L82: 0 | M82: 0 | N82: 0 | O82: 0 | P82: =SUM(D82,F82,H82,J82,L82,N82) -> 0 | Q82: =SUM(E82,G82,I82,K82,M82,O82) -> 0
A83: JUMLAH | C83: =SUM(C75:C82) -> 2019 | D83: =SUM(D75:D82) -> 40 | E83: =SUM(E75:E82) -> 0 | F83: =SUM(F75:F82) -> 0 | G83: =SUM(G75:G82) -> 4 | H83: =SUM(H75:H82) -> 0 | I83: =SUM(I75:I82) -> 24.175 | J83: =SUM(J75:J82) -> 0 | ... Q83: =SUM(Q75:Q82) -> 45.455
A85: No | B85: Kecamatan | C85: Penggunaan Lahan | D85: MT. 2017 (Ha) | P85: April-September | R85: Oktober-September
C86: Ladang | D86: April | F86: Mei | H86: Juni | J86: Juli | L86: Agustus | N86: September
C87: (Ha) | D87: Sasaran | E87: Realisasi | F87: Sasaran | G87: Realisasi | H87: Sasaran | I87: Realisasi | J87: Sasaran | K87: Realisasi | L87: Sasaran | M87: Realisasi | N87: Sasaran | O87: Realisasi | P87: Sasaran | Q87: Realisasi | R87: Sasaran | S87: Realisasi
A88: 1 | B88: 2 | C88: 3 | D88: 11 | F88: 12 | H88: 13 | J88: 14 | L88: 15 | N88: 16 | P88: 17 | R88: 18
A89: 1 | B89: CIWANDAN | C89: 1512 | D89: 0 | E89: 0 | F89: 0 | G89: 0 | H89: 0 | J89: 0 | L89: 0 | N89: 0 | P89: =SUM(D89,F89,H89,J89,L89,N89) -> 0 | R89: =SUM(P75,P89) -> 0 | S89: =SUM(Q75,Q89) -> 0
A90: 2 | B90: CITANGKIL | C90: 35 | D90: 0 | E90: 0 | F90: 0 | G90: 0 | H90: 0 | J90: 0 | L90: 0 | N90: 0 | P90: =SUM(D90,F90,H90,J90,L90,N90) -> 0 | R90: =SUM(P76,P90) -> 0 | S90: =SUM(Q76,Q90) -> 0
A91: 3 | B91: PULOMERAK | C91: 250 | D91: 0 | E91: 0 | F91: 0 | G91: 0 | H91: 0 | J91: 0 | L91: 0 | N91: 0 | P91: =SUM(D91,F91,H91,J91,L91,N91) -> 0 | R91: =SUM(P77,P91) -> 40 | S91: =SUM(Q77,Q91) -> 45.455
A92: 4 | B92: PURWAKARTA | C92: 0 | D92: 0 | E92: 0 | F92: 0 | G92: 0 | H92: 0 | J92: 0 | L92: 0 | N92: 0 | P92: =SUM(D92,F92,H92,J92,L92,N92) -> 0 | R92: =SUM(P78,P92) -> 0 | S92: =SUM(Q78,Q92) -> 0
A93: 5 | B93: GROGOL | C93: 179 | D93: 0 | E93: 0 | F93: 0 | G93: 0 | H93: 0 | J93: 0 | L93: 0 | N93: 0 | P93: =SUM(D93,F93,H93,J93,L93,N93) -> 0 | R93: =SUM(P79,P93) -> 0 | S93: =SUM(Q79,Q93) -> 0
A94: 6 | B94: CILEGON | C94: 5 | D94: 0 | E94: 0 | F94: 0 | G94: 0 | H94: 0 | J94: 0 | L94: 0 | N94: 0 | P94: =SUM(D94,F94,H94,J94,L94,N94) -> 0 | R94: =SUM(P80,P94) -> 0 | S94: =SUM(Q80,Q94) -> 0
A95: 7 | B95: JOMBANG | C95: 38 | D95: 0 | E95: 0 | F95: 0 | G95: 0 | H95: 0 | J95: 0 | L95: 0 | N95: 0 | P95: =SUM(D95,F95,H95,J95,L95,N95) -> 0 | R95: =SUM(P81,P95) -> 0 | S95: =SUM(Q81,Q95) -> 0
A96: 8 | B96: CIBEBER | C96: 0 | D96: 0 | E96: 0 | F96: 0 | G96: 0 | H96: 0 | J96: 0 | L96: 0 | N96: 0 | P96: =SUM(D96,F96,H96,J96,L96,N96) -> 0 | R96: =SUM(P82,P96) -> 0 | S96: =SUM(Q82,Q96) -> 0
A97: JUMLAH | C97: =SUM(C89:C96) -> 2019 | D97: =SUM(D89:D96) -> 0 | E97: =SUM(E89:E96) -> 0 | F97: =SUM(F89:F96) -> 0 | G97: =SUM(G89:G96) -> 0 | H97: =SUM(H89:H96) -> 0 | I97: =SUM(I89:I96) -> 0 | J97: =SUM(J89:J96) -> 0 | ... S97: =SUM(S89:S96) -> 45.455 | T97: =S97/R97*100 -> 113.6375
A100: SASARAN DAN REALISASI JAGUNG MT. 2016/2017 DAN MT. 2017
A101: KOTA CILEGON
A103: No | B103: Kecamatan | C103: Penggunaan Lahan | D103: MT. 2016 / 2017 (Ha) | P103: Okt-Mar
C104: (Sawah+ Ladang) | D104: Oktober | F104: Nopember | H104: Desember | J104: Januari | L104: Pebruari | N104: Maret
C105: (Ha) | D105: Sasaran | E105: Realisasi | F105: Sasaran | G105: Realisasi | H105: Sasaran | I105: Realisasi | J105: Sasaran | K105: Realisasi | L105: Sasaran | M105: Realisasi | N105: Sasaran | O105: Realisasi | P105: Sasaran | Q105: Realisasi
A106: 1 | B106: 2 | C106: 3 | D106: 4 | F106: 5 | H106: 6 | J106: 7 | L106: 8 | N106: 9 | P106: 10
A107: 1 | B107: CIWANDAN | C107: 1799 | D107: 0 | E107: 1 | F107: 0 | G107: 0 | H107: 0 | I107: 0 | J107: 0 | K107: 0 | L107: 0 | M107: ='okt-mar'!G55 -> 0 | N107: 4 | O107: ='okt-mar'!H55 -> 0 | P107: =SUM(D107,F107,H107,J107,L107,N107) -> 4 | Q107: =SUM(E107,G107,I107,K107,M107,O107) -> 1
A108: 2 | B108: CITANGKIL | C108: 243 | D108: 0 | E108: 1 | F108: 0 | G108: 0 | H108: 0 | I108: 0 | J108: 0 | K108: 0 | L108: 1 | M108: ='okt-mar'!G56 -> 0 | N108: 0 | O108: ='okt-mar'!H56 -> 0 | P108: =SUM(D108,F108,H108,J108,L108,N108) -> 1 | Q108: =SUM(E108,G108,I108,K108,M108,O108) -> 1 | W108: 35 | X108: =W108*0.967 -> 33.845 | Y108: 15 | Z108: =Y108*0.96 -> 14.4
A109: 3 | B109: PULOMERAK | C109: 275 | D109: 0 | E109: 0 | F109: 3 | G109: 34 | H109: 2 | I109: 14 | J109: 0 | K109: 0 | L109: 0 | M109: ='okt-mar'!G57 -> 0 | N109: 0 | O109: ='okt-mar'!H57 -> 0 | P109: =SUM(D109,F109,H109,J109,L109,N109) -> 5 | Q109: =SUM(E109,G109,I109,K109,M109,O109) -> 48
A110: 4 | B110: PURWAKARTA | C110: 206 | D110: 0 | E110: 0 | F110: 0 | G110: 0 | H110: 0 | I110: 1 | J110: 2 | K110: 0 | L110: 0 | M110: ='okt-mar'!G58 -> 0 | N110: 0 | O110: ='okt-mar'!H58 -> 0 | P110: =SUM(D110,F110,H110,J110,L110,N110) -> 2 | Q110: =SUM(E110,G110,I110,K110,M110,O110) -> 1
A111: 5 | B111: GROGOL | C111: 363 | D111: 0 | E111: 0 | F111: 0 | G111: 0 | H111: 1 | I111: 0 | J111: 1 | K111: 0 | L111: 0 | M111: ='okt-mar'!G59 -> 0 | N111: 0 | O111: ='okt-mar'!H59 -> 0 | P111: =SUM(D111,F111,H111,J111,L111,N111) -> 2 | Q111: =SUM(E111,G111,I111,K111,M111,O111) -> 0
A112: 6 | B112: CILEGON | C112: 59 | D112: 0 | E112: 0 | F112: 0 | G112: 0 | H112: 0 | I112: 0 | J112: 0 | K112: 0 | L112: 0 | M112: ='okt-mar'!G60 -> 0 | N112: 0 | O112: ='okt-mar'!H60 -> 0 | P112: =SUM(D112,F112,H112,J112,L112,N112) -> 0 | Q112: =SUM(E112,G112,I112,K112,M112,O112) -> 0
A113: 7 | B113: JOMBANG | C113: 405 | D113: 0 | E113: 0 | F113: 0 | G113: 0 | H113: 0 | I113: 0 | J113: 0 | K113: 0 | L113: 0 | M113: ='okt-mar'!G61 -> 0 | N113: 0 | O113: ='okt-mar'!H61 -> 0 | P113: =SUM(D113,F113,H113,J113,L113,N113) -> 0 | Q113: =SUM(E113,G113,I113,K113,M113,O113) -> 0
A114: 8 | B114: CIBEBER | C114: 280 | D114: 0 | E114: 1 | F114: 0 | G114: 1 | H114: 3 | I114: 0 | J114: 0 | K114: 0 | L114: 0 | M114: ='okt-mar'!G62 -> 1 | N114: 0 | O114: ='okt-mar'!H62 -> 0 | P114: =SUM(D114,F114,H114,J114,L114,N114) -> 3 | Q114: =SUM(E114,G114,I114,K114,M114,O114) -> 3
A115: JUMLAH | C115: =SUM(C107:C114) -> 3630 | D115: =SUM(D107:D114) -> 0 | E115: =SUM(E107:E114) -> 3 | F115: =SUM(F107:F114) -> 3 | G115: =SUM(G107:G114) -> 35 | H115: =SUM(H107:H114) -> 6 | I115: =SUM(I107:I114) -> 15 | J115: =SUM(J107:J114) -> 3 | ... Q115: =SUM(Q107:Q114) -> 54
...

Sheet S-Rjan17Prov sekda
A1: SASARAN DAN REALISASI PADI (SAWAH + LADANG) MT. 2016/2017 DAN MT. 2017
A2: KOTA CILEGON
A4: No | B4: Kecamatan | C4: Penggunaan Lahan | D4: MT. 2016 / 2017 (Ha) | P4: Okt-Mar
C5: (Sawah+ Ladang) | D5: Oktober | F5: Nopember | H5: Desember | J5: Januari | L5: Pebruari | N5: Maret
C6: (Ha) | D6: Sasaran | E6: Realisasi | F6: Sasaran | G6: Realisasi | H6: Sasaran | I6: Realisasi | J6: Sasaran | K6: Realisasi | L6: Sasaran | M6: Realisasi | N6: Sasaran | O6: Realisasi | P6: Sasaran | Q6: Realisasi
A7: 1 | B7: 2 | C7: 3 | D7: 4 | F7: 5 | H7: 6 | J7: 7 | L7: 8 | N7: 9 | P7: 10
A8: 1 | B8: CIWANDAN | C8: 1799 | D8: 0 | E8: 0 | F8: 0 | G8: 1.93 | H8: 10 | I8: 43.515 | J8: 15 | K8: =SUM(K41,K73) -> 169.92 | L8: 221 | M8: =SUM(M41,M73) -> 43.2 | N8: 53 | O8: =SUM(O41,O73) -> 0 | P8: =SUM(D8,F8,H8,J8,L8,N8) -> 299 | Q8: =SUM(E8,G8,I8,K8,M8,O8) -> 258.565 | U8: =P8-Q8 -> 40.435 | V8: =SUM(E8,G8,I8) -> 45.445 | W8: 292 | X8: 0 | Y8: =X8*0.96 -> 0 | Z8: 2 | AA8: =Z8*0.965 -> 1.93 | AB8: 45 | AC8: =AB8*0.967 -> 43.515
A9: 2 | B9: CITANGKIL | C9: 243 | D9: 3 | E9: 4.75 | F9: 47 | G9: 26.055 | H9: 105 | I9: 138.281 | J9: 78 | K9: =SUM(K42,K74) -> 23.04 | L9: 45 | M9: =SUM(M42,M74) -> 8.64 | N9: 20 | O9: =SUM(O42,O74) -> 0 | P9: =SUM(D9,F9,H9,J9,L9,N9) -> 298 | Q9: =SUM(E9,G9,I9,K9,M9,O9) -> 200.766 | U9: =P9-Q9 -> 97.234 | V9: =SUM(E9,G9,I9) -> 169.086 | W9: 298 | X9: 5 | Y9: =X9*0.96 -> 4.8 | Z9: 27 | AA9: =Z9*0.965 -> 26.055 | AB9: 143 | AC9: =AB9*0.967 -> 138.281
A10: 3 | B10: PULOMERAK | C10: 275 | D10: 40 | E10: 4.75 | F10: 0 | G10: 8.685 | H10: 10 | I10: 24.175 | J10: 14 | K10: =SUM(K43,K75) -> 26.88 | L10: 0 | M10: =SUM(M43,M75) -> 4.8 | N10: 13 | O10: =SUM(O43,O75) -> 0 | P10: =SUM(D10,F10,H10,J10,L10,N10) -> 77 | Q10: =SUM(E10,G10,I10,K10,M10,O10) -> 69.29 | U10: =P10-Q10 -> 7.71 | V10: =SUM(E10,G10,I10) -> 37.61 | W10: 84 | X10: 5 | Y10: =X10*0.96 -> 4.8 | Z10: 9 | AA10: =Z10*0.965 -> 8.685 | AB10: 25 | AC10: =AB10*0.967 -> 24.175
A11: 4 | B11: PURWAKARTA | C11: 206 | D11: 0 | E11: 8.55 | F11: 0 | G11: 0.965 | H11: 68 | I11: 34.812 | J11: 116 | K11: =SUM(K44,K76) -> 123.84 | L11: 0 | M11: =SUM(M44,M76) -> 19.2 | N11: 0 | O11: =SUM(O44,O76) -> 4.8 | P11: 192 | Q11: =SUM(E11,G11,I11,K11,M11,O11) -> 192.167 | U11: =P11-Q11 -> -0.167 | V11: =SUM(E11,G11,I11) -> 44.327 | W11: 203 | X11: 9 | Y11: =X11*0.96 -> 8.64 | Z11: 1 | AA11: =Z11*0.965 -> 0.965 | AB11: 36 | AC11: =AB11*0.967 -> 34.812
A12: 5 | B12: GROGOL | C12: 363 | D12: 0 | E12: 0 | F12: 0 | G12: 0 | H12: 50 | I12: 14.505 | J12: 209 | K12: =SUM(K45,K77) -> 159.36 | L12: 0 | M12: =SUM(M45,M77) -> 0 | N12: 17 | O12: =SUM(O45,O77) -> 0 | P12: 174 | Q12: =SUM(E12,G12,I12,K12,M12,O12) -> 173.865 | U12: =P12-Q12 -> 0.135 | V12: =SUM(E12,G12,I12) -> 14.505 | W12: 184 | X12: 0 | Y12: =X12*0.96 -> 0 | Z12: 0 | AA12: =Z12*0.965 -> 0 | AB12: 15 | AC12: =AB12*0.967 -> 14.505
A13: 6 | B13: CILEGON | C13: 59 | D13: 0 | E13: 6.65 | F13: 0 | G13: 41.495 | H13: 19 | I13: 0 | J13: 0 | K13: =SUM(K46,K78) -> 0 | L13: 10 | M13: =SUM(M46,M78) -> 0.96 | N13: 28 | O13: =SUM(O46,O78) -> 8.64 | P13: =SUM(D13,F13,H13,J13,L13,N13) -> 57 | Q13: =SUM(E13,G13,I13,K13,M13,O13) -> 57.745 | U13: =P13-Q13 -> -0.745 | V13: =SUM(E13,G13,I13) -> 48.145 | W13: 89 | X13: 7 | Y13: =X13*0.96 -> 6.72 | Z13: 43 | AA13: =Z13*0.965 -> 41.495 | AB13: 0 | AC13: =AB13*0.967 -> 0
A14: 7 | B14: JOMBANG | C14: 405 | D14: 0 | E14: 14.25 | F14: 0 | G14: 13.51 | H14: 117 | I14: 131.512 | J14: 276 | K14: =SUM(K47,K79) -> 170.88 | L14: 0 | M14: =SUM(M47,M79) -> 2.88 | N14: 37 | O14: =SUM(O47,O79) -> 0 | P14: =SUM(D14,F14,H14,J14,L14,N14) -> 430 | Q14: =SUM(E14,G14,I14,K14,M14,O14) -> 333.032 | U14: =P14-Q14 -> 96.968 | V14: =SUM(E14,G14,I14) -> 159.272 | W14: 471 | X14: 15 | Y14: =X14*0.96 -> 14.4 | Z14: 14 | AA14: =Z14*0.965 -> 13.51 | AB14: 136 | AC14: =AB14*0.967 -> 131.512
A15: 8 | B15: CIBEBER | C15: 280 | D15: 0 | E15: 24.7 | F15: 52 | G15: 120.625 | H15: 126 | I15: 117.974 | J15: 129 | K15: =SUM(K48,K80) -> 6.72 | L15: 0 | M15: =SUM(M48,M80) -> 31.68 | N15: 38 | O15: =SUM(O48,O80) -> 0 | P15: =SUM(D15,F15,H15,J15,L15,N15) -> 345 | Q15: =SUM(E15,G15,I15,K15,M15,O15) -> 301.699 | U15: =P15-Q15 -> 43.301 | V15: =SUM(E15,G15,I15) -> 263.299 | W15: 345 | X15: 26 | Y15: =X15*0.96 -> 24.96 | Z15: 125 | AA15: =Z15*0.965 -> 120.625 | AB15: 122 | AC15: =AB15*0.967 -> 117.974
A16: JUMLAH | C16: =SUM(C8:C15) -> 3630 | D16: =SUM(D8:D15) -> 43 | E16: =SUM(E8:E15) -> 63.65 | F16: =SUM(F8:F15) -> 99 | G16: =SUM(G8:G15) -> 213.265 | H16: =SUM(H8:H15) -> 505 | I16: =SUM(I8:I15) -> 504.774 | J16: =SUM(J8:J15) -> 837 | ... Q16: =SUM(Q8:Q15) -> 1587.129 | U16: =P16-Q16 -> 284.871 | V16: =SUM(V8:V15) -> 781.689 | W16: =SUM(W8:W15) -> 1966 | X16: =SUM(X8:X15) -> 67 | Y16: =SUM(Y8:Y15) -> 64.32 | Z16: =SUM(Z8:Z15) -> 221 | AA16: =SUM(AA8:AA15) -> 213.265 | AB16: =SUM(AB8:AB15) -> 522 | AC16: =SUM(AC8:AC15) -> 504.774
A18: No | B18: Kecamatan | C18: Penggunaan Lahan | D18: MT. 2017 (Ha) | P18: April-September | R18: Oktober-September | T18: (+/_)
C19: (Sawah+ Ladang) | D19: April | F19: Mei | H19: Juni | J19: Juli | L19: Agustus | N19: September
C20: (Ha) | D20: Sasaran | E20: Realisasi | F20: Sasaran | G20: Realisasi | H20: Sasaran | I20: Realisasi | J20: Sasaran | K20: Realisasi | L20: Sasaran | M20: Realisasi | N20: Sasaran | O20: Realisasi | P20: Sasaran | Q20: Realisasi | R20: Sasaran | S20: Realisasi
A21: 1 | B21: 2 | C21: 3 | D21: 11 | F21: 12 | H21: 13 | J21: 14 | L21: 15 | N21: 16 | P21: 17 | R21: 18
A22: 1 | B22: CIWANDAN | C22: 1799 | D22: 0 | E22: =SUM(E55,E87) -> 0 | F22: 12 | G22: =SUM(G55,G87) -> 33.25 | H22: 0 | I22: 29 | J22: 0 | K22: =SUM(K55,K87) -> 0 | L22: 0 | M22: =SUM(M55,M87) -> 0 | N22: 0 | O22: =SUM(O55,O87) -> 0 | P22: 20 | Q22: =SUM(E22,G22,I22,K22,M22,O22) -> 62.25 | R22: =SUM(P8,P22) -> 319 | S22: =SUM(Q8,Q22) -> 320.815 | V22: 311 | X22: =R22-S22 -> -1.815
A23: 2 | B23: CITANGKIL | C23: 243 | D23: 27 | E23: =SUM(E56,E88) -> 0 | F23: 20 | G23: =SUM(G56,G88) -> 95 | H23: 5 | I23: 49 | J23: 0 | K23: =SUM(K56,K88) -> 0 | L23: 0 | M23: =SUM(M56,M88) -> 0 | N23: 0 | O23: =SUM(O56,O88) -> 0 | P23: =SUM(D23,F23,H23,J23,L23,N23) -> 52 | Q23: =SUM(E23,G23,I23,K23,M23,O23) -> 144 | R23: =SUM(P9,P23) -> 350 | S23: =SUM(Q9,Q23) -> 344.766 | V23: 350 | X23: =R23-S23 -> 5.234
A24: 3 | B24: PULOMERAK | C24: 275 | D24: 10 | E24: =SUM(E57,E89) -> 0 | F24: 0 | G24: =SUM(G57,G89) -> 9.5 | H24: 0 | I24: 0 | J24: 0 | K24: =SUM(K57,K89) -> 0 | L24: 0 | M24: =SUM(M57,M89) -> 0 | N24: 0 | O24: =SUM(O57,O89) -> 0 | P24: =SUM(D24,F24,H24,J24,L24,N24) -> 10 | Q24: =SUM(E24,G24,I24,K24,M24,O24) -> 9.5 | R24: =SUM(P10,P24) -> 87 | S24: =SUM(Q10,Q24) -> 78.79 | V24: 94 | X24: =R24-S24 -> 8.21
A25: 4 | B25: PURWAKARTA | C25: 206 | D25: 0 | E25: =SUM(E58,E90) -> 0 | F25: 27 | G25: =SUM(G58,G90) -> 2.85 | H25: 0 | I25: 8 | J25: 0 | K25: =SUM(K58,K90) -> 0 | L25: 0 | M25: =SUM(M58,M90) -> 0 | N25: 5 | O25: =SUM(O58,O90) -> 0 | P25: =SUM(D25,F25,H25,J25,L25,N25) -> 32 | Q25: =SUM(E25,G25,I25,K25,M25,O25) -> 10.85 | R25: =SUM(P11,P25) -> 224 | S25: =SUM(Q11,Q25) -> 203.017 | V25: 235 | X25: =R25-S25 -> 20.983
A26: 5 | B26: GROGOL | C26: 363 | D26: 0 | E26: =SUM(E59,E91) -> 7.6 | F26: 0 | G26: =SUM(G59,G91) -> 12.35 | H26: 0 | I26: 0 | J26: 0 | K26: =SUM(K59,K91) -> 0 | L26: 0 | M26: =SUM(M59,M91) -> 0 | N26: 0 | O26: =SUM(O59,O91) -> 0 | P26: 20 | Q26: =SUM(E26,G26,I26,K26,M26,O26) -> 19.95 | R26: =SUM(P12,P26) -> 194 | S26: =SUM(Q12,Q26) -> 193.815 | V26: 201 | X26: =R26-S26 -> 0.185
A27: 6 | B27: CILEGON | C27: 59 | D27: 0 | E27: =SUM(E60,E92) -> 16.15 | F27: 0 | G27: =SUM(G60,G92) -> 23.75 | H27: 0 | I27: 0 | J27: 0 | K27: =SUM(K60,K92) -> 0 | L27: 0 | M27: =SUM(M60,M92) -> 0 | N27: 0 | O27: =SUM(O60,O92) -> 0 | P27: 35 | Q27: =SUM(E27,G27,I27,K27,M27,O27) -> 39.9 | R27: =SUM(P13,P27) -> 92 | S27: =SUM(Q13,Q27) -> 97.645 | V27: 99 | X27: =R27-S27 -> -5.645
A28: 7 | B28: JOMBANG | C28: 405 | D28: 90 | E28: =SUM(E61,E93) -> 11.4 | F28: 30 | G28: =SUM(G61,G93) -> 160.55 | H28: 35 | I28: 40 | J28: 0 | K28: =SUM(K61,K93) -> 0 | L28: 0 | M28: =SUM(M61,M93) -> 0 | N28: 0 | O28: =SUM(O61,O93) -> 0 | P28: =SUM(D28,F28,H28,J28,L28,N28) -> 155 | Q28: =SUM(E28,G28,I28,K28,M28,O28) -> 211.95 | R28: =SUM(P14,P28) -> 585 | S28: =SUM(Q14,Q28) -> 544.982 | V28: 589 | X28: =R28-S28 -> 40.018
A29: 8 | B29: CIBEBER | C29: 280 | D29: 0 | E29: =SUM(E62,E94) -> 50.35 | F29: 120 | G29: =SUM(G62,G94) -> 84.55 | H29: 8 | I29: 38 | J29: 0 | K29: =SUM(K62,K94) -> 0 | L29: 0 | M29: =SUM(M62,M94) -> 0 | N29: 0 | O29: =SUM(O62,O94) -> 0 | P29: 140 | Q29: =SUM(E29,G29,I29,K29,M29,O29) -> 172.9 | R29: =SUM(P15,P29) -> 485 | S29: =SUM(Q15,Q29) -> 474.599 | V29: 476 | X29: =R29-S29 -> 10.401
A30: JUMLAH | C30: =SUM(C22:C29) -> 3630 | D30: =SUM(D22:D29) -> 127 | E30: =SUM(E22:E29) -> 85.5 | F30: =SUM(F22:F29) -> 209 | G30: =SUM(G22:G29) -> 421.8 | H30: =SUM(H22:H29) -> 48 | I30: =SUM(I22:I29) -> 164 | J30: =SUM(J22:J29) -> 0 | ... S30: =SUM(S22:S29) -> 2258.429 | U30: =S30/R30*100 -> 96.679324 | V30: =SUM(V22:V29) -> 2355 | X30: =SUM(X22:X29) -> 77.571
A34: SASARAN DAN REALISASI PADI SAWAH MT. 2016/2017 DAN MT. 2017
A35: KOTA CILEGON
A37: No | B37: Kecamatan | C37: Penggunaan Lahan | D37: MT. 2016 / 2017 (Ha) | P37: Okt-Mar
C38: Sawah | D38: Oktober | F38: Nopember | H38: Desember | J38: Januari | L38: Pebruari | N38: Maret
C39: (Ha) | D39: Sasaran | E39: Realisasi | F39: Sasaran | G39: Realisasi | H39: Sasaran | I39: Realisasi | J39: Sasaran | K39: Realisasi | L39: Sasaran | M39: Realisasi | N39: Sasaran | O39: Realisasi | P39: Sasaran | Q39: Realisasi
A40: 1 | B40: 2 | C40: 3 | D40: 4 | F40: 5 | H40: 6 | J40: 7 | L40: 8 | N40: 9 | P40: 10
A41: 1 | B41: CIWANDAN | C41: 287 | D41: 0 | E41: 0 | F41: 0 | G41: 1.93 | H41: 10 | I41: 43.515 | J41: 15 | K41: =W41 -> 169.92 | L41: 221 | M41: =Y41 -> 43.2 | N41: 53 | O41: ='okt-mar'!H23*0.96 -> 0 | P41: =SUM(D41,F41,H41,J41,L41,N41) -> 299 | Q41: =SUM(E41,G41,I41,K41,M41,O41) -> 258.565 | V41: 177 | W41: =V41*0.96 -> 169.92 | X41: 45 | Y41: =X41*0.96 -> 43.2
A42: 2 | B42: CITANGKIL | C42: 208 | D42: 3 | E42: 4.75 | F42: 47 | G42: 26.055 | H42: 105 | I42: 138.281 | J42: 78 | K42: =W42 -> 23.04 | L42: 45 | M42: =Y42 -> 8.64 | N42: 20 | O42: ='okt-mar'!H24*0.96 -> 0 | P42: =SUM(D42,F42,H42,J42,L42,N42) -> 298 | Q42: =SUM(E42,G42,I42,K42,M42,O42) -> 200.766 | V42: 24 | W42: =V42*0.96 -> 23.04 | X42: 9 | Y42: =X42*0.96 -> 8.64
A43: 3 | B43: PULOMERAK | C43: 25 | D43: 0 | E43: 4.75 | F43: 0 | G43: 8.685 | H43: 10 | I43: 24.175 | J43: 14 | K43: =W43 -> 9.6 | L43: 0 | M43: =Y43 -> 4.8 | N43: 13 | O43: ='okt-mar'!H25*0.96 -> 0 | P43: =SUM(D43,F43,H43,J43,L43,N43) -> 37 | Q43: =SUM(E43,G43,I43,K43,M43,O43) -> 52.01 | V43: 10 | W43: =V43*0.96 -> 9.6 | X43: 5 | Y43: =X43*0.96 -> 4.8
A44: 4 | B44: PURWAKARTA | C44: 206 | D44: 0 | E44: 8.55 | F44: 0 | G44: 0.965 | H44: 68 | I44: 34.812 | J44: 116 | K44: =W44 -> 123.84 | L44: 0 | M44: =Y44 -> 19.2 | N44: 0 | O44: ='okt-mar'!H26*0.96 -> 4.8 | P44: =SUM(D44,F44,H44,J44,L44,N44) -> 184 | Q44: =SUM(E44,G44,I44,K44,M44,O44) -> 192.167 | V44: 129 | W44: =V44*0.96 -> 123.84 | X44: 20 | Y44: =X44*0.96 -> 19.2
A45: 5 | B45: GROGOL | C45: 184 | D45: 0 | E45: 0 | F45: 0 | G45: 0 | H45: 50 | I45: 14.505 | J45: 209 | K45: =W45 -> 159.36 | L45: 0 | M45: =Y45 -> 0 | N45: 17 | O45: ='okt-mar'!H27*0.96 -> 0 | P45: =SUM(D45,F45,H45,J45,L45,N45) -> 276 | Q45: =SUM(E45,G45,I45,K45,M45,O45) -> 173.865 | V45: 166 | W45: =V45*0.96 -> 159.36 | X45: 0 | Y45: =X45*0.96 -> 0
A46: 6 | B46: CILEGON | C46: 54 | D46: 0 | E46: 6.65 | F46: 0 | G46: 41.495 | H46: 19 | I46: 0 | J46: 0 | K46: =W46 -> 0 | L46: 10 | M46: =Y46 -> 0.96 | N46: 28 | O46: ='okt-mar'!H28*0.96 -> 8.64 | P46: =SUM(D46,F46,H46,J46,L46,N46) -> 57 | Q46: =SUM(E46,G46,I46,K46,M46,O46) -> 57.745 | V46: 0 | W46: =V46*0.96 -> 0 | X46: 1 | Y46: =X46*0.96 -> 0.96
A47: 7 | B47: JOMBANG | C47: 367 | D47: 0 | E47: 14.25 | F47: 0 | G47: 13.51 | H47: 117 | I47: 131.512 | J47: 276 | K47: =W47 -> 170.88 | L47: 0 | M47: =Y47 -> 2.88 | N47: 37 | O47: ='okt-mar'!H29*0.96 -> 0 | P47: =SUM(D47,F47,H47,J47,L47,N47) -> 430 | Q47: =SUM(E47,G47,I47,K47,M47,O47) -> 333.032 | V47: 178 | W47: =V47*0.96 -> 170.88 | X47: 3 | Y47: =X47*0.96 -> 2.88
A48: 8 | B48: CIBEBER | C48: 280 | D48: 0 | E48: 24.7 | F48: 52 | G48: 120.625 | H48: 126 | I48: 117.974 | J48: 129 | K48: =W48 -> 6.72 | L48: 0 | M48: =Y48 -> 31.68 | N48: 38 | O48: ='okt-mar'!H30*0.96 -> 0 | P48: =SUM(D48,F48,H48,J48,L48,N48) -> 345 | Q48: =SUM(E48,G48,I48,K48,M48,O48) -> 301.699 | V48: 7 | W48: =V48*0.96 -> 6.72 | X48: 33 | Y48: =X48*0.96 -> 31.68
A49: JUMLAH | C49: =SUM(C41:C48) -> 1611 | D49: =SUM(D41:D48) -> 3 | E49: =SUM(E41:E48) -> 63.65 | F49: =SUM(F41:F48) -> 99 | G49: =SUM(G41:G48) -> 213.265 | H49: =SUM(H41:H48) -> 505 | I49: =SUM(I41:I48) -> 504.774 | J49: =SUM(J41:J48) -> 837 | ... Q49: =SUM(Q41:Q48) -> 1569.849 | V49: =SUM(V41:V48) -> 691 | W49: =SUM(W41:W48) -> 663.36 | X49: =SUM(X41:X48) -> 116 | Y49: =SUM(Y41:Y48) -> 111.36 | Z49: =SUM(Z41:Z48) -> 0
A51: No | B51: Kecamatan | C51: Penggunaan Lahan | D51: MT. 2017 (Ha) | P51: April-September | R51: Oktober-September
C52: Sawah | D52: April | F52: Mei | H52: Juni | J52: Juli | L52: Agustus | N52: September
C53: (Ha) | D53: Sasaran | E53: Realisasi | F53: Sasaran | G53: Realisasi | H53: Sasaran | I53: Realisasi | J53: Sasaran | K53: Realisasi | L53: Sasaran | M53: Realisasi | N53: Sasaran | O53: Realisasi | P53: Sasaran | Q53: Realisasi | R53: Sasaran | S53: Realisasi
A54: 1 | B54: 2 | C54: 3 | D54: 11 | F54: 12 | H54: 13 | J54: 14 | L54: 15 | N54: 16 | P54: 17 | R54: 18
A55: 1 | B55: CIWANDAN | C55: 287 | D55: 0 | E55: 0 | F55: 19 | G55: 33.25 | H55: 0 | J55: 0 | L55: 0 | N55: 0 | P55: =SUM(D55,F55,H55,J55,L55,N55) -> 19 | Q55: =SUM(E55,G55,I55,K55,M55,O55) -> 33.25 | R55: =SUM(P41,P55) -> 318 | S55: =SUM(Q41,Q55) -> 291.815 | W55: 0 | X55: =0.95*W55 -> 0 | Y55: 35 | Z55: =0.95*Y55 -> 33.25
A56: 2 | B56: CITANGKIL | C56: 208 | D56: 27 | E56: 0 | F56: 20 | G56: 95 | H56: 5 | J56: 0 | L56: 0 | N56: 0 | P56: =SUM(D56,F56,H56,J56,L56,N56) -> 52 | Q56: =SUM(E56,G56,I56,K56,M56,O56) -> 95 | R56: =SUM(P42,P56) -> 350 | S56: =SUM(Q42,Q56) -> 295.766 | W56: 0 | X56: =0.95*W56 -> 0 | Y56: 100 | Z56: =0.95*Y56 -> 95
A57: 3 | B57: PULOMERAK | C57: 25 | D57: 10 | E57: 0 | F57: 0 | G57: 9.5 | H57: 0 | J57: 0 | L57: 0 | N57: 0 | P57: =SUM(D57,F57,H57,J57,L57,N57) -> 10 | Q57: =SUM(E57,G57,I57,K57,M57,O57) -> 9.5 | R57: =SUM(P43,P57) -> 47 | S57: =SUM(Q43,Q57) -> 61.51 | W57: 0 | X57: =0.95*W57 -> 0 | Y57: 10 | Z57: =0.95*Y57 -> 9.5
A58: 4 | B58: PURWAKARTA | C58: 206 | D58: 0 | E58: 0 | F58: 27 | G58: 2.85 | H58: 0 | J58: 0 | L58: 0 | N58: 5 | P58: =SUM(D58,F58,H58,J58,L58,N58) -> 32 | Q58: =SUM(E58,G58,I58,K58,M58,O58) -> 2.85 | R58: =SUM(P44,P58) -> 216 | S58: =SUM(Q44,Q58) -> 195.017 | W58: 0 | X58: =0.95*W58 -> 0 | Y58: 3 | Z58: =0.95*Y58 -> 2.85
A59: 5 | B59: GROGOL | C59: 184 | D59: 5 | E59: 7.6 | F59: 12 | G59: 12.35 | H59: 0 | J59: 0 | L59: 0 | N59: 0 | P59: =SUM(D59,F59,H59,J59,L59,N59) -> 17 | Q59: =SUM(E59,G59,I59,K59,M59,O59) -> 19.95 | R59: =SUM(P45,P59) -> 293 | S59: =SUM(Q45,Q59) -> 193.815 | W59: 8 | X59: =0.95*W59 -> 7.6 | Y59: 13 | Z59: =0.95*Y59 -> 12.35
A60: 6 | B60: CILEGON | C60: 54 | D60: 0 | E60: 16.15 | F60: 10 | G60: 23.75 | H60: 0 | J60: 0 | L60: 0 | N60: 0 | P60: =SUM(D60,F60,H60,J60,L60,N60) -> 10 | Q60: =SUM(E60,G60,I60,K60,M60,O60) -> 39.9 | R60: =SUM(P46,P60) -> 67 | S60: =SUM(Q46,Q60) -> 97.645 | W60: 17 | X60: =0.95*W60 -> 16.15 | Y60: 25 | Z60: =0.95*Y60 -> 23.75
A61: 7 | B61: JOMBANG | C61: 367 | D61: 90 | E61: 11.4 | F61: 28 | G61: 160.55 | H61: 0 | J61: 0 | L61: 0 | N61: 0 | P61: =SUM(D61,F61,H61,J61,L61,N61) -> 118 | Q61: =SUM(E61,G61,I61,K61,M61,O61) -> 171.95 | R61: =SUM(P47,P61) -> 548 | S61: =SUM(Q47,Q61) -> 504.982 | W61: 12 | X61: =0.95*W61 -> 11.4 | Y61: 169 | Z61: =0.95*Y61 -> 160.55
A62: 8 | B62: CIBEBER | C62: 280 | D62: 0 | E62: 50.35 | F62: 97 | G62: 84.55 | H62: 34 | J62: 0 | L62: 0 | N62: 0 | P62: =SUM(D62,F62,H62,J62,L62,N62) -> 131 | Q62: =SUM(E62,G62,I62,K62,M62,O62) -> 134.9 | R62: =SUM(P48,P62) -> 476 | S62: =SUM(Q48,Q62) -> 436.599 | W62: 53 | X62: =0.95*W62 -> 50.35 | Y62: 89 | Z62: =0.95*Y62 -> 84.55
A63: JUMLAH | C63: =SUM(C55:C62) -> 1611 | D63: =SUM(D55:D62) -> 132 | E63: =SUM(E55:E62) -> 85.5 | F63: =SUM(F55:F62) -> 213 | G63: =SUM(G55:G62) -> 421.8 | H63: =SUM(H55:H62) -> 39 | I63: =SUM(I55:I62) -> 0 | J63: =SUM(J55:J62) -> 0 | ... S63: =SUM(S55:S62) -> 2077.149 | U63: =S63/R63*100 -> 89.725659 | W63: =SUM(W55:W62) -> 90 | X63: =SUM(X55:X62) -> 85.5 | Y63: =SUM(Y55:Y62) -> 444 | Z63: =SUM(Z55:Z62) -> 421.8
A66: SASARAN DAN REALISASI PADI LADANG MT. 2016/2017 DAN MT. 2017
A67: KOTA CILEGON
A69: No | B69: Kecamatan | C69: Penggunaan Lahan | D69: MT. 2016 / 2017 (Ha) | P69: Okt-Mar
C70: Ladang | D70: Oktober | F70: Nopember | H70: Desember | J70: Januari | L70: Pebruari | N70: Maret
C71: (Ha) | D71: Sasaran | E71: Realisasi | F71: Sasaran | G71: Realisasi | H71: Sasaran | I71: Realisasi | J71: Sasaran | K71: Realisasi | L71: Sasaran | M71: Realisasi | N71: Sasaran | O71: Realisasi | P71: Sasaran | Q71: Realisasi
A72: 1 | B72: 2 | C72: 3 | D72: 4 | F72: 5 | H72: 6 | J72: 7 | L72: 8 | N72: 9 | P72: 10
A73: 1 | B73: CIWANDAN | C73: 1512 | D73: 0 | E73: 0 | F73: 0 | G73: 0 | H73: 0 | I73: 0 | J73: 0 | K73: 0 | L73: 0 | M73: 0 | N73: 0 | O73: 0 | P73: =SUM(D73,F73,H73,J73,L73,N73) -> 0 | Q73: =SUM(E73,G73,I73,K73,M73,O73) -> 0
A74: 2 | B74: CITANGKIL | C74: 35 | D74: 0 | E74: 0 | F74: 0 | G74: 0 | H74: 0 | I74: 0 | J74: 0 | K74: 0 | L74: 0 | M74: 0 | N74: 0 | O74: 0 | P74: =SUM(D74,F74,H74,J74,L74,N74) -> 0 | Q74: =SUM(E74,G74,I74,K74,M74,O74) -> 0
A75: 3 | B75: PULOMERAK | C75: 250 | D75: 40 | E75: 0 | F75: 0 | G75: 4 | H75: 0 | I75: 24.175 | J75: 0 | K75: =W75 -> 17.28 | L75: 0 | M75: 0 | N75: 0 | O75: 0 | P75: =SUM(D75,F75,H75,J75,L75,N75) -> 40 | Q75: =SUM(E75,G75,I75,K75,M75,O75) -> 45.455 | V75: 18 | W75: =V75*0.96 -> 17.28
A76: 4 | B76: PURWAKARTA | C76: 0 | D76: 0 | E76: 0 | F76: 0 | G76: 0 | H76: 0 | I76: 0 | J76: 0 | K76: 0 | L76: 0 | M76: 0 | N76: 0 | O76: 0 | P76: =SUM(D76,F76,H76,J76,L76,N76) -> 0 | Q76: =SUM(E76,G76,I76,K76,M76,O76) -> 0
A77: 5 | B77: GROGOL | C77: 179 | D77: 0 | E77: 0 | F77: 0 | G77: 0 | H77: 0 | I77: 0 | J77: 0 | K77: 0 | L77: 0 | M77: 0 | N77: 0 | O77: 0 | P77: =SUM(D77,F77,H77,J77,L77,N77) -> 0 | Q77: =SUM(E77,G77,I77,K77,M77,O77) -> 0
A78: 6 | B78: CILEGON | C78: 5 | D78: 0 | E78: 0 | F78: 0 | G78: 0 | H78: 0 | I78: 0 | J78: 0 | K78: 0 | L78: 0 | M78: 0 | N78: 0 | O78: 0 | P78: =SUM(D78,F78,H78,J78,L78,N78) -> 0 | Q78: =SUM(E78,G78,I78,K78,M78,O78) -> 0
A79: 7 | B79: JOMBANG | C79: 38 | D79: 0 | E79: 0 | F79: 0 | G79: 0 | H79: 0 | I79: 0 | J79: 0 | K79: 0 | L79: 0 | M79: 0 | N79: 0 | O79: 0 | P79: =SUM(D79,F79,H79,J79,L79,N79) -> 0 | Q79: =SUM(E79,G79,I79,K79,M79,O79) -> 0
