Workbook

Sheet padi sawah
A2: DATA LUAS TANAM PADI (SAWAH) PER BULAN
A3: KOTA CILEGON TAHUN 2020
O5: (Ha)
A6: No | B6: Kecamatan | C6: Bulan | O6: Jumlah
C7: Jan | D7: Feb | E7: Maret | F7: Apr | G7: Mei | H7: Juni | I7: Juli | J7: Agst | K7: Sept | L7: Okt | M7: Nov | N7: Des | Q7: apr - juni
A8: 1 | B8: 2 | C8: 3 | D8: 4 | E8: 5 | F8: 6 | G8: 7 | H8: 8 | I8: 9 | J8: 10 | K8: 11 | L8: 12 | M8: 13 | N8: 14 | O8: 15
A9: 1 | B9: CIWANDAN | C9: 70 | D9: 75 | E9: 65 | F9: 15 | G9: 0 | H9: 45 | I9: 5 | J9: 0 | K9: 7 | L9: 3 | M9: 2 | N9: 0 | O9: =SUM(C9:N9) -> 287 | Q9: =SUM(F9:H9) -> 60
A10: 2 | B10: CITANGKIL | C10: 108 | D10: 83 | E10: 0 | F10: 5 | G10: 11 | H10: 85 | I10: 23 | J10: 0 | K10: 13 | L10: 3 | M10: 23 | N10: 63 | O10: =SUM(C10:N10) -> 417 | Q10: =SUM(F10:H10) -> 101
A11: 3 | B11: PULOMERAK | C11: 25 | D11: 0 | E11: 0 | F11: 0 | G11: 10 | H11: 0 | I11: 0 | J11: 0 | K11: 0 | L11: 0 | M11: 0 | N11: 10 | O11: =SUM(C11:N11) -> 45 | Q11: =SUM(F11:H11) -> 10
A12: 4 | B12: PURWAKARTA | C12: 182 | D12: 0 | E12: 0 | F12: 3 | G12: 10 | H12: 0 | I12: 5 | J12: 0 | K12: 1 | L12: 2 | M12: 2 | N12: 115 | O12: =SUM(C12:N12) -> 320 | Q12: =SUM(F12:H12) -> 13
A13: 5 | B13: GROGOL | C13: 162 | D13: 0 | E13: 0 | F13: 0 | G13: 0 | H13: 15 | I13: 0 | J13: 0 | K13: 0 | L13: 2 | M13: 0 | N13: 155 | O13: =SUM(C13:N13) -> 334 | Q13: =SUM(F13:H13) -> 15
A14: 6 | B14: CILEGON | C14: 14 | D14: 36 | E14: 0 | F14: 0 | G14: 4 | H14: 7 | I14: 20 | J14: 12 | K14: 0 | L14: 0 | M14: 11 | N14: 9 | O14: =SUM(C14:N14) -> 113 | Q14: =SUM(F14:H14) -> 11
A15: 7 | B15: JOMBANG | C15: 180 | D15: 120 | E15: 0 | F15: 0 | G15: 0 | H15: 185 | I15: 90 | J15: 0 | K15: 0 | L15: 0 | M15: 3 | N15: 93 | O15: =SUM(C15:N15) -> 671 | Q15: =SUM(F15:H15) -> 185
A16: 8 | B16: CIBEBER | C16: 44 | D16: 20 | E16: 25 | F16: 5 | G16: 42 | H16: 167 | I16: 0 | J16: 18 | K16: 5 | L16: 6 | M16: 11 | N16: 142 | O16: =SUM(C16:N16) -> 485 | Q16: =SUM(F16:H16) -> 214
A17: JUMLAH | C17: =SUM(C9:C16) -> 785 | D17: =SUM(D9:D16) -> 334 | E17: =SUM(E9:E16) -> 90 | F17: =SUM(F9:F16) -> 28 | G17: =SUM(G9:G16) -> 77 | H17: =SUM(H9:H16) -> 504 | I17: =SUM(I9:I16) -> 143 | J17: =SUM(J9:J16) -> 30 | ... O17: =SUM(O9:O16) -> 2672 | Q17: =SUM(Q9:Q16) -> 609
H19: =SUM(G17:H17) -> 581
C20: =C17*96% -> 753.6 | D20: =D17*96% -> 320.64 | E20: =E17*96% -> 86.4 | F20: =F17*96% -> 26.88 | G20: =G17*96% -> 73.92 | H20: =H17*96% -> 483.84 | I20: =I17*96% -> 137.28 | J20: =J17*96% -> 28.8 | ... O20: =O17*96% -> 2565.12
A35: DATA LUAS PANEN PADI (SAWAH) PER BULAN
A36: KOTA CILEGON TAHUN 2020
O38: (Ha)
A39: No | B39: Kecamatan | C39: Bulan | O39: Jumlah
C40: Jan | D40: Feb | E40: Maret | F40: Apr | G40: Mei | H40: Juni | I40: Juli | J40: Agst | K40: Sept | L40: Okt | M40: Nov | N40: Des
A41: 1 | B41: 2 | C41: 3 | D41: 4 | E41: 5 | F41: 6 | G41: 7 | H41: 8 | I41: 9 | J41: 10 | K41: 11 | L41: 12 | M41: 13 | N41: 14 | O41: 15
A42: 1 | B42: CIWANDAN | C42: 0 | D42: 0 | E42: 0 | F42: 145 | G42: 65 | H42: 0 | I42: 0 | J42: 20 | K42: 45 | L42: 0 | M42: 0 | N42: 0 | O42: =SUM(C42:N42) -> 275
A43: 2 | B43: CITANGKIL | C43: 2 | D43: 0 | E43: 14 | F43: 102 | G43: 81 | H43: 0 | I43: 5 | J43: 19 | K43: 78 | L43: 22 | M43: 0 | N43: 7 | O43: =SUM(C43:N43) -> 330
A44: 3 | B44: PULOMERAK | C44: 0 | D44: 0 | E44: 0 | F44: 25 | G44: 0 | H44: 0 | I44: 0 | J44: 10 | K44: 0 | L44: 0 | M44: 0 | N44: 0 | O44: =SUM(C44:N44) -> 35
A45: 4 | B45: PURWAKARTA | C45: 0 | D45: 0 | E45: 0 | F45: 184 | G45: 0 | H45: 0 | I45: 3 | J45: 10 | K45: 5 | L45: 0 | M45: 0 | N45: 1 | O45: =SUM(C45:N45) -> 203
A46: 5 | B46: GROGOL | C46: 0 | D46: 0 | E46: 0 | F46: 162 | G46: 0 | H46: 0 | I46: 0 | J46: 0 | K46: 15 | L46: 0 | M46: 0 | N46: 0 | O46: =SUM(C46:N46) -> 177
A47: 6 | B47: CILEGON | C47: 5 | D47: 0 | E47: 0 | F47: 14 | G47: 36 | H47: 0 | I47: 0 | J47: 4 | K47: 7 | L47: 20 | M47: 12 | N47: 0 | O47: =SUM(C47:N47) -> 98
A48: 7 | B48: JOMBANG | C48: 0 | D48: 0 | E48: 20 | F48: 180 | G48: 120 | H48: 0 | I48: 0 | J48: 1 | K48: 184 | L48: 90 | M48: 0 | N48: 0 | O48: =SUM(C48:N48) -> 595
A49: 8 | B49: CIBEBER | C49: 19 | D49: 10 | E49: 0 | F49: 64 | G49: 25 | H49: 0 | I49: 47 | J49: 67 | K49: 100 | L49: 18 | M49: 5 | N49: 0 | O49: =SUM(C49:N49) -> 355
A50: JUMLAH | C50: =SUM(C42:C49) -> 26 | D50: =SUM(D42:D49) -> 10 | E50: =SUM(E42:E49) -> 34 | F50: =SUM(F42:F49) -> 876 | G50: =SUM(G42:G49) -> 327 | H50: =SUM(H42:H49) -> 0 | I50: =SUM(I42:I49) -> 55 | J50: =SUM(J42:J49) -> 131 | ... O50: =SUM(O42:O49) -> 2068 | Q50: =O50*5% -> 103.4 | R50: =O50-Q50 -> 1964.6 | S50: =O50*95% -> 1964.6
J52: =SUM(C50:J50) -> 1459
L56: =J50*5.8 -> 759.8
A68: DATA PRODUKSI PADI (SAWAH) PER BULAN
A69: KOTA CILEGON TAHUN 2020
O71: (Ton GKG)
A72: No | B72: Kecamatan | C72: Bulan | O72: Jumlah
C73: Jan | D73: Feb | E73: Maret | F73: Apr | G73: Mei | H73: Juni | I73: Juli | J73: Agst | K73: Sept | L73: Okt | M73: Nov | N73: Des
A74: 1 | B74: 2 | C74: 3 | D74: 4 | E74: 5 | F74: 6 | G74: 7 | H74: 8 | I74: 9 | J74: 10 | K74: 11 | L74: 12 | M74: 13 | N74: 14 | O74: 15
A75: 1 | B75: CIWANDAN | C75: 0 | D75: 0 | E75: 0 | F75: 805.2 | G75: 371.9 | H75: 0 | I75: 0 | J75: 118.5 | K75: 248.7 | L75: 0 | M75: 0 | N75: 0 | O75: =SUM(C75:N75) -> 1544.3
A76: 2 | B76: CITANGKIL | C76: 12.1 | D76: 0 | E76: 87.5 | F76: 670.3 | G76: 524.5 | H76: 0 | I76: 31.2 | J76: 123.7 | K76: 508.3 | L76: 143.5 | M76: 0 | N76: 43 | O76: =SUM(C76:N76) -> 2144.1
A77: 3 | B77: PULOMERAK | C77: 0 | D77: 0 | E77: 0 | F77: 145 | G77: 0 | H77: 0 | I77: 0 | J77: 59.3 | K77: 0 | L77: 0 | M77: 0 | N77: 0 | O77: =SUM(C77:N77) -> 204.3
A78: 4 | B78: PURWAKARTA | C78: 0 | D78: 0 | E78: 0 | F78: 1044.7 | G78: 0 | H78: 0 | I78: 18.7 | J78: 63 | K78: 31.7 | L78: 0 | M78: 0 | N78: 6 | O78: =SUM(C78:N78) -> 1164.1
A79: 5 | B79: GROGOL | C79: 0 | D79: 0 | E79: 0 | F79: 911.3 | G79: 0 | H79: 0 | I79: 0 | J79: 0 | K79: 82.9 | L79: 0 | M79: 0 | N79: 0 | O79: =SUM(C79:N79) -> 994.2
A80: 6 | B80: CILEGON | C80: 30.1 | D80: 0 | E80: 0 | F80: 79.4 | G80: 204 | H80: 0 | I80: 0 | J80: 24.7 | K80: 38.7 | L80: 119.9 | M80: 67.1 | N80: 0 | O80: =SUM(C80:N80) -> 563.9
A81: 7 | B81: JOMBANG | C81: 0 | D81: 0 | E81: 121.3 | F81: 1086.3 | G81: 780 | H81: 0 | I81: 0 | J81: 6.2 | K81: 1101.2 | L81: 533.1 | M81: 0 | N81: 0 | O81: =SUM(C81:N81) -> 3628.1
A82: 8 | B82: CIBEBER | C82: 114.5 | D82: 60.3 | E82: 0 | F82: 369.9 | G82: 150.5 | H82: 0 | I82: 289 | J82: 410 | K82: 641.1 | L82: 108.4 | M82: 30 | N82: 0 | O82: =SUM(C82:N82) -> 2173.7
A83: JUMLAH | C83: =SUM(C75:C82) -> 156.7 | D83: =SUM(D75:D82) -> 60.3 | E83: =SUM(E75:E82) -> 208.8 | F83: =SUM(F75:F82) -> 5112.1 | G83: =SUM(G75:G82) -> 2030.9 | H83: =SUM(H75:H82) -> 0 | I83: =SUM(I75:I82) -> 338.9 | J83: =SUM(J75:J82) -> 805.4 | ... O83: =SUM(O75:O82) -> 12416.7
J85: =SUM(G83:J83) -> 3175.2 | N85: =SUM(K83:N83) -> 3703.6
C86: =C83*0.632 -> 99.0344 | D86: =D83*0.632 -> 38.1096 | E86: =E83*0.632 -> 131.9616 | F86: =F83*0.632 -> 3230.8472 | G86: =G83*0.632 -> 1283.5288 | H86: =H83*0.632 -> 0 | I86: =I83*0.632 -> 214.1848 | J86: =J83*0.632 -> 509.0128 | ... O86: =O83*0.632 -> 7847.3544
A101: DATA PRODUKTIVITAS PADI (SAWAH) PER BULAN
A102: KOTA CILEGON TAHUN 2020
O104: (Ku/Ha)
A105: No | B105: Kecamatan | C105: Bulan | O105: Jumlah
C106: Jan | D106: Feb | E106: Maret | F106: Apr | G106: Mei | H106: Juni | I106: Juli | J106: Agst | K106: Sept | L106: Okt | M106: Nov | N106: Des
A107: 1 | B107: 2 | C107: 3 | D107: 4 | E107: 5 | F107: 6 | G107: 7 | H107: 8 | I107: 9 | J107: 10 | K107: 11 | L107: 12 | M107: 13 | N107: 14 | O107: 15
A108: 1 | B108: CIWANDAN | C108: 0 | D108: 0 | E108: 0 | F108: 55.53 | G108: 57.22 | H108: 0 | I108: 0 | J108: 59.25 | K108: 55.27 | L108: 0 | M108: 0 | N108: 0 | O108: =O75/O42*10 -> 56.156364
A109: 2 | B109: CITANGKIL | C109: 60.33 | D109: 0 | E109: 62.52 | F109: 65.72 | G109: 64.75 | H109: 0 | I109: 62.51 | J109: 65.12 | K109: 65.17 | L109: 65.21 | M109: 0 | N109: 61.52 | O109: =O76/O43*10 -> 64.972727
A110: 3 | B110: PULOMERAK | C110: 0 | D110: 0 | E110: 0 | F110: 58 | G110: 0 | H110: 0 | I110: 0 | J110: 59.33 | K110: 0 | L110: 0 | M110: 0 | N110: 0 | O110: =O77/O44*10 -> 58.371429
A111: 4 | B111: PURWAKARTA | C111: 0 | D111: 0 | E111: 0 | F111: 56.78 | G111: 0 | H111: 0 | I111: 62.25 | J111: 63.01 | K111: 63.32 | L111: 0 | M111: 0 | N111: 60.01 | O111: =O78/O45*10 -> 57.344828 | Q111: =(I111+J111)/2 -> 62.63
A112: 5 | B112: GROGOL | C112: 0 | D112: 0 | E112: 0 | F112: 56.25 | G112: 0 | H112: 0 | I112: 0 | J112: 0 | K112: 55.3 | L112: 0 | M112: 0 | N112: 0 | O112: =O79/O46*10 -> 56.169492
A113: 6 | B113: CILEGON | C113: 60.32 | D113: 0 | E113: 0 | F113: 56.75 | G113: 56.67 | H113: 0 | I113: 0 | J113: 61.87 | K113: 55.25 | L113: 59.95 | M113: 55.95 | N113: 0 | O113: =O80/O47*10 -> 57.540816
A114: 7 | B114: JOMBANG | C114: 0 | D114: 0 | E114: 60.65 | F114: 60.35 | G114: 65 | H114: 0 | I114: 0 | J114: 62.05 | K114: 59.85 | L114: 59.23 | M114: 0 | N114: 0 | O114: =O81/O48*10 -> 60.976471
A115: 8 | B115: CIBEBER | C115: 60.25 | D115: 60.29 | E115: 0 | F115: 57.8 | G115: 60.21 | H115: 0 | I115: 61.5 | J115: 61.2 | K115: 64.11 | L115: 60.22 | M115: 60.02 | N115: 0 | O115: =O82/O49*10 -> 61.230986
A116: JUMLAH | C116: =C83/C50*10 -> 60.269231 | D116: 60.29 | E116: =E83/E50*10 -> 61.411765 | F116: =F83/F50*10 -> 58.357306 | G116: =G83/G50*10 -> 62.107034 | H116: =SUM(H108:H115) -> 0 | I116: =I83/I50*10 -> 61.618182 | J116: =J83/J50*10 -> 61.480916 | K116: =K83/K50*10 -> 61.119816 | L116: =L83/L50*10 -> 60.326667 | M116: =M83/M50*10 -> 57.117647 | N116: =N83/N50*10 -> 61.25 | O116: =O83/O50*10 -> 60.04207 | Q116: =O116*95% -> 57.039966 | R116: =13*O116/10 -> 78.054691
L118: Mengetahui,
L119: Kepala Dinas Ketahanan Pangan dan Pertanian
L120: Kota Cilegon
L124: Ir. Wawan Hermawan
L125: NIP. 19600110 198603 1 012

Sheet puso
A1: DATA LUAS PUSO PADI (SAWAH) PER BULAN
A2: KOTA CILEGON TAHUN 2020
O3: (Ha)
A4: No | B4: Kecamatan | C4: Bulan | O4: Jumlah
C5: Jan | D5: Feb | E5: Maret | F5: Apr | G5: Mei | H5: Juni | I5: Juli | J5: Agst | K5: Sept | L5: Okt | M5: Nov | N5: Des
A6: 1 | B6: 2 | C6: 3 | D6: 4 | E6: 5 | F6: 6 | G6: 7 | H6: 8 | I6: 9 | J6: 10 | K6: 11 | L6: 12 | M6: 13 | N6: 14 | O6: 15
A7: 1 | B7: CIWANDAN | C7: 0 | D7: 0 | E7: 0 | F7: 0 | G7: 0 | H7: 0 | I7: 0 | J7: 0 | K7: 0 | L7: 0 | M7: 0 | N7: 0 | O7: =SUM(C7:N7) -> 0
A8: 2 | B8: CITANGKIL | C8: 0 | D8: 0 | E8: 0 | F8: 0 | G8: 0 | H8: 0 | I8: 0 | J8: 0 | K8: 0 | L8: 0 | M8: 0 | N8: 0 | O8: =SUM(C8:N8) -> 0
A9: 3 | B9: PULOMERAK | C9: 0 | D9: 0 | E9: 0 | F9: 0 | G9: 0 | H9: 0 | I9: 0 | J9: 0 | K9: 0 | L9: 0 | M9: 0 | N9: 0 | O9: =SUM(C9:N9) -> 0
A10: 4 | B10: PURWAKARTA | C10: 0 | D10: 0 | E10: 0 | F10: 0 | G10: 0 | H10: 0 | I10: 0 | J10: 0 | K10: 0 | L10: 0 | M10: 0 | N10: 0 | O10: =SUM(C10:N10) -> 0
A11: 5 | B11: GROGOL | C11: 0 | D11: 0 | E11: 0 | F11: 0 | G11: 0 | H11: 0 | I11: 0 | J11: 0 | K11: 0 | L11: 0 | M11: 0 | N11: 0 | O11: =SUM(C11:N11) -> 0
A12: 6 | B12: CILEGON | C12: 0 | D12: 0 | E12: 0 | F12: 0 | G12: 0 | H12: 0 | I12: 0 | J12: 0 | K12: 0 | L12: 0 | M12: 0 | N12: 0 | O12: =SUM(C12:N12) -> 0
A13: 7 | B13: JOMBANG | C13: 0 | D13: 0 | E13: 0 | F13: 0 | G13: 0 | H13: 0 | I13: 0 | J13: 0 | K13: 0 | L13: 0 | M13: 0 | N13: 0 | O13: =SUM(C13:N13) -> 0
A14: 8 | B14: CIBEBER | C14: 0 | D14: 0 | E14: 0 | F14: 0 | G14: 0 | H14: 0 | I14: 0 | J14: 0 | K14: 0 | L14: 0 | M14: 0 | N14: 0 | O14: =SUM(C14:N14) -> 0
A15: JUMLAH | C15: =SUM(C7:C14) -> 0 | D15: =SUM(D7:D14) -> 0 | E15: =SUM(E7:E14) -> 0 | F15: =SUM(F7:F14) -> 0 | G15: =SUM(G7:G14) -> 0 | H15: =SUM(H7:H14) -> 0 | I15: =SUM(I7:I14) -> 0 | J15: =SUM(J7:J14) -> 0 | ... O15: =SUM(O7:O14) -> 0
A18: DATA LUAS PUSO KEDELAI PER BULAN
A19: KOTA CILEGON TAHUN 2020
O20: (Ha)
A21: No | B21: Kecamatan | C21: Bulan | O21: Jumlah
C22: Jan | D22: Feb | E22: Maret | F22: Apr | G22: Mei | H22: Juni | I22: Juli | J22: Agst | K22: Sept | L22: Okt | M22: Nov | N22: Des
A23: 1 | B23: 2 | C23: 3 | D23: 4 | E23: 5 | F23: 6 | G23: 7 | H23: 8 | I23: 9 | J23: 10 | K23: 11 | L23: 12 | M23: 13 | N23: 14 | O23: 15
A24: 1 | B24: CIWANDAN | C24: 0 | D24: 0 | E24: 0 | F24: 0 | G24: 0 | H24: 0 | I24: 0 | J24: 0 | K24: 0 | L24: 0 | M24: 0 | N24: 0 | O24: =SUM(C24:N24) -> 0
A25: 2 | B25: CITANGKIL | C25: 0 | D25: 0 | E25: 0 | F25: 0 | G25: 0 | H25: 0 | I25: 0 | J25: 0 | K25: 0 | L25: 0 | M25: 0 | N25: 0 | O25: =SUM(C25:N25) -> 0
A26: 3 | B26: PULOMERAK | C26: 0 | D26: 0 | E26: 0 | F26: 0 | G26: 0 | H26: 0 | I26: 0 | J26: 0 | K26: 0 | L26: 0 | M26: 0 | N26: 0 | O26: =SUM(C26:N26) -> 0
A27: 4 | B27: PURWAKARTA | C27: 0 | D27: 0 | E27: 0 | F27: 0 | G27: 0 | H27: 0 | I27: 0 | J27: 0 | K27: 0 | L27: 0 | M27: 0 | N27: 0 | O27: =SUM(C27:N27) -> 0
A28: 5 | B28: GROGOL | C28: 0 | D28: 0 | E28: 0 | F28: 0 | G28: 0 | H28: 0 | I28: 0 | J28: 0 | K28: 0 | L28: 0 | M28: 0 | N28: 0 | O28: =SUM(C28:N28) -> 0
A29: 6 | B29: CILEGON | C29: 0 | D29: 0 | E29: 0 | F29: 0 | G29: 0 | H29: 0 | I29: 0 | J29: 0 | K29: 0 | L29: 0 | M29: 0 | N29: 0 | O29: =SUM(C29:N29) -> 0
A30: 7 | B30: JOMBANG | C30: 0 | D30: 0 | E30: 0 | F30: 0 | G30: 0 | H30: 0 | I30: 0 | J30: 0 | K30: 0 | L30: 0 | M30: 0 | N30: 0 | O30: =SUM(C30:N30) -> 0
A31: 8 | B31: CIBEBER | C31: 0 | D31: 0 | E31: 0 | F31: 0 | G31: 0 | H31: 0 | I31: 0 | J31: 0 | K31: 0 | L31: 0 | M31: 0 | N31: 0 | O31: =SUM(C31:N31) -> 0
A32: JUMLAH | C32: =SUM(C24:C31) -> 0 | D32: =SUM(D24:D31) -> 0 | E32: =SUM(E24:E31) -> 0 | F32: =SUM(F24:F31) -> 0 | G32: =SUM(G24:G31) -> 0 | H32: =SUM(H24:H31) -> 0 | I32: =SUM(I24:I31) -> 0 | J32: =SUM(J24:J31) -> 0 | ... O32: =SUM(O24:O31) -> 0
L35: Mengetahui,
L36: Kepala Dinas Ketahanan Pangan dan Pertanian
L37: Kota Cilegon
L41: Ir. Wawan Hermawan
L42: NIP. 19600110 198603 1 012

Sheet padi ladang
A2: DATA LUAS TANAM PADI (DARAT) PER BULAN
A3: KOTA CILEGON TAHUN 2020
O5: (Ha)
A6: No | B6: Kecamatan | C6: Bulan | O6: Jumlah
C7: Jan | D7: Feb | E7: Maret | F7: Apr | G7: Mei | H7: Juni | I7: Juli | J7: Agst | K7: Sept | L7: Okt | M7: Nov | N7: Des
A8: 1 | B8: 2 | C8: 3 | D8: 4 | E8: 5 | F8: 6 | G8: 7 | H8: 8 | I8: 9 | J8: 10 | K8: 11 | L8: 12 | M8: 13 | N8: 14 | O8: 15
A9: 1 | B9: CIWANDAN | C9: 0 | D9: 0 | E9: 0 | F9: 0 | G9: 0 | H9: 0 | I9: 0 | J9: 0 | K9: 0 | L9: 0 | M9: 0 | N9: 0 | O9: =SUM(C9:N9) -> 0
A10: 2 | B10: CITANGKIL | C10: 0 | D10: 0 | E10: 0 | F10: 0 | G10: 0 | H10: 0 | I10: 0 | J10: 0 | K10: 0 | L10: 0 | M10: 0 | N10: 0 | O10: =SUM(C10:N10) -> 0
A11: 3 | B11: PULOMERAK | C11: 0 | D11: 0 | E11: 0 | F11: 0 | G11: 0 | H11: 0 | I11: 0 | J11: 0 | K11: 0 | L11: 0 | M11: 0 | N11: 0 | O11: =SUM(C11:N11) -> 0
A12: 4 | B12: PURWAKARTA | C12: 0 | D12: 0 | E12: 0 | F12: 0 | G12: 0 | H12: 0 | I12: 0 | J12: 0 | K12: 0 | L12: 0 | M12: 0 | N12: 0 | O12: =SUM(C12:N12) -> 0
A13: 5 | B13: GROGOL | C13: 0 | D13: 0 | E13: 0 | F13: 0 | G13: 0 | H13: 0 | I13: 0 | J13: 0 | K13: 0 | L13: 0 | M13: 0 | N13: 0 | O13: =SUM(C13:N13) -> 0
A14: 6 | B14: CILEGON | C14: 0 | D14: 0 | E14: 0 | F14: 0 | G14: 0 | H14: 0 | I14: 0 | J14: 0 | K14: 0 | L14: 0 | M14: 0 | N14: 0 | O14: =SUM(C14:N14) -> 0
A15: 7 | B15: JOMBANG | C15: 0 | D15: 0 | E15: 0 | F15: 0 | G15: 0 | H15: 0 | I15: 0 | J15: 0 | K15: 0 | L15: 0 | M15: 0 | N15: 0 | O15: =SUM(C15:N15) -> 0
A16: 8 | B16: CIBEBER | C16: 0 | D16: 0 | E16: 0 | F16: 0 | G16: 0 | H16: 2 | I16: 0 | J16: 0 | K16: 0 | L16: 0 | M16: 0 | N16: 0 | O16: =SUM(C16:N16) -> 2
A17: JUMLAH | C17: =SUM(C9:C16) -> 0 | D17: =SUM(D9:D16) -> 0 | E17: =SUM(E9:E16) -> 0 | F17: =SUM(F9:F16) -> 0 | G17: =SUM(G9:G16) -> 0 | H17: =SUM(H9:H16) -> 2 | I17: =SUM(I9:I16) -> 0 | J17: =SUM(J9:J16) -> 0 | ... O17: =SUM(O9:O16) -> 2
A35: DATA LUAS PANEN PADI (DARAT) PER BULAN
A36: KOTA CILEGON TAHUN 2020
O38: (Ha)
A39: No | B39: Kecamatan | C39: Bulan | O39: Jumlah
C40: Jan | D40: Feb | E40: Maret | F40: Apr | G40: Mei | H40: Juni | I40: Juli | J40: Agst | K40: Sept | L40: Okt | M40: Nov | N40: Des
A41: 1 | B41: 2 | C41: 3 | D41: 4 | E41: 5 | F41: 6 | G41: 7 | H41: 8 | I41: 9 | J41: 10 | K41: 11 | L41: 12 | M41: 13 | N41: 14 | O41: 15
A42: 1 | B42: CIWANDAN | C42: 0 | D42: 0 | E42: 0 | F42: 0 | G42: 0 | H42: 0 | I42: 0 | J42: 0 | K42: 0 | L42: 0 | M42: 0 | N42: 0 | O42: =SUM(C42:N42) -> 0
A43: 2 | B43: CITANGKIL | C43: 0 | D43: 0 | E43: 0 | F43: 0 | G43: 0 | H43: 0 | I43: 0 | J43: 0 | K43: 0 | L43: 0 | M43: 0 | N43: 0 | O43: =SUM(C43:N43) -> 0
A44: 3 | B44: PULOMERAK | C44: 0 | D44: 0 | E44: 0 | F44: 0 | G44: 0 | H44: 0 | I44: 0 | J44: 0 | K44: 0 | L44: 0 | M44: 0 | N44: 0 | O44: =SUM(C44:N44) -> 0
A45: 4 | B45: PURWAKARTA | C45: 0 | D45: 0 | E45: 0 | F45: 0 | G45: 0 | H45: 0 | I45: 0 | J45: 0 | K45: 0 | L45: 0 | M45: 0 | N45: 0 | O45: =SUM(C45:N45) -> 0
A46: 5 | B46: GROGOL | C46: 0 | D46: 0 | E46: 0 | F46: 0 | G46: 0 | H46: 0 | I46: 0 | J46: 0 | K46: 0 | L46: 0 | M46: 0 | N46: 0 | O46: =SUM(C46:N46) -> 0
A47: 6 | B47: CILEGON | C47: 0 | D47: 0 | E47: 0 | F47: 0 | G47: 0 | H47: 0 | I47: 0 | J47: 0 | K47: 0 | L47: 0 | M47: 0 | N47: 0 | O47: =SUM(C47:N47) -> 0
A48: 7 | B48: JOMBANG | C48: 0 | D48: 0 | E48: 0 | F48: 0 | G48: 0 | H48: 0 | I48: 0 | J48: 0 | K48: 0 | L48: 0 | M48: 0 | N48: 0 | O48: =SUM(C48:N48) -> 0
A49: 8 | B49: CIBEBER | C49: 0 | D49: 0 | E49: 0 | F49: 0 | G49: 0 | H49: 0 | I49: 0 | J49: 0 | K49: 2 | L49: 0 | M49: 0 | N49: 0 | O49: =SUM(C49:N49) -> 2
A50: JUMLAH | C50: =SUM(C42:C49) -> 0 | D50: =SUM(D42:D49) -> 0 | E50: =SUM(E42:E49) -> 0 | F50: =SUM(F42:F49) -> 0 | G50: =SUM(G42:G49) -> 0 | H50: =SUM(H42:H49) -> 0 | I50: =SUM(I42:I49) -> 0 | J50: =SUM(J42:J49) -> 0 | ... O50: =SUM(O42:O49) -> 2
A68: DATA PRODUKSI PADI (DARAT) PER BULAN
A69: KOTA CILEGON TAHUN 2020
O71: (Ton)
A72: No | B72: Kecamatan | C72: Bulan | O72: Jumlah
C73: Jan | D73: Feb | E73: Maret | F73: Apr | G73: Mei | H73: Juni | I73: Juli | J73: Agst | K73: Sept | L73: Okt | M73: Nov | N73: Des
A74: 1 | B74: 2 | C74: 3 | D74: 4 | E74: 5 | F74: 6 | G74: 7 | H74: 8 | I74: 9 | J74: 10 | K74: 11 | L74: 12 | M74: 13 | N74: 14 | O74: 15
A75: 1 | B75: CIWANDAN | C75: 0 | D75: 0 | E75: 0 | F75: 0 | G75: 0 | H75: 0 | I75: 0 | J75: 0 | K75: 0 | L75: 0 | M75: 0 | N75: 0 | O75: =SUM(C75:N75) -> 0
A76: 2 | B76: CITANGKIL | C76: 0 | D76: 0 | E76: 0 | F76: 0 | G76: 0 | H76: 0 | I76: 0 | J76: 0 | K76: 0 | L76: 0 | M76: 0 | N76: 0 | O76: =SUM(C76:N76) -> 0
A77: 3 | B77: PULOMERAK | C77: 0 | D77: 0 | E77: 0 | F77: 0 | G77: 0 | H77: 0 | I77: 0 | J77: 0 | K77: 0 | L77: 0 | M77: 0 | N77: 0 | O77: =SUM(C77:N77) -> 0
A78: 4 | B78: PURWAKARTA | C78: 0 | D78: 0 | E78: 0 | F78: 0 | G78: 0 | H78: 0 | I78: 0 | J78: 0 | K78: 0 | L78: 0 | M78: 0 | N78: 0 | O78: =SUM(C78:N78) -> 0
A79: 5 | B79: GROGOL | C79: 0 | D79: 0 | E79: 0 | F79: 0 | G79: 0 | H79: 0 | I79: 0 | J79: 0 | K79: 0 | L79: 0 | M79: 0 | N79: 0 | O79: =SUM(C79:N79) -> 0
A80: 6 | B80: CILEGON | C80: 0 | D80: 0 | E80: 0 | F80: 0 | G80: 0 | H80: 0 | I80: 0 | J80: 0 | K80: 0 | L80: 0 | M80: 0 | N80: 0 | O80: =SUM(C80:N80) -> 0
A81: 7 | B81: JOMBANG | C81: 0 | D81: 0 | E81: 0 | F81: 0 | G81: 0 | H81: 0 | I81: 0 | J81: 0 | K81: 0 | L81: 0 | M81: 0 | N81: 0 | O81: =SUM(C81:N81) -> 0
A82: 8 | B82: CIBEBER | C82: 0 | D82: 0 | E82: 0 | F82: 0 | G82: 0 | H82: 0 | I82: 0 | J82: 0 | K82: 11.2 | L82: 0 | M82: 0 | N82: 0 | O82: =SUM(C82:N82) -> 11.2
A83: JUMLAH | C83: =SUM(C75:C82) -> 0 | D83: =SUM(D75:D82) -> 0 | E83: =SUM(E75:E82) -> 0 | F83: =SUM(F75:F82) -> 0 | G83: =SUM(G75:G82) -> 0 | H83: =SUM(H75:H82) -> 0 | I83: =SUM(I75:I82) -> 0 | J83: =SUM(J75:J82) -> 0 | ... O83: =SUM(O75:O82) -> 11.2
A101: DATA PRODUKTIVITAS PADI (DARAT) PER BULAN
A102: KOTA CILEGON TAHUN 2020
O104: (Ku/Ha)
A105: No | B105: Kecamatan | C105: Bulan | O105: Jumlah
C106: Jan | D106: Feb | E106: Maret | F106: Apr | G106: Mei | H106: Juni | I106: Juli | J106: Agst | K106: Sept | L106: Okt | M106: Nov | N106: Des
A107: 1 | B107: 2 | C107: 3 | D107: 4 | E107: 5 | F107: 6 | G107: 7 | H107: 8 | I107: 9 | J107: 10 | K107: 11 | L107: 12 | M107: 13 | N107: 14 | O107: 15
A108: 1 | B108: CIWANDAN | C108: 0 | D108: 0 | E108: 0 | F108: 0 | G108: 0 | H108: 0 | I108: 0 | J108: 0 | K108: 0 | L108: 0 | M108: 0 | N108: 0 | O108: =SUM(C108:N108) -> 0
A109: 2 | B109: CITANGKIL | C109: 0 | D109: 0 | E109: 0 | F109: 0 | G109: 0 | H109: 0 | I109: 0 | J109: 0 | K109: 0 | L109: 0 | M109: 0 | N109: 0 | O109: =SUM(C109:N109) -> 0
A110: 3 | B110: PULOMERAK | C110: 0 | D110: 0 | E110: 0 | F110: 0 | G110: 0 | H110: 0 | I110: 0 | J110: 0 | K110: 0 | L110: 0 | M110: 0 | N110: 0 | O110: 0
A111: 4 | B111: PURWAKARTA | C111: 0 | D111: 0 | E111: 0 | F111: 0 | G111: 0 | H111: 0 | I111: 0 | J111: 0 | K111: 0 | L111: 0 | M111: 0 | N111: 0 | O111: =SUM(C111:N111) -> 0
A112: 5 | B112: GROGOL | C112: 0 | D112: 0 | E112: 0 | F112: 0 | G112: 0 | H112: 0 | I112: 0 | J112: 0 | K112: 0 | L112: 0 | M112: 0 | N112: 0 | O112: =SUM(C112:N112) -> 0
A113: 6 | B113: CILEGON | C113: 0 | D113: 0 | E113: 0 | F113: 0 | G113: 0 | H113: 0 | I113: 0 | J113: 0 | K113: 0 | L113: 0 | M113: 0 | N113: 0 | O113: =SUM(C113:N113) -> 0
A114: 7 | B114: JOMBANG | C114: 0 | D114: 0 | E114: 0 | F114: 0 | G114: 0 | H114: 0 | I114: 0 | J114: 0 | K114: 0 | L114: 0 | M114: 0 | N114: 0 | O114: =SUM(C114:N114) -> 0
A115: 8 | B115: CIBEBER | C115: 0 | D115: 0 | E115: 0 | F115: 0 | G115: 0 | H115: 0 | I115: 0 | J115: 0 | K115: 0 | L115: 56.11 | M115: 0 | N115: 0 | O115: =SUM(C115:N115) -> 56.11
A116: JUMLAH | C116: =SUM(C108:C115) -> 0 | D116: =SUM(D108:D115) -> 0 | E116: =SUM(E108:E115) -> 0 | F116: =SUM(F108:F115) -> 0 | G116: =SUM(G108:G115) -> 0 | H116: =SUM(H108:H115) -> 0 | I116: =SUM(I108:I115) -> 0 | J116: =SUM(J108:J115) -> 0 | ... O116: =SUM(O108:O115) -> 56.11
L119: Mengetahui,
L120: Kepala Dinas Ketahanan Pangan dan Pertanian
L121: Kota Cilegon
L125: Ir. Wawan Hermawan
L126: NIP. 19600110 198603 1 012

Sheet jagung
A2: DATA LUAS TANAM JAGUNG PER BULAN
A3: KOTA CILEGON TAHUN 2020
O5: (Ha)
A6: No | B6: Kecamatan | C6: Bulan | O6: Jumlah
C7: Jan | D7: Feb | E7: Maret | F7: Apr | G7: Mei | H7: Juni | I7: Juli | J7: Agst | K7: Sept | L7: Okt | M7: Nov | N7: Des
A8: 1 | B8: 2 | C8: 3 | D8: 4 | E8: 5 | F8: 6 | G8: 7 | H8: 8 | I8: 9 | J8: 10 | K8: 11 | L8: 12 | M8: 13 | N8: 14 | O8: 15
A9: 1 | B9: CIWANDAN | C9: 6 | D9: 3 | E9: 0 | F9: 0 | G9: 0 | H9: 1 | I9: 0 | J9: 1 | K9: 0 | L9: 1 | M9: 0 | N9: 0 | O9: =SUM(C9:N9) -> 12
A10: 2 | B10: CITANGKIL | C10: 0 | D10: 1 | E10: 0 | F10: 0 | G10: 1 | H10: 0 | I10: 0 | J10: 1 | K10: 0 | L10: 1 | M10: 0 | N10: 1 | O10: =SUM(C10:N10) -> 5
A11: 3 | B11: PULOMERAK | C11: 0 | D11: 0 | E11: 0 | F11: 0 | G11: 0 | H11: 0 | I11: 0 | J11: 0 | K11: 0 | L11: 0 | M11: 0 | N11: 0 | O11: =SUM(C11:N11) -> 0
A12: 4 | B12: PURWAKARTA | C12: 2 | D12: 1 | E12: 0 | F12: 2 | G12: 0 | H12: 0 | I12: 0 | J12: 2 | K12: 0 | L12: 0 | M12: 0 | N12: 0 | O12: =SUM(C12:N12) -> 7
A13: 5 | B13: GROGOL | C13: 0 | D13: 0 | E13: 0 | F13: 0 | G13: 0 | H13: 0 | I13: 0 | J13: 0 | K13: 0 | L13: 0 | M13: 0 | N13: 0 | O13: =SUM(C13:N13) -> 0
A14: 6 | B14: CILEGON | C14: 0 | D14: 0 | E14: 0 | F14: 0 | G14: 0 | H14: 0 | I14: 0 | J14: 0 | K14: 0 | L14: 0 | M14: 0 | N14: 0.5 | O14: =SUM(C14:N14) -> 0.5
A15: 7 | B15: JOMBANG | C15: 0 | D15: 0 | E15: 0 | F15: 0 | G15: 0 | H15: 0 | I15: 0 | J15: 0 | K15: 1 | L15: 0 | M15: 1 | N15: 0 | O15: =SUM(C15:N15) -> 2
A16: 8 | B16: CIBEBER | C16: 0 | D16: 0 | E16: 1 | F16: 1 | G16: 0 | H16: 0 | I16: 0 | J16: 0 | K16: 0 | L16: 0 | M16: 2 | N16: 0 | O16: =SUM(C16:N16) -> 4
A17: JUMLAH | C17: =SUM(C9:C16) -> 8 | D17: =SUM(D9:D16) -> 5 | E17: =SUM(E9:E16) -> 1 | F17: =SUM(F9:F16) -> 3 | G17: =SUM(G9:G16) -> 1 | H17: =SUM(H9:H16) -> 1 | I17: =SUM(I9:I16) -> 0 | J17: =SUM(J9:J16) -> 4 | ... O17: =SUM(O9:O16) -> 30.5
N19: =SUM(L17:N17) -> 6.5
A35: DATA LUAS PANEN JAGUNG PER BULAN
A36: KOTA CILEGON TAHUN 2020
O38: (Ha)
A39: No | B39: Kecamatan | C39: Bulan | O39: Jumlah
C40: Jan | D40: Feb | E40: Maret | F40: Apr | G40: Mei | H40: Juni | I40: Juli | J40: Agst | K40: Sept | L40: Okt | M40: Nov | N40: Des
A41: 1 | B41: 2 | C41: 3 | D41: 4 | E41: 5 | F41: 6 | G41: 7 | H41: 8 | I41: 9 | J41: 10 | K41: 11 | L41: 12 | M41: 13 | N41: 14 | O41: 15
A42: 1 | B42: CIWANDAN | C42: 0 | D42: 0 | E42: 0 | F42: 6 | G42: 3 | H42: 0 | I42: 0 | J42: 0 | K42: 0 | L42: 0 | M42: 0 | N42: 0 | O42: =SUM(C42:N42) -> 9
A43: 2 | B43: CITANGKIL | C43: 0 | D43: 0 | E43: 0 | F43: 1* | G43: 0 | H43: 0 | I43: 1* | J43: 0 | K43: 0 | L43: 1* | M43: 0 | N43: 1* | O43: 4
A44: 3 | B44: PULOMERAK | C44: 0 | D44: 0 | E44: 0 | F44: 0 | G44: 0 | H44: 0 | I44: 0 | J44: 0 | K44: 0 | L44: 0 | M44: 0 | N44: 0 | O44: =SUM(C44:N44) -> 0
A45: 4 | B45: PURWAKARTA | C45: 0 | D45: 0 | E45: 2* | F45: 0 | G45: 1* | H45: 1 | I45: 0 | J45: 1 | K45: 0 | L45: 0 | M45: 1 | N45: 0 | O45: 6
A46: 5 | B46: GROGOL | C46: 0 | D46: 0 | E46: 0 | F46: 0 | G46: 0 | H46: 0 | I46: 0 | J46: 0 | K46: 0 | L46: 0 | M46: 0 | N46: 0 | O46: =SUM(C46:N46) -> 0
A47: 6 | B47: CILEGON | C47: 0 | D47: 0 | E47: 0 | F47: 0 | G47: 0 | H47: 0 | I47: 0 | J47: 0 | K47: 0 | L47: 0 | M47: 0 | N47: 0 | O47: =SUM(C47:N47) -> 0
A48: 7 | B48: JOMBANG | C48: 0 | D48: 0 | E48: 0 | F48: 0 | G48: 0 | H48: 0 | I48: 0 | J48: 0 | K48: 0 | L48: 0 | M48: 1* | N48: 0 | O48: 1
A49: 8 | B49: CIBEBER | C49: 1 | D49: 0 | E49: 0 | F49: 1* | G49: 0 | H49: 1 | I49: 0 | J49: 0 | K49: 0 | L49: 0 | M49: 0 | N49: 0 | O49: 3
A50: JUMLAH | C50: =SUM(C42:C49) -> 1 | D50: =SUM(D42:D49) -> 0 | E50: 2 | F50: 8 | G50: 4 | H50: =SUM(H42:H49) -> 2 | I50: 1 | J50: =SUM(J42:J49) -> 1 | K50: =SUM(K42:K49) -> 0 | L50: 1 | M50: 2 | N50: 1 | O50: =SUM(O42:O49) -> 23 | Q50: =SUM(C50:N50) -> 23
A52: Ket : * : Panen Muda
A68: DATA PRODUKSI JAGUNG PER BULAN
A69: KOTA CILEGON TAHUN 2020
N71: (Ton Pipilan Kering)
A72: No | B72: Kecamatan | C72: Bulan | O72: Jumlah
C73: Jan | D73: Feb | E73: Maret | F73: Apr | G73: Mei | H73: Juni | I73: Juli | J73: Agst | K73: Sept | L73: Okt | M73: Nov | N73: Des
A74: 1 | B74: 2 | C74: 3 | D74: 4 | E74: 5 | F74: 6 | G74: 7 | H74: 8 | I74: 9 | J74: 10 | K74: 11 | L74: 12 | M74: 13 | N74: 14 | O74: 15
A75: 1 | B75: CIWANDAN | C75: 0 | D75: 0 | E75: 0 | F75: 17.1 | G75: 9 | H75: 0 | I75: 0 | J75: 0 | K75: 0 | L75: 0 | M75: 0 | N75: 0 | O75: =SUM(C75:N75) -> 26.1
A76: 2 | B76: CITANGKIL | C76: 0 | D76: 0 | E76: 0 | F76: 0 | G76: 0 | H76: 0 | I76: 0 | J76: 0 | K76: 0 | L76: 0 | M76: 0 | N76: 0 | O76: =SUM(C76:N76) -> 0
A77: 3 | B77: PULOMERAK | C77: 0 | D77: 0 | E77: 0 | F77: 0 | G77: 0 | H77: 0 | I77: 0 | J77: 0 | K77: 0 | L77: 0 | M77: 0 | N77: 0 | O77: =SUM(C77:N77) -> 0
A78: 4 | B78: PURWAKARTA | C78: 0 | D78: 0 | E78: 0 | F78: 0 | G78: 0 | H78: 2.5 | I78: 0 | J78: 2.9 | K78: 0 | L78: 0 | M78: 2.5 | N78: 0 | O78: =SUM(C78:N78) -> 7.9
A79: 5 | B79: GROGOL | C79: 0 | D79: 0 | E79: 0 | F79: 0 | G79: 0 | H79: 0 | I79: 0 | J79: 0 | K79: 0 | L79: 0 | M79: 0 | N79: 0 | O79: =SUM(C79:N79) -> 0
A80: 6 | B80: CILEGON | C80: 0 | D80: 0 | E80: 0 | F80: 0 | G80: 0 | H80: 0 | I80: 0 | J80: 0 | K80: 0 | L80: 0 | M80: 0 | N80: 0 | O80: =SUM(C80:N80) -> 0
A81: 7 | B81: JOMBANG | C81: 0 | D81: 0 | E81: 0 | F81: 0 | G81: 0 | H81: 0 | I81: 0 | J81: 0 | K81: 0 | L81: 0 | M81: 0 | N81: 0 | O81: =SUM(C81:N81) -> 0
A82: 8 | B82: CIBEBER | C82: 2.6 | D82: 0 | E82: 0 | F82: 0 | G82: 0 | H82: 2.5 | I82: 0 | J82: 0 | K82: 0 | L82: 0 | M82: 0 | N82: 0 | O82: =SUM(C82:N82) -> 5.1
A83: JUMLAH | C83: =SUM(C75:C82) -> 2.6 | D83: =SUM(D75:D82) -> 0 | E83: =SUM(E75:E82) -> 0 | F83: =SUM(F75:F82) -> 17.1 | G83: =SUM(G75:G82) -> 9 | H83: =SUM(H75:H82) -> 5 | I83: =SUM(I75:I82) -> 0 | J83: =SUM(J75:J82) -> 2.9 | ... O83: =SUM(O75:O82) -> 39.1
A101: DATA PRODUKTIVITAS JAGUNG PER BULAN
A102: KOTA CILEGON TAHUN 2020
O104: (Ku/Ha)
A105: No | B105: Kecamatan | C105: Bulan | O105: Jumlah
C106: Jan | D106: Feb | E106: Maret | F106: Apr | G106: Mei | H106: Juni | I106: Juli | J106: Agst | K106: Sept | L106: Okt | M106: Nov | N106: Des
A107: 1 | B107: 2 | C107: 3 | D107: 4 | E107: 5 | F107: 6 | G107: 7 | H107: 8 | I107: 9 | J107: 10 | K107: 11 | L107: 12 | M107: 13 | N107: 14 | O107: 15
A108: 1 | B108: CIWANDAN | C108: 0 | D108: 0 | E108: 0 | F108: 28.5 | G108: 30.12 | H108: 0 | I108: 0 | J108: 0 | K108: 0 | L108: 0 | M108: 0 | N108: 0 | O108: =O75/O42*10 -> 29
A109: 2 | B109: CITANGKIL | C109: 0 | D109: 0 | E109: 0 | F109: 0 | G109: 0 | H109: 0 | I109: 0 | J109: 0 | K109: 0 | L109: 0 | M109: 0 | N109: 0 | O109: =O76/O43*10 -> 0
A110: 3 | B110: PULOMERAK | C110: 0 | D110: 0 | E110: 0 | F110: 0 | G110: 0 | H110: 0 | I110: 0 | J110: 0 | K110: 0 | L110: 0 | M110: 0 | N110: 0 | O110: 0
A111: 4 | B111: PURWAKARTA | C111: 0 | D111: 0 | E111: 0 | F111: 0 | G111: 0 | H111: 25.1 | I111: 0 | J111: 29.5 | K111: 0 | L111: 0 | M111: 25 | N111: 0 | O111: =SUM(C111:N111)/3 -> 26.533333
A112: 5 | B112: GROGOL | C112: 0 | D112: 0 | E112: 0 | F112: 0 | G112: 0 | H112: 0 | I112: 0 | J112: 0 | K112: 0 | L112: 0 | M112: 0 | N112: 0 | O112: 0
A113: 6 | B113: CILEGON | C113: 0 | D113: 0 | E113: 0 | F113: 0 | G113: 0 | H113: 0 | I113: 0 | J113: 0 | K113: 0 | L113: 0 | M113: 0 | N113: 0 | O113: 0
A114: 7 | B114: JOMBANG | C114: 0 | D114: 0 | E114: 0 | F114: 0 | G114: 0 | H114: 0 | I114: 0 | J114: 0 | K114: 0 | L114: 0 | M114: 0 | N114: 0 | O114: =O81/O48*10 -> 0
A115: 8 | B115: CIBEBER | C115: 26.22 | D115: 0 | E115: 0 | F115: 0 | G115: 0 | H115: 25.05 | I115: 0 | J115: 0 | K115: 0 | L115: 0 | M115: 0 | N115: 0 | O115: =SUM(C115:N115)/2 -> 25.635
A116: JUMLAH | C116: =SUM(C108:C115) -> 26.22 | D116: =SUM(D108:D115) -> 0 | E116: =E83/E50*10 -> 0 | F116: =SUM(F108:F115) -> 28.5 | G116: =SUM(G108:G115) -> 30.12 | H116: =H83/H50*10 -> 25 | I116: =I83/I50*10 -> 0 | J116: =SUM(J108:J115) -> 29.5 | K116: =SUM(K108:K115) -> 0 | L116: =SUM(L108:L115) -> 0 | M116: 25 | N116: =N83/N50*10 -> 0 | O116: =SUM(O108:O115)/3 -> 27.056111
L119: Mengetahui,
L120: Kepala Dinas Ketahanan Pangan dan Pertanian
L121: Kota Cilegon
L125: Ir. Wawan Hermawan
L126: NIP. 19600110 198603 1 012

Sheet kedelai
A2: DATA LUAS TANAM KEDELAI PER BULAN
A3: KOTA CILEGON TAHUN 2020
O5: (Ha)
A6: No | B6: Kecamatan | C6: Bulan | O6: Jumlah
C7: Jan | D7: Feb | E7: Maret | F7: Apr | G7: Mei | H7: Juni | I7: Juli | J7: Agst | K7: Sept | L7: Okt | M7: Nov | N7: Des
A8: 1 | B8: 2 | C8: 3 | D8: 4 | E8: 5 | F8: 6 | G8: 7 | H8: 8 | I8: 9 | J8: 10 | K8: 11 | L8: 12 | M8: 13 | N8: 14 | O8: 15 | Q8: ok-nop
A9: 1 | B9: CIWANDAN | C9: 0 | D9: 0 | E9: 0 | F9: 0 | G9: 0 | H9: 0 | I9: 0 | J9: 0 | K9: 0 | L9: 0 | M9: 0 | N9: 0 | O9: =SUM(C9:N9) -> 0 | Q9: =SUM(L9:M9) -> 0
A10: 2 | B10: CITANGKIL | C10: 0 | D10: 0 | E10: 0 | F10: 0 | G10: 0 | H10: 0 | I10: 0 | J10: 0 | K10: 0 | L10: 0 | M10: 0 | N10: 0 | O10: =SUM(C10:N10) -> 0 | Q10: =SUM(L10:M10) -> 0
A11: 3 | B11: PULOMERAK | C11: 0 | D11: 0 | E11: 0 | F11: 0 | G11: 0 | H11: 0 | I11: 0 | J11: 0 | K11: 0 | L11: 0 | M11: 0 | N11: 0 | O11: =SUM(C11:N11) -> 0 | Q11: =SUM(L11:M11) -> 0
A12: 4 | B12: PURWAKARTA | C12: 0 | D12: 0 | E12: 0 | F12: 0 | G12: 0 | H12: 0 | I12: 0 | J12: 0 | K12: 0 | L12: 0 | M12: 0 | N12: 0 | O12: =SUM(C12:N12) -> 0 | Q12: =SUM(L12:M12) -> 0
A13: 5 | B13: GROGOL | C13: 0 | D13: 0 | E13: 0 | F13: 0 | G13: 0 | H13: 0 | I13: 0 | J13: 0 | K13: 0 | L13: 0 | M13: 0 | N13: 0 | O13: =SUM(C13:N13) -> 0 | Q13: =SUM(L13:M13) -> 0
A14: 6 | B14: CILEGON | C14: 0 | D14: 0 | E14: 0 | F14: 0 | G14: 0 | H14: 0 | I14: 0 | J14: 0 | K14: 0 | L14: 0 | M14: 0 | N14: 0 | O14: =SUM(C14:N14) -> 0 | Q14: =SUM(L14:M14) -> 0
A15: 7 | B15: JOMBANG | C15: 0 | D15: 0 | E15: 0 | F15: 0 | G15: 0 | H15: 0 | I15: 0 | J15: 0 | K15: 0 | L15: 0 | M15: 0 | N15: 0 | O15: =SUM(C15:N15) -> 0 | Q15: =SUM(L15:M15) -> 0
A16: 8 | B16: CIBEBER | C16: 0 | D16: 0 | E16: 0 | F16: 0 | G16: 0 | H16: 0 | I16: 0 | J16: 0 | K16: 0 | L16: 0 | M16: 0 | N16: 0 | O16: =SUM(C16:N16) -> 0 | Q16: =SUM(L16:M16) -> 0
A17: JUMLAH | C17: =SUM(C9:C16) -> 0 | D17: =SUM(D9:D16) -> 0 | E17: =SUM(E9:E16) -> 0 | F17: =SUM(F9:F16) -> 0 | G17: =SUM(G9:G16) -> 0 | H17: =SUM(H9:H16) -> 0 | I17: =SUM(I9:I16) -> 0 | J17: =SUM(J9:J16) -> 0 | ... O17: =SUM(O9:O16) -> 0
A35: DATA LUAS PANEN KEDELAI PER BULAN
A36: KOTA CILEGON TAHUN 2020
O38: (Ha)
A39: No | B39: Kecamatan | C39: Bulan | O39: Jumlah
C40: Jan | D40: Feb | E40: Maret | F40: Apr | G40: Mei | H40: Juni | I40: Juli | J40: Agst | K40: Sept | L40: Okt | M40: Nov | N40: Des
A41: 1 | B41: 2 | C41: 3 | D41: 4 | E41: 5 | F41: 6 | G41: 7 | H41: 8 | I41: 9 | J41: 10 | K41: 11 | L41: 12 | M41: 13 | N41: 14 | O41: 15
A42: 1 | B42: CIWANDAN | C42: 0 | D42: 0 | E42: 0 | F42: 0 | G42: 0 | H42: 0 | I42: 0 | J42: 0 | K42: 0 | L42: 0 | M42: 0 | N42: 0 | O42: =SUM(C42:N42) -> 0 | Q42: =SUM(C42:E42) -> 0
A43: 2 | B43: CITANGKIL | C43: 0 | D43: 0 | E43: 0 | F43: 0 | G43: 0 | H43: 0 | I43: 0 | J43: 0 | K43: 0 | L43: 0 | M43: 0 | N43: 0 | O43: =SUM(C43:N43) -> 0 | Q43: =SUM(C43:E43) -> 0
A44: 3 | B44: PULOMERAK | C44: 0 | D44: 0 | E44: 0 | F44: 0 | G44: 0 | H44: 0 | I44: 0 | J44: 0 | K44: 0 | L44: 0 | M44: 0 | N44: 0 | O44: =SUM(C44:N44) -> 0 | Q44: =SUM(C44:E44) -> 0
A45: 4 | B45: PURWAKARTA | C45: 0 | D45: 0 | E45: 0 | F45: 0 | G45: 0 | H45: 0 | I45: 0 | J45: 0 | K45: 0 | L45: 0 | M45: 0 | N45: 0 | O45: =SUM(C45:N45) -> 0 | Q45: =SUM(C45:E45) -> 0
A46: 5 | B46: GROGOL | C46: 0 | D46: 0 | E46: 0 | F46: 0 | G46: 0 | H46: 0 | I46: 0 | J46: 0 | K46: 0 | L46: 0 | M46: 0 | N46: 0 | O46: =SUM(C46:N46) -> 0 | Q46: =SUM(C46:E46) -> 0
A47: 6 | B47: CILEGON | C47: 0 | D47: 0 | E47: 0 | F47: 0 | G47: 0 | H47: 0 | I47: 0 | J47: 0 | K47: 0 | L47: 0 | M47: 0 | N47: 0 | O47: =SUM(C47:N47) -> 0 | Q47: =SUM(C47:E47) -> 0
A48: 7 | B48: JOMBANG | C48: 0 | D48: 0 | E48: 0 | F48: 0 | G48: 0 | H48: 0 | I48: 0 | J48: 0 | K48: 0 | L48: 0 | M48: 0 | N48: 0 | O48: =SUM(C48:N48) -> 0 | Q48: =SUM(C48:E48) -> 0
A49: 8 | B49: CIBEBER | C49: 0 | D49: 0 | E49: 0 | F49: 0 | G49: 0 | H49: 0 | I49: 0 | J49: 0 | K49: 0 | L49: 0 | M49: 0 | N49: 0 | O49: =SUM(C49:N49) -> 0 | P49: 15 | Q49: =SUM(C49:E49) -> 0
A50: JUMLAH | C50: =SUM(C42:C49) -> 0 | D50: =SUM(D42:D49) -> 0 | E50: =SUM(E42:E49) -> 0 | F50: =SUM(F42:F49) -> 0 | G50: =SUM(G42:G49) -> 0 | H50: =SUM(H42:H49) -> 0 | I50: =SUM(I42:I49) -> 0 | J50: =SUM(J42:J49) -> 0 | ... P50: =SUM(P42:P49) -> 15
A68: DATA PRODUKSI KEDELAI PER BULAN
A69: KOTA CILEGON TAHUN 2020
O71: (Ton)
A72: No | B72: Kecamatan | C72: Bulan | O72: Jumlah
C73: Jan | D73: Feb | E73: Maret | F73: Apr | G73: Mei | H73: Juni | I73: Juli | J73: Agst | K73: Sept | L73: Okt | M73: Nov | N73: Des
A74: 1 | B74: 2 | C74: 3 | D74: 4 | E74: 5 | F74: 6 | G74: 7 | H74: 8 | I74: 9 | J74: 10 | K74: 11 | L74: 12 | M74: 13 | N74: 14 | O74: 15
A75: 1 | B75: CIWANDAN | C75: 0 | D75: 0 | E75: 0 | F75: 0 | G75: 0 | H75: 0 | I75: 0 | J75: 0 | K75: 0 | L75: 0 | M75: 0 | N75: 0 | O75: =SUM(C75:N75) -> 0 | Q75: =SUM(C75:E75) -> 0
A76: 2 | B76: CITANGKIL | C76: 0 | D76: 0 | E76: 0 | F76: 0 | G76: 0 | H76: 0 | I76: 0 | J76: 0 | K76: 0 | L76: 0 | M76: 0 | N76: 0 | O76: =SUM(C76:N76) -> 0 | Q76: =SUM(C76:E76) -> 0
A77: 3 | B77: PULOMERAK | C77: 0 | D77: 0 | E77: 0 | F77: 0 | G77: 0 | H77: 0 | I77: 0 | J77: 0 | K77: 0 | L77: 0 | M77: 0 | N77: 0 | O77: =SUM(C77:N77) -> 0 | Q77: =SUM(C77:E77) -> 0
A78: 4 | B78: PURWAKARTA | C78: 0 | D78: 0 | E78: 0 | F78: 0 | G78: 0 | H78: 0 | I78: 0 | J78: 0 | K78: 0 | L78: 0 | M78: 0 | N78: 0 | O78: =SUM(C78:N78) -> 0 | Q78: =SUM(C78:E78) -> 0
A79: 5 | B79: GROGOL | C79: 0 | D79: 0 | E79: 0 | F79: 0 | G79: 0 | H79: 0 | I79: 0 | J79: 0 | K79: 0 | L79: 0 | M79: 0 | N79: 0 | O79: =SUM(C79:N79) -> 0 | Q79: =SUM(C79:E79) -> 0
A80: 6 | B80: CILEGON | C80: 0 | D80: 0 | E80: 0 | F80: 0 | G80: 0 | H80: 0 | I80: 0 | J80: 0 | K80: 0 | L80: 0 | M80: 0 | N80: 0 | O80: =SUM(C80:N80) -> 0 | Q80: =SUM(C80:E80) -> 0
A81: 7 | B81: JOMBANG | C81: 0 | D81: 0 | E81: 0 | F81: 0 | G81: 0 | H81: 0 | I81: 0 | J81: 0 | K81: 0 | L81: 0 | M81: 0 | N81: 0 | O81: =SUM(C81:N81) -> 0 | Q81: =SUM(C81:E81) -> 0
A82: 8 | B82: CIBEBER | C82: 0 | D82: 0 | E82: 0 | F82: 0 | G82: 0 | H82: 0 | I82: 0 | J82: 0 | K82: 0 | L82: 0 | M82: 0 | N82: 0 | O82: =SUM(C82:N82) -> 0 | Q82: =SUM(C82:E82) -> 0
A83: JUMLAH | C83: =SUM(C75:C82) -> 0 | D83: =SUM(D75:D82) -> 0 | E83: =SUM(E75:E82) -> 0 | F83: =SUM(F75:F82) -> 0 | G83: =SUM(G75:G82) -> 0 | H83: =SUM(H75:H82) -> 0 | I83: =SUM(I75:I82) -> 0 | J83: =SUM(J75:J82) -> 0 | ... O83: =SUM(O75:O82) -> 0
A101: DATA PRODUKTIVITAS KEDELAI PER BULAN
A102: KOTA CILEGON TAHUN 2020
O104: (Ku/Ha)
A105: No | B105: Kecamatan | C105: Bulan | O105: Jumlah
C106: Jan | D106: Feb | E106: Maret | F106: Apr | G106: Mei | H106: Juni | I106: Juli | J106: Agst | K106: Sept | L106: Okt | M106: Nov | N106: Des
A107: 1 | B107: 2 | C107: 3 | D107: 4 | E107: 5 | F107: 6 | G107: 7 | H107: 8 | I107: 9 | J107: 10 | K107: 11 | L107: 12 | M107: 13 | N107: 14 | O107: 15
A108: 1 | B108: CIWANDAN | C108: 0 | D108: 0 | E108: 0 | F108: 0 | G108: 0 | H108: 0 | I108: 0 | J108: 0 | K108: 0 | L108: 0 | M108: 0 | N108: 0 | O108: 0
A109: 2 | B109: CITANGKIL | C109: 0 | D109: 0 | E109: 0 | F109: 0 | G109: 0 | H109: 0 | I109: 0 | J109: 0 | K109: 0 | L109: 0 | M109: 0 | N109: 0 | O109: 0
A110: 3 | B110: PULOMERAK | C110: 0 | D110: 0 | E110: 0 | F110: 0 | G110: 0 | H110: 0 | I110: 0 | J110: 0 | K110: 0 | L110: 0 | M110: 0 | N110: 0 | O110: 0
A111: 4 | B111: PURWAKARTA | C111: 0 | D111: 0 | E111: 0 | F111: 0 | G111: 0 | H111: 0 | I111: 0 | J111: 0 | K111: 0 | L111: 0 | M111: 0 | N111: 0 | O111: 0
A112: 5 | B112: GROGOL | C112: 0 | D112: 0 | E112: 0 | F112: 0 | G112: 0 | H112: 0 | I112: 0 | J112: 0 | K112: 0 | L112: 0 | M112: 0 | N112: 0 | O112: 0
A113: 6 | B113: CILEGON | C113: 0 | D113: 0 | E113: 0 | F113: 0 | G113: 0 | H113: 0 | I113: 0 | J113: 0 | K113: 0 | L113: 0 | M113: 0 | N113: 0 | O113: 0
A114: 7 | B114: JOMBANG | C114: 0 | D114: 0 | E114: 0 | F114: 0 | G114: 0 | H114: 0 | I114: 0 | J114: 0 | K114: 0 | L114: 0 | M114: 0 | N114: 0 | O114: 0
A115: 8 | B115: CIBEBER | C115: 0 | D115: 0 | E115: 0 | F115: 0 | G115: 0 | H115: 0 | I115: 0 | J115: 0 | K115: 0 | L115: 0 | M115: 0 | N115: 0 | O115: 0
A116: JUMLAH | C116: 0 | D116: =SUM(D108:D115) -> 0 | E116: =SUM(E108:E115) -> 0 | F116: =SUM(F108:F115) -> 0 | G116: =SUM(G108:G115) -> 0 | H116: =SUM(H108:H115) -> 0 | I116: =SUM(I108:I115) -> 0 | J116: =SUM(J108:J115) -> 0 | K116: =SUM(K108:K115) -> 0 | ... O116: =SUM(O108:O115) -> 0
L119: Mengetahui,
L120: Kepala Dinas Ketahanan Pangan dan Pertanian
L121: Kota Cilegon
L125: Ir. Wawan Hermawan
L126: NIP. 19600110 198603 1 012

Sheet kc tanah
A2: DATA LUAS TANAM KACANG TANAH PER BULAN
A3: KOTA CILEGON TAHUN 2020
O5: (Ha)
A6: No | B6: Kecamatan | C6: Bulan | O6: Jumlah
C7: Jan | D7: Feb | E7: Maret | F7: Apr | G7: Mei | H7: Juni | I7: Juli | J7: Agst | K7: Sept | L7: Okt | M7: Nov | N7: Des
A8: 1 | B8: 2 | C8: 3 | D8: 4 | E8: 5 | F8: 6 | G8: 7 | H8: 8 | I8: 9 | J8: 10 | K8: 11 | L8: 12 | M8: 13 | N8: 14 | O8: 15
A9: 1 | B9: CIWANDAN | C9: 60 | D9: 40 | E9: 0 | F9: 0 | G9: 0 | H9: 0 | I9: 0 | J9: 0 | K9: 0 | L9: 0 | M9: 0 | N9: 0 | O9: =SUM(C9:N9) -> 100 | P9: =SUM(I9:K9) -> 0 | Q9: =SUM(F9:K9) -> 0
A10: 2 | B10: CITANGKIL | C10: 45 | D10: 0 | E10: 110 | F10: 35 | G10: 0 | H10: 0 | I10: 0 | J10: 0 | K10: 0 | L10: 2 | M10: 106 | N10: 45 | O10: =SUM(C10:N10) -> 343 | P10: =SUM(I10:K10) -> 0 | Q10: =SUM(F10:K10) -> 35
A11: 3 | B11: PULOMERAK | C11: 80 | D11: 0 | E11: 0 | F11: 120 | G11: 0 | H11: 0 | I11: 80 | J11: 0 | K11: 0 | L11: 110 | M11: 0 | N11: 50 | O11: =SUM(C11:N11) -> 440 | P11: =SUM(I11:K11) -> 80 | Q11: =SUM(F11:K11) -> 200
A12: 4 | B12: PURWAKARTA | C12: 15 | D12: 0 | E12: 18 | F12: 10 | G12: 0 | H12: 25 | I12: 15 | J12: 5 | K12: 11 | L12: 0 | M12: 0 | N12: 0 | O12: =SUM(C12:N12) -> 99 | P12: =SUM(I12:K12) -> 31 | Q12: =SUM(F12:K12) -> 66
A13: 5 | B13: GROGOL | C13: 0 | D13: 0 | E13: 0 | F13: 62 | G13: 0 | H13: 0 | I13: 0 | J13: 0 | K13: 0 | L13: 0 | M13: 0 | N13: 25 | O13: =SUM(C13:N13) -> 87 | P13: =SUM(I13:K13) -> 0 | Q13: =SUM(F13:K13) -> 62
A14: 6 | B14: CILEGON | C14: 25 | D14: 0 | E14: 40 | F14: 25 | G14: 0 | H14: 0 | I14: 2 | J14: 0 | K14: 0 | L14: 0 | M14: 30 | N14: 271 | O14: =SUM(C14:N14) -> 393 | P14: =SUM(I14:K14) -> 2 | Q14: =SUM(F14:K14) -> 27
A15: 7 | B15: JOMBANG | C15: 0 | D15: 0 | E15: 0 | F15: 1 | G15: 0 | H15: 0 | I15: 0 | J15: 0 | K15: 0 | L15: 0 | M15: 0 | N15: 0 | O15: =SUM(C15:N15) -> 1 | P15: =SUM(I15:K15) -> 0 | Q15: =SUM(F15:K15) -> 1
A16: 8 | B16: CIBEBER | C16: 10 | D16: 0 | E16: 25 | F16: 120 | G16: 0 | H16: 0 | I16: 0 | J16: 0 | K16: 0 | L16: 8 | M16: 137 | N16: 0 | O16: =SUM(C16:N16) -> 300 | P16: =SUM(I16:K16) -> 0 | Q16: =SUM(F16:K16) -> 120
A17: JUMLAH | C17: =SUM(C9:C16) -> 235 | D17: =SUM(D9:D16) -> 40 | E17: =SUM(E9:E16) -> 193 | F17: =SUM(F9:F16) -> 373 | G17: =SUM(G9:G16) -> 0 | H17: =SUM(H9:H16) -> 25 | I17: =SUM(I9:I16) -> 97 | J17: =SUM(J9:J16) -> 5 | ... P17: =SUM(P9:P16) -> 113 | Q17: =SUM(I9:K9) -> 0
J19: =SUM(C17:J17) -> 968
A35: DATA LUAS PANEN KACANG TANAH PER BULAN
A36: KOTA CILEGON TAHUN 2020
O38: (Ha)
A39: No | B39: Kecamatan | C39: Bulan | O39: Jumlah
C40: Jan | D40: Feb | E40: Maret | F40: Apr | G40: Mei | H40: Juni | I40: Juli | J40: Agst | K40: Sept | L40: Okt | M40: Nov | N40: Des
A41: 1 | B41: 2 | C41: 3 | D41: 4 | E41: 5 | F41: 6 | G41: 7 | H41: 8 | I41: 9 | J41: 10 | K41: 11 | L41: 12 | M41: 13 | N41: 14 | O41: 15
A42: 1 | B42: CIWANDAN | C42: 0 | D42: 0 | E42: 0 | F42: 60 | G42: 40 | H42: 0 | I42: 0 | J42: 0 | K42: 0 | L42: 0 | M42: 0 | N42: 0 | O42: =SUM(C42:N42) -> 100 | Q42: =SUM(F42:K42) -> 100
A43: 2 | B43: CITANGKIL | C43: 0 | D43: 0 | E43: 135 | F43: 45 | G43: 0 | H43: 110 | I43: 35 | J43: 0 | K43: 0 | L43: 0 | M43: 0 | N43: 0 | O43: =SUM(C43:N43) -> 325 | Q43: =SUM(F43:K43) -> 190
A44: 3 | B44: PULOMERAK | C44: 50 | D44: 0 | E44: 0 | F44: 80 | G44: 0 | H44: 0 | I44: 120 | J44: 0 | K44: 0 | L44: 80 | M44: 0 | N44: 110 | O44: =SUM(C44:N44) -> 440 | Q44: =SUM(F44:K44) -> 200
A45: 4 | B45: PURWAKARTA | C45: 0 | D45: 0 | E45: 40 | F45: 0 | G45: 5 | H45: 23 | I45: 0 | J45: 0 | K45: 20 | L45: 0 | M45: 0 | N45: 0 | O45: =SUM(C45:N45) -> 88 | Q45: =SUM(F45:K45) -> 48
A46: 5 | B46: GROGOL | C46: 0 | D46: 0 | E46: 271 | F46: 0 | G46: 0 | H46: 12 | I46: 50 | J46: 0 | K46: 0 | L46: 0 | M46: 0 | N46: 0 | O46: =SUM(C46:N46) -> 333 | Q46: =SUM(F46:K46) -> 62
A47: 6 | B47: CILEGON | C47: 0 | D47: 45 | E47: 25 | F47: 0 | G47: 0 | H47: 40 | I47: 25 | J47: 0 | K47: 2 | L47: 0 | M47: 0 | N47: 0 | O47: =SUM(C47:N47) -> 137 | Q47: =SUM(F47:K47) -> 67
A48: 7 | B48: JOMBANG | C48: 0 | D48: 0 | E48: 1 | F48: 0 | G48: 0 | H48: 0 | I48: 1 | J48: 0 | K48: 0 | L48: 0 | M48: 0 | N48: 0 | O48: =SUM(C48:N48) -> 2 | Q48: =SUM(F48:K48) -> 1
A49: 8 | B49: CIBEBER | C49: 0 | D49: 135 | E49: 10 | F49: 0 | G49: 0 | H49: 25 | I49: 120 | J49: 0 | K49: 0 | L49: 0 | M49: 0 | N49: 8 | O49: =SUM(C49:N49) -> 298 | Q49: =SUM(F49:K49) -> 145
A50: JUMLAH | C50: =SUM(C42:C49) -> 50 | D50: =SUM(D42:D49) -> 180 | E50: =SUM(E42:E49) -> 482 | F50: =SUM(F42:F49) -> 185 | G50: =SUM(G42:G49) -> 45 | H50: =SUM(H42:H49) -> 210 | I50: =SUM(I42:I49) -> 351 | J50: =SUM(J42:J49) -> 0 | ... O50: =SUM(O42:O49) -> 1723 | Q50: =SUM(F50:K50) -> 813
A68: DATA PRODUKSI KACANG TANAH PER BULAN
A69: KOTA CILEGON TAHUN 2020
O71: (Ton)
A72: No | B72: Kecamatan | C72: Bulan | O72: Jumlah
C73: Jan | D73: Feb | E73: Maret | F73: Apr | G73: Mei | H73: Juni | I73: Juli | J73: Agst | K73: Sept | L73: Okt | M73: Nov | N73: Des
A74: 1 | B74: 2 | C74: 3 | D74: 4 | E74: 5 | F74: 6 | G74: 7 | H74: 8 | I74: 9 | J74: 10 | K74: 11 | L74: 12 | M74: 13 | N74: 14 | O74: 15
A75: 1 | B75: CIWANDAN | C75: 0 | D75: 0 | E75: 0 | F75: 69 | G75: 37.3 | H75: 0 | I75: 0 | J75: 0 | K75: 0 | L75: 0 | M75: 0 | N75: 0 | O75: =SUM(C75:N75) -> 106.3 | Q75: =SUM(F75:K75) -> 106.3
A76: 2 | B76: CITANGKIL | C76: 0 | D76: 0 | E76: 178.9 | F76: 51.7 | G76: 0 | H76: 128.3 | I76: 38.9 | J76: 0 | K76: 0 | L76: 0 | M76: 0 | N76: 0 | O76: =SUM(C76:N76) -> 397.8 | Q76: =SUM(F76:K76) -> 218.9
A77: 3 | B77: PULOMERAK | C77: 60.1 | D77: 0 | E77: 0 | F77: 94.1 | G77: 0 | H77: 0 | I77: 138 | J77: 0 | K77: 0 | L77: 89.7 | M77: 0 | N77: 126.7 | O77: =SUM(C77:N77) -> 508.6 | Q77: =SUM(F77:K77) -> 232.1
A78: 4 | B78: PURWAKARTA | C78: 0 | D78: 0 | E78: 57 | F78: 0 | G78: 4.8 | H78: 25.9 | I78: 0 | J78: 0 | K78: 22.6 | L78: 0 | M78: 0 | N78: 0 | O78: =SUM(C78:N78) -> 110.3 | Q78: =SUM(F78:K78) -> 53.3
A79: 5 | B79: GROGOL | C79: 0 | D79: 0 | E79: 301.6 | F79: 0 | G79: 0 | H79: 15.2 | I79: 55.1 | J79: 0 | K79: 0 | L79: 0 | M79: 0 | N79: 0 | O79: =SUM(C79:N79) -> 371.9 | Q79: =SUM(F79:K79) -> 70.3
A80: 6 | B80: CILEGON | C80: 0 | D80: 60.7 | E80: 31.1 | F80: 0 | G80: 0 | H80: 45.2 | I80: 27.6 | J80: 0 | K80: 2.1 | L80: 0 | M80: 0 | N80: 0 | O80: =SUM(C80:N80) -> 166.7 | Q80: =SUM(F80:K80) -> 74.9
A81: 7 | B81: JOMBANG | C81: 0 | D81: 0 | E81: 1.1 | F81: 0 | G81: 0 | H81: 0 | I81: 1.1 | J81: 0 | K81: 0 | L81: 0 | M81: 0 | N81: 0 | O81: =SUM(C81:N81) -> 2.2 | Q81: =SUM(F81:K81) -> 1.1
A82: 8 | B82: CIBEBER | C82: 0 | D82: 170.4 | E82: 12.5 | F82: 0 | G82: 0 | H82: 30.3 | I82: 134.5 | J82: 0 | K82: 0 | L82: 0 | M82: 0 | N82: 9.3 | O82: =SUM(C82:N82) -> 357 | Q82: =SUM(F82:K82) -> 164.8
A83: JUMLAH | C83: =SUM(C75:C82) -> 60.1 | D83: =SUM(D75:D82) -> 231.1 | E83: =SUM(E75:E82) -> 582.2 | F83: =SUM(F75:F82) -> 214.8 | G83: =SUM(G75:G82) -> 42.1 | H83: =SUM(H75:H82) -> 244.9 | I83: =SUM(I75:I82) -> 395.2 | J83: =SUM(J75:J82) -> 0 | ... O83: =SUM(O75:O82) -> 2020.8 | P83: =O83/0.32 -> 6315 | Q83: =SUM(F83:K83) -> 921.7 | R83: =O83/0.32 -> 6315
B85: Produksi kacang tanah dlm bentuk polong kering | R85: =R83/O50 -> 3.665119
C87: =C83*0.6 -> 36.06 | D87: =D83*0.6 -> 138.66 | E87: =E83*0.6 -> 349.32 | F87: =F83*0.6 -> 128.88 | G87: =G83*0.6 -> 25.26 | H87: =H83*0.6 -> 146.94 | I87: =I83*0.6 -> 237.12 | J87: =J83*0.6 -> 0 | ... O87: =O83*0.6 -> 1212.48
A101: DATA PRODUKTIVITAS KACANG TANAH PER BULAN
A102: KOTA CILEGON TAHUN 2020
O104: (Ku/Ha)
A105: No | B105: Kecamatan | C105: Bulan | O105: Jumlah
C106: Jan | D106: Feb | E106: Maret | F106: Apr | G106: Mei | H106: Juni | I106: Juli | J106: Agst | K106: Sept | L106: Okt | M106: Nov | N106: Des
A107: 1 | B107: 2 | C107: 3 | D107: 4 | E107: 5 | F107: 6 | G107: 7 | H107: 8 | I107: 9 | J107: 10 | K107: 11 | L107: 12 | M107: 13 | N107: 14 | O107: 15
A108: 1 | B108: CIWANDAN | C108: 0 | D108: 0 | E108: 0 | F108: 11.5 | G108: 9.33 | H108: 0 | I108: 0 | J108: 0 | K108: 0 | L108: 0 | M108: 0 | N108: 0 | O108: =O75/O42*10 -> 10.63 | Q108: =O108/0.32 -> 33.21875 | R108: =E108/0.32 -> 0 | S108: =R108*0.53 -> 0
A109: 2 | B109: CITANGKIL | C109: 0 | D109: 0 | E109: 13.25 | F109: 11 | G109: 0 | H109: 11.66 | I109: 11.13 | J109: 0 | K109: 0 | L109: 0 | M109: 0 | N109: 0 | O109: =O76/O43*10 -> 12.24 | Q109: =O109/0.32 -> 38.25 | R109: =E109/0.32 -> 41.40625 | S109: =R109*0.53 -> 21.945312
A110: 3 | B110: PULOMERAK | C110: 12.02 | D110: 0 | E110: 0 | F110: 11.76 | G110: 0 | H110: 0 | I110: 11.5 | J110: 0 | K110: 0 | L110: 11.21 | M110: 0 | N110: 11.52 | O110: =O77/O44*10 -> 11.559091 | Q110: =O110/0.32 -> 36.122159 | R110: =E110/0.32 -> 0 | S110: =R110*0.53 -> 0
A111: 4 | B111: PURWAKARTA | C111: 0 | D111: 0 | E111: 14.26 | F111: 0 | G111: 9.54 | H111: 11.25 | I111: 0 | J111: 0 | K111: 11.32 | L111: 0 | M111: 0 | N111: 0 | O111: =O78/O45*10 -> 12.534091 | Q111: =O111/0.32 -> 39.169034 | R111: =E111/0.32 -> 44.5625 | S111: =R111*0.53 -> 23.618125
A112: 5 | B112: GROGOL | C112: 0 | D112: 0 | E112: 11.13 | F112: 0 | G112: 0 | H112: 12.65 | I112: 11.01 | J112: 0 | K112: 0 | L112: 0 | M112: 0 | N112: 0 | O112: =O79/O46*10 -> 11.168168 | Q112: =O112/0.32 -> 34.900526 | R112: =E112/0.32 -> 34.78125 | S112: =R112*0.53 -> 18.434062
A113: 6 | B113: CILEGON | C113: 0 | D113: 13.5 | E113: 12.45 | F113: 0 | G113: 0 | H113: 11.3 | I113: 11.05 | J113: 0 | K113: 10.51 | L113: 0 | M113: 0 | N113: 0 | O113: =O80/O47*10 -> 12.167883 | Q113: =O113/0.32 -> 38.024635 | R113: =E113/0.32 -> 38.90625 | S113: =R113*0.53 -> 20.620313
A114: 7 | B114: JOMBANG | C114: 0 | D114: 0 | E114: 11.22 | F114: 0 | G114: 0 | H114: 0 | I114: 10.95 | J114: 0 | K114: 0 | L114: 0 | M114: 0 | N114: 0 | O114: =O81/O48*10 -> 11 | Q114: =O114/0.32 -> 34.375 | R114: =E114/0.32 -> 35.0625 | S114: =R114*0.53 -> 18.583125
A115: 8 | B115: CIBEBER | C115: 0 | D115: 12.62 | E115: 12.51 | F115: 0 | G115: 0 | H115: 12.13 | I115: 11.21 | J115: 0 | K115: 0 | L115: 0 | M115: 0 | N115: 11.61 | O115: =O82/O49*10 -> 11.979866 | Q115: =O115/0.32 -> 37.437081 | R115: =E115/0.32 -> 39.09375 | S115: =R115*0.53 -> 20.719688
A116: JUMLAH | C116: =C83/C50*10 -> 12.02 | D116: =D83/D50*10 -> 12.838889 | E116: =E83/E50*10 -> 12.078838 | F116: =F83/F50*10 -> 11.610811 | G116: =G83/G50*10 -> 9.3555556 | H116: =H83/H50*10 -> 11.661905 | I116: =I83/I50*10 -> 11.259259 | J116: =SUM(J108:J115) -> 0 | K116: =K83/K50*10 -> 11.227273 | L116: =L83/L50*10 -> 11.2125 | M116: 0 | N116: =N83/N50*10 -> 11.525424 | O116: =O83/O50*10 -> 11.728381 | P116: =O116/0.32 -> 36.65119 | Q116: =11.94/0.32 -> 37.3125 | R116: =O116/0.32 -> 36.65119
L119: Mengetahui,
L120: Kepala Dinas Ketahanan Pangan dan Pertanian
L121: Kota Cilegon
L125: Ir. Wawan Hermawan
L126: NIP. 19600110 198603 1 012

Sheet ubi kayu
A2: DATA LUAS TANAM UBI KAYU PER BULAN
A3: KOTA CILEGON TAHUN 2020
O5: (Ha)
A6: No | B6: Kecamatan | C6: Bulan | O6: Jumlah
C7: Jan | D7: Feb | E7: Maret | F7: Apr | G7: Mei | H7: Juni | I7: Juli | J7: Agst | K7: Sept | L7: Okt | M7: Nov | N7: Des
A8: 1 | B8: 2 | C8: 3 | D8: 4 | E8: 5 | F8: 6 | G8: 7 | H8: 8 | I8: 9 | J8: 10 | K8: 11 | L8: 12 | M8: 13 | N8: 14 | O8: 15
A9: 1 | B9: CIWANDAN | C9: 6 | D9: 3 | E9: 0 | F9: 0 | G9: 0 | H9: 2 | I9: 0 | J9: 0 | K9: 0 | L9: 15 | M9: 5 | N9: 0 | O9: =SUM(C9:N9) -> 31
A10: 2 | B10: CITANGKIL | C10: 1 | D10: 1 | E10: 0 | F10: 1 | G10: 0 | H10: 0 | I10: 0 | J10: 0 | K10: 0 | L10: 1 | M10: 0 | N10: 1 | O10: =SUM(C10:N10) -> 5
A11: 3 | B11: PULOMERAK | C11: 15 | D11: 20 | E11: 0 | F11: 10 | G11: 0 | H11: 10 | I11: 0 | J11: 0 | K11: 0 | L11: 10 | M11: 0 | N11: 0 | O11: =SUM(C11:N11) -> 65
A12: 4 | B12: PURWAKARTA | C12: 1 | D12: 0 | E12: 0 | F12: 0 | G12: 0 | H12: 0 | I12: 0 | J12: 0 | K12: 0 | L12: 0 | M12: 0 | N12: 0 | O12: =SUM(C12:N12) -> 1
A13: 5 | B13: GROGOL | C13: 0 | D13: 0 | E13: 0 | F13: 0 | G13: 0 | H13: 0 | I13: 0 | J13: 0 | K13: 0 | L13: 0 | M13: 0 | N13: 0 | O13: =SUM(C13:N13) -> 0
A14: 6 | B14: CILEGON | C14: 0 | D14: 0 | E14: 0 | F14: 0 | G14: 0 | H14: 0 | I14: 0 | J14: 0 | K14: 0 | L14: 0 | M14: 0 | N14: 0 | O14: =SUM(C14:N14) -> 0
A15: 7 | B15: JOMBANG | C15: 0 | D15: 1 | E15: 1 | F15: 0 | G15: 0 | H15: 0 | I15: 0 | J15: 0 | K15: 0 | L15: 0 | M15: 0 | N15: 0 | O15: =SUM(C15:N15) -> 2
A16: 8 | B16: CIBEBER | C16: 3 | D16: 1 | E16: 0 | F16: 1 | G16: 0 | H16: 0 | I16: 1 | J16: 1 | K16: 1 | L16: 0 | M16: 0 | N16: 0 | O16: =SUM(C16:N16) -> 8
A17: JUMLAH | C17: =SUM(C9:C16) -> 26 | D17: =SUM(D9:D16) -> 26 | E17: =SUM(E9:E16) -> 1 | F17: =SUM(F9:F16) -> 12 | G17: =SUM(G9:G16) -> 0 | H17: =SUM(H9:H16) -> 12 | I17: =SUM(I9:I16) -> 1 | J17: =SUM(J9:J16) -> 1 | ... O17: =SUM(O9:O16) -> 112
A34: DATA LUAS PANEN UBI KAYU PER BULAN
A35: KOTA CILEGON TAHUN 2020
O37: (Ha)
A38: No | B38: Kecamatan | C38: Bulan | O38: Jumlah
C39: Jan | D39: Feb | E39: Maret | F39: Apr | G39: Mei | H39: Juni | I39: Juli | J39: Agst | K39: Sept | L39: Okt | M39: Nov | N39: Des
A40: 1 | B40: 2 | C40: 3 | D40: 4 | E40: 5 | F40: 6 | G40: 7 | H40: 8 | I40: 9 | J40: 10 | K40: 11 | L40: 12 | M40: 13 | N40: 14 | O40: 15
A41: 1 | B41: CIWANDAN | C41: 0 | D41: 0 | E41: 0 | F41: 0 | G41: 2 | H41: 0 | I41: 0 | J41: 2 | K41: 1 | L41: 0 | M41: 0 | N41: 0 | O41: =SUM(C41:N41) -> 5
A42: 2 | B42: CITANGKIL | C42: 2 | D42: 0 | E42: 0 | F42: 0 | G42: 0 | H42: 0 | I42: 0 | J42: 0 | K42: 0 | L42: 1 | M42: 0 | N42: 1 | O42: =SUM(C42:N42) -> 4
A43: 3 | B43: PULOMERAK | C43: 0 | D43: 0 | E43: 0 | F43: 0 | G43: 0 | H43: 0 | I43: 0 | J43: 0 | K43: 0 | L43: 0 | M43: 0 | N43: 0 | O43: =SUM(C43:N43) -> 0
A44: 4 | B44: PURWAKARTA | C44: 0 | D44: 0 | E44: 0 | F44: 0 | G44: 0 | H44: 0 | I44: 0 | J44: 0 | K44: 0 | L44: 0 | M44: 0 | N44: 0 | O44: =SUM(C44:N44) -> 0
A45: 5 | B45: GROGOL | C45: 0 | D45: 0 | E45: 0 | F45: 0 | G45: 0 | H45: 2 | I45: 1 | J45: 0 | K45: 0 | L45: 0 | M45: 0 | N45: 0 | O45: =SUM(C45:N45) -> 3
A46: 6 | B46: CILEGON | C46: 0 | D46: 0 | E46: 0 | F46: 0 | G46: 1 | H46: 0 | I46: 0 | J46: 0 | K46: 0 | L46: 0 | M46: 0 | N46: 0 | O46: =SUM(C46:N46) -> 1
A47: 7 | B47: JOMBANG | C47: 0 | D47: 0 | E47: 0 | F47: 0 | G47: 0 | H47: 0 | I47: 0 | J47: 0 | K47: 0 | L47: 0 | M47: 1 | N47: 0 | O47: =SUM(C47:N47) -> 1
A48: 8 | B48: CIBEBER | C48: 0 | D48: 0 | E48: 0 | F48: 2 | G48: 0 | H48: 1 | I48: 1 | J48: 2 | K48: 0 | L48: 0 | M48: 0 | N48: 0 | O48: =SUM(C48:N48) -> 6
A49: JUMLAH | C49: =SUM(C41:C48) -> 2 | D49: =SUM(D41:D48) -> 0 | E49: =SUM(E41:E48) -> 0 | F49: =SUM(F41:F48) -> 2 | G49: =SUM(G41:G48) -> 3 | H49: =SUM(H41:H48) -> 3 | I49: =SUM(I41:I48) -> 2 | J49: =SUM(J41:J48) -> 4 | ... O49: =SUM(O41:O48) -> 20
A68: DATA PRODUKSI UBI KAYU PER BULAN
A69: KOTA CILEGON TAHUN 2020
O71: (Ton)
A72: No | B72: Kecamatan | C72: Bulan | O72: Jumlah
C73: Jan | D73: Feb | E73: Maret | F73: Apr | G73: Mei | H73: Juni | I73: Juli | J73: Agst | K73: Sept | L73: Okt | M73: Nov | N73: Des
A74: 1 | B74: 2 | C74: 3 | D74: 4 | E74: 5 | F74: 6 | G74: 7 | H74: 8 | I74: 9 | J74: 10 | K74: 11 | L74: 12 | M74: 13 | N74: 14 | O74: 15
A75: 1 | B75: CIWANDAN | C75: 0 | D75: 0 | E75: 0 | F75: 0 | G75: 20.4 | H75: 0 | I75: 0 | J75: 28 | K75: 12 | L75: 0 | M75: 0 | N75: 0 | O75: =SUM(C75:N75) -> 60.4
A76: 2 | B76: CITANGKIL | C76: 25.6 | D76: 0 | E76: 0 | F76: 0 | G76: 0 | H76: 0 | I76: 0 | J76: 0 | K76: 0 | L76: 12.6 | M76: 0 | N76: 13.2 | O76: =SUM(C76:N76) -> 51.4
A77: 3 | B77: PULOMERAK | C77: 0 | D77: 0 | E77: 0 | F77: 0 | G77: 0 | H77: 0 | I77: 0 | J77: 0 | K77: 0 | L77: 0 | M77: 0 | N77: 0 | O77: =SUM(C77:N77) -> 0
A78: 4 | B78: PURWAKARTA | C78: 0 | D78: 0 | E78: 0 | F78: 0 | G78: 0 | H78: 0 | I78: 0 | J78: 0 | K78: 0 | L78: 0 | M78: 0 | N78: 0 | O78: =SUM(C78:N78) -> 0
A79: 5 | B79: GROGOL | C79: 0 | D79: 0 | E79: 0 | F79: 0 | G79: 0 | H79: 30 | I79: 15 | J79: 0 | K79: 0 | L79: 0 | M79: 0 | N79: 0 | O79: =SUM(C79:N79) -> 45
A80: 6 | B80: CILEGON | C80: 0 | D80: 0 | E80: 0 | F80: 0 | G80: 10 | H80: 0 | I80: 0 | J80: 0 | K80: 0 | L80: 0 | M80: 0 | N80: 0 | O80: =SUM(C80:N80) -> 10
A81: 7 | B81: JOMBANG | C81: 0 | D81: 0 | E81: 0 | F81: 0 | G81: 0 | H81: 0 | I81: 0 | J81: 0 | K81: 0 | L81: 0 | M81: 18 | N81: 0 | O81: =SUM(C81:N81) -> 18
A82: 8 | B82: CIBEBER | C82: 0 | D82: 0 | E82: 0 | F82: 22 | G82: 0 | H82: 12 | I82: 15 | J82: 30 | K82: 0 | L82: 0 | M82: 0 | N82: 0 | O82: =SUM(C82:N82) -> 79
A83: JUMLAH | C83: =SUM(C75:C82) -> 25.6 | D83: =SUM(D75:D82) -> 0 | E83: =SUM(E75:E82) -> 0 | F83: =SUM(F75:F82) -> 22 | G83: =SUM(G75:G82) -> 30.4 | H83: =SUM(H75:H82) -> 42 | I83: =SUM(I75:I82) -> 30 | J83: =SUM(J75:J82) -> 58 | ... O83: =SUM(O75:O82) -> 263.8
A96: DATA PRODUKTIVITAS UBI KAYU PER BULAN
A97: KOTA CILEGON TAHUN 2020
O99: (Ku/Ha)
A100: No | B100: Kecamatan | C100: Bulan | O100: Jumlah
C101: Jan | D101: Feb | E101: Maret | F101: Apr | G101: Mei | H101: Juni | I101: Juli | J101: Agst | K101: Sept | L101: Okt | M101: Nov | N101: Des
A102: 1 | B102: 2 | C102: 3 | D102: 4 | E102: 5 | F102: 6 | G102: 7 | H102: 8 | I102: 9 | J102: 10 | K102: 11 | L102: 12 | M102: 13 | N102: 14 | O102: 15
A103: 1 | B103: CIWANDAN | C103: 0 | D103: 0 | E103: 0 | F103: 0 | G103: 102.11 | H103: 0 | I103: 0 | J103: 140.21 | K103: 120.1 | L103: 0 | M103: 0 | N103: 0 | O103: =O75/O41*10 -> 120.8
A104: 2 | B104: CITANGKIL | C104: 128.02 | D104: 0 | E104: 0 | F104: 0 | G104: 0 | H104: 0 | I104: 0 | J104: 0 | K104: 0 | L104: 126.02 | M104: 0 | N104: 132 | O104: =(O76/O42)*10 -> 128.5
A105: 3 | B105: PULOMERAK | C105: 0 | D105: 0 | E105: 0 | F105: 0 | G105: 0 | H105: 0 | I105: 0 | J105: 0 | K105: 0 | L105: 0 | M105: 0 | N105: 0 | O105: 0
A106: 4 | B106: PURWAKARTA | C106: 0 | D106: 0 | E106: 0 | F106: 0 | G106: 0 | H106: 0 | I106: 0 | J106: 0 | K106: 0 | L106: 0 | M106: 0 | N106: 0 | O106: 0
A107: 5 | B107: GROGOL | C107: 0 | D107: 0 | E107: 0 | F107: 0 | G107: 0 | H107: 150.21 | I107: 150.21 | J107: 0 | K107: 0 | L107: 0 | M107: 0 | N107: 0 | O107: =(O79/O45)*10 -> 150
A108: 6 | B108: CILEGON | C108: 0 | D108: 0 | E108: 0 | F108: 0 | G108: 100.15 | H108: 0 | I108: 0 | J108: 0 | K108: 0 | L108: 0 | M108: 0 | N108: 0 | O108: =(O80/O46)*10 -> 100
A109: 7 | B109: JOMBANG | C109: 0 | D109: 0 | E109: 0 | F109: 0 | G109: 0 | H109: 0 | I109: 0 | J109: 0 | K109: 0 | L109: 0 | M109: 180 | N109: 0 | O109: =(O81/O47)*10 -> 180
A110: 8 | B110: CIBEBER | C110: 0 | D110: 0 | E110: 0 | F110: 110.12 | G110: 0 | H110: 120.22 | I110: 150.25 | J110: 150.11 | K110: 0 | L110: 0 | M110: 0 | N110: 0 | O110: =(O82/O48)*10 -> 131.66667
A111: JUMLAH | C111: =SUM(C103:C110) -> 128.02 | D111: =SUM(D103:D110) -> 0 | E111: =SUM(E103:E110) -> 0 | F111: =SUM(F103:F110) -> 110.12 | G111: =G83/G49*10 -> 101.33333 | H111: =H83/H49*10 -> 140 | I111: =I83/I49*10 -> 150 | J111: =J83/J49*10 -> 145 | K111: =SUM(K103:K110) -> 120.1 | L111: =SUM(L103:L110) -> 126.02 | M111: =M83/M49*10 -> 180 | N111: =N83/N49*10 -> 132 | O111: =O83/O49*10 -> 131.9
L114: Mengetahui,
L115: Kepala Dinas Ketahanan Pangan dan Pertanian
L116: Kota Cilegon
L120: Ir. Wawan Hermawan
L121: NIP. 19600110 198603 1 012

Sheet ubi jalar
A2: DATA LUAS TANAM UBI JALAR PER BULAN
A3: KOTA CILEGON TAHUN 2020
O5: (Ha)
A6: No | B6: Kecamatan | C6: Bulan | O6: Jumlah
C7: Jan | D7: Feb | E7: Maret | F7: Apr | G7: Mei | H7: Juni | I7: Juli | J7: Agst | K7: Sept | L7: Okt | M7: Nov | N7: Des
A8: 1 | B8: 2 | C8: 3 | D8: 4 | E8: 5 | F8: 6 | G8: 7 | H8: 8 | I8: 9 | J8: 10 | K8: 11 | L8: 12 | M8: 13 | N8: 14 | O8: 15
A9: 1 | B9: CIWANDAN | C9: 3 | D9: 3 | E9: 3 | F9: 0 | G9: 0 | H9: 1 | I9: 1 | J9: 0 | K9: 0 | L9: 5 | M9: 6 | N9: 0 | O9: =SUM(C9:N9) -> 22
A10: 2 | B10: CITANGKIL | C10: 0 | D10: 0 | E10: 1 | F10: 1 | G10: 0 | H10: 1 | I10: 1 | J10: 0 | K10: 0 | L10: 1 | M10: 1 | N10: 1 | O10: =SUM(C10:N10) -> 7
A11: 3 | B11: PULOMERAK | C11: 0 | D11: 0 | E11: 0 | F11: 0 | G11: 0 | H11: 0 | I11: 0 | J11: 0 | K11: 0 | L11: 0 | M11: 0 | N11: 0 | O11: =SUM(C11:N11) -> 0
A12: 4 | B12: PURWAKARTA | C12: 0 | D12: 0 | E12: 0 | F12: 0 | G12: 0 | H12: 0 | I12: 2 | J12: 0 | K12: 0 | L12: 0 | M12: 0 | N12: 0 | O12: =SUM(C12:N12) -> 2
A13: 5 | B13: GROGOL | C13: 0 | D13: 0 | E13: 0 | F13: 0 | G13: 0 | H13: 0 | I13: 0 | J13: 0 | K13: 0 | L13: 0 | M13: 0 | N13: 0 | O13: =SUM(C13:N13) -> 0
A14: 6 | B14: CILEGON | C14: 1 | D14: 1 | E14: 0 | F14: 0 | G14: 0 | H14: 0 | I14: 0 | J14: 0 | K14: 0 | L14: 0 | M14: 0 | N14: 0 | O14: =SUM(C14:N14) -> 2
A15: 7 | B15: JOMBANG | C15: 0 | D15: 0 | E15: 0 | F15: 0 | G15: 0 | H15: 0 | I15: 0 | J15: 0 | K15: 0 | L15: 0 | M15: 0 | N15: 0 | O15: =SUM(C15:N15) -> 0
A16: 8 | B16: CIBEBER | C16: 0 | D16: 0 | E16: 0 | F16: 1 | G16: 0 | H16: 0 | I16: 0 | J16: 0 | K16: 0 | L16: 0 | M16: 0 | N16: 0 | O16: =SUM(C16:N16) -> 1
A17: JUMLAH | C17: =SUM(C9:C16) -> 4 | D17: =SUM(D9:D16) -> 4 | E17: =SUM(E9:E16) -> 4 | F17: =SUM(F9:F16) -> 2 | G17: =SUM(G9:G16) -> 0 | H17: =SUM(H9:H16) -> 2 | I17: =SUM(I9:I16) -> 4 | J17: =SUM(J9:J16) -> 0 | ... O17: =SUM(O9:O16) -> 34
A35: DATA LUAS PANEN UBI JALAR PER BULAN
A36: KOTA CILEGON TAHUN 2020
O38: (Ha)
A39: No | B39: Kecamatan | C39: Bulan | O39: Jumlah
C40: Jan | D40: Feb | E40: Maret | F40: Apr | G40: Mei | H40: Juni | I40: Juli | J40: Agst | K40: Sept | L40: Okt | M40: Nov | N40: Des
A41: 1 | B41: 2 | C41: 3 | D41: 4 | E41: 5 | F41: 6 | G41: 7 | H41: 8 | I41: 9 | J41: 10 | K41: 11 | L41: 12 | M41: 13 | N41: 14 | O41: 15
A42: 1 | B42: CIWANDAN | C42: 0 | D42: 0 | E42: 0 | F42: 0 | G42: 9 | H42: 0 | I42: 0 | J42: 1 | K42: 0 | L42: 0 | M42: 0 | N42: 0 | O42: =SUM(C42:N42) -> 10
A43: 2 | B43: CITANGKIL | C43: 0 | D43: 0 | E43: 1 | F43: 1 | G43: 0 | H43: 0 | I43: 0 | J43: 1 | K43: 1 | L43: 0 | M43: 1 | N43: 0 | O43: =SUM(C43:N43) -> 5
A44: 3 | B44: PULOMERAK | C44: 0 | D44: 0 | E44: 0 | F44: 0 | G44: 0 | H44: 0 | I44: 0 | J44: 0 | K44: 0 | L44: 0 | M44: 0 | N44: 0 | O44: =SUM(C44:N44) -> 0
A45: 4 | B45: PURWAKARTA | C45: 0 | D45: 0 | E45: 0 | F45: 0 | G45: 0 | H45: 0 | I45: 0 | J45: 0 | K45: 0 | L45: 0 | M45: 0 | N45: 1 | O45: =SUM(C45:N45) -> 1
A46: 5 | B46: GROGOL | C46: 0 | D46: 0 | E46: 0 | F46: 0 | G46: 0 | H46: 0 | I46: 0 | J46: 0 | K46: 0 | L46: 0 | M46: 0 | N46: 0 | O46: =SUM(C46:N46) -> 0
A47: 6 | B47: CILEGON | C47: 0 | D47: 1 | E47: 0 | F47: 0 | G47: 1 | H47: 0 | I47: 0 | J47: 0 | K47: 0 | L47: 0 | M47: 0 | N47: 0 | O47: =SUM(C47:N47) -> 2
A48: 7 | B48: JOMBANG | C48: 0 | D48: 0 | E48: 0 | F48: 0 | G48: 0 | H48: 0 | I48: 0 | J48: 0 | K48: 0 | L48: 0 | M48: 0 | N48: 0 | O48: =SUM(C48:N48) -> 0
A49: 8 | B49: CIBEBER | C49: 0 | D49: 0 | E49: 1 | F49: 0 | G49: 0 | H49: 0 | I49: 1 | J49: 0 | K49: 0 | L49: 0 | M49: 0 | N49: 0 | O49: =SUM(C49:N49) -> 2
A50: JUMLAH | C50: =SUM(C42:C49) -> 0 | D50: =SUM(D42:D49) -> 1 | E50: =SUM(E42:E49) -> 2 | F50: =SUM(F42:F49) -> 1 | G50: =SUM(G42:G49) -> 10 | H50: =SUM(H42:H49) -> 0 | I50: =SUM(I42:I49) -> 1 | J50: =SUM(J42:J49) -> 2 | ... O50: =SUM(O42:O49) -> 20
A68: DATA PRODUKSI UBI JALAR PER BULAN
A69: KOTA CILEGON TAHUN 2020
O71: (Ton)
A72: No | B72: Kecamatan | C72: Bulan | O72: Jumlah
C73: Jan | D73: Feb | E73: Maret | F73: Apr | G73: Mei | H73: Juni | I73: Juli | J73: Agst | K73: Sept | L73: Okt | M73: Nov | N73: Des
A74: 1 | B74: 2 | C74: 3 | D74: 4 | E74: 5 | F74: 6 | G74: 7 | H74: 8 | I74: 9 | J74: 10 | K74: 11 | L74: 12 | M74: 13 | N74: 14 | O74: 15
A75: 1 | B75: CIWANDAN | C75: 0 | D75: 0 | E75: 0 | F75: 0 | G75: 86.7 | H75: 0 | I75: 0 | J75: 10 | K75: 0 | L75: 0 | M75: 0 | N75: 0 | O75: =SUM(C75:N75) -> 96.7
A76: 2 | B76: CITANGKIL | C76: 0 | D76: 0 | E76: 10.2 | F76: 10.4 | G76: 0 | H76: 0 | I76: 0 | J76: 10.1 | K76: 10.2 | L76: 0 | M76: 10.6 | N76: 0 | O76: =SUM(C76:N76) -> 51.5
A77: 3 | B77: PULOMERAK | C77: 0 | D77: 0 | E77: 0 | F77: 0 | G77: 0 | H77: 0 | I77: 0 | J77: 0 | K77: 0 | L77: 0 | M77: 0 | N77: 0 | O77: =SUM(C77:N77) -> 0
A78: 4 | B78: PURWAKARTA | C78: 0 | D78: 0 | E78: 0 | F78: 0 | G78: 0 | H78: 0 | I78: 0 | J78: 0 | K78: 0 | L78: 0 | M78: 0 | N78: 10.8 | O78: =SUM(C78:N78) -> 10.8
A79: 5 | B79: GROGOL | C79: 0 | D79: 0 | E79: 0 | F79: 0 | G79: 0 | H79: 0 | I79: 0 | J79: 0 | K79: 0 | L79: 0 | M79: 0 | N79: 0 | O79: =SUM(C79:N79) -> 0
A80: 6 | B80: CILEGON | C80: 0 | D80: 9.1 | E80: 0 | F80: 0 | G80: 9.5 | H80: 0 | I80: 0 | J80: 0 | K80: 0 | L80: 0 | M80: 0 | N80: 0 | O80: =SUM(C80:N80) -> 18.6
A81: 7 | B81: JOMBANG | C81: 0 | D81: 0 | E81: 0 | F81: 0 | G81: 0 | H81: 0 | I81: 0 | J81: 0 | K81: 0 | L81: 0 | M81: 0 | N81: 0 | O81: =SUM(C81:N81) -> 0
A82: 8 | B82: CIBEBER | C82: 0 | D82: 0 | E82: 10 | F82: 0 | G82: 0 | H82: 0 | I82: 9.1 | J82: 0 | K82: 0 | L82: 0 | M82: 0 | N82: 0 | O82: =SUM(C82:N82) -> 19.1
A83: JUMLAH | C83: =SUM(C75:C82) -> 0 | D83: =SUM(D75:D82) -> 9.1 | E83: =SUM(E75:E82) -> 20.2 | F83: =SUM(F75:F82) -> 10.4 | G83: =SUM(G75:G82) -> 96.2 | H83: =SUM(H75:H82) -> 0 | I83: =SUM(I75:I82) -> 9.1 | J83: =SUM(J75:J82) -> 20.1 | ... O83: =SUM(O75:O82) -> 196.7
A101: DATA PRODUKTIVITAS UBI JALAR PER BULAN
A102: KOTA CILEGON TAHUN 2020
O104: (Ku/Ha)
A105: No | B105: Kecamatan | C105: Bulan | O105: Jumlah
C106: Jan | D106: Feb | E106: Maret | F106: Apr | G106: Mei | H106: Juni | I106: Juli | J106: Agst | K106: Sept | L106: Okt | M106: Nov | N106: Des
A107: 1 | B107: 2 | C107: 3 | D107: 4 | E107: 5 | F107: 6 | G107: 7 | H107: 8 | I107: 9 | J107: 10 | K107: 11 | L107: 12 | M107: 13 | N107: 14 | O107: 15
A108: 1 | B108: CIWANDAN | C108: 0 | D108: 0 | E108: 0 | F108: 0 | G108: 96.33 | H108: 0 | I108: 0 | J108: 100.15 | K108: 0 | L108: 0 | M108: 0 | N108: 0 | O108: =O75/O42*10 -> 96.7
A109: 2 | B109: CITANGKIL | C109: 0 | D109: 0 | E109: 102.2 | F109: 104 | G109: 0 | H109: 0 | I109: 0 | J109: 101.41 | K109: 102.11 | L109: 0 | M109: 106 | N109: 0 | O109: =O76/O43*10 -> 103
A110: 3 | B110: PULOMERAK | C110: 0 | D110: 0 | E110: 0 | F110: 0 | G110: 0 | H110: 0 | I110: 0 | J110: 0 | K110: 0 | L110: 0 | M110: 0 | N110: 0 | O110: 0
A111: 4 | B111: PURWAKARTA | C111: 0 | D111: 0 | E111: 0 | F111: 0 | G111: 0 | H111: 0 | I111: 0 | J111: 0 | K111: 0 | L111: 0 | M111: 0 | N111: 108 | O111: =O78/O45*10 -> 108
A112: 5 | B112: GROGOL | C112: 0 | D112: 0 | E112: 0 | F112: 0 | G112: 0 | H112: 0 | I112: 0 | J112: 0 | K112: 0 | L112: 0 | M112: 0 | N112: 0 | O112: 0
A113: 6 | B113: CILEGON | C113: 0 | D113: 91.05 | E113: 0 | F113: 0 | G113: 95.21 | H113: 0 | I113: 0 | J113: 0 | K113: 0 | L113: 0 | M113: 0 | N113: 0 | O113: =O80/O47*10 -> 93
A114: 7 | B114: JOMBANG | C114: 0 | D114: 0 | E114: 0 | F114: 0 | G114: 0 | H114: 0 | I114: 0 | J114: 0 | K114: 0 | L114: 0 | M114: 0 | N114: 0 | O114: 0
A115: 8 | B115: CIBEBER | C115: 0 | D115: 0 | E115: 100.3 | F115: 0 | G115: 0 | H115: 0 | I115: 90.81 | J115: 0 | K115: 0 | L115: 0 | M115: 0 | N115: 0 | O115: =O82/O49*10 -> 95.5
A116: JUMLAH | C116: =SUM(C108:C115) -> 0 | D116: =SUM(D108:D115) -> 91.05 | E116: =E83/E50*10 -> 101 | F116: =F83/F50*10 -> 104 | G116: =G83/G50*10 -> 96.2 | H116: =SUM(H108:H115) -> 0 | I116: =SUM(I108:I115) -> 90.81 | J116: =J83/J50*10 -> 100.5 | K116: =SUM(K108:K115) -> 102.11 | L116: =SUM(L108:L115) -> 0 | M116: =M83/M50*10 -> 106 | N116: =N83/N50*10 -> 108 | O116: =O83/O50*10 -> 98.35
L119: Mengetahui,
L120: Kepala Dinas Ketahanan Pangan dan Pertanian
L121: Kota Cilegon
L125: Ir. Wawan Hermawan
L126: NIP. 19600110 198603 1 012

Sheet kc ijo
A2: DATA LUAS TANAM KACANG HIJAU PER BULAN
A3: KOTA CILEGON TAHUN 2020
O5: (Ha)
A6: No | B6: Kecamatan | C6: Bulan | O6: Jumlah
C7: Jan | D7: Feb | E7: Maret | F7: Apr | G7: Mei | H7: Juni | I7: Juli | J7: Agst | K7: Sept | L7: Okt | M7: Nov | N7: Des
A8: 1 | B8: 2 | C8: 3 | D8: 4 | E8: 5 | F8: 6 | G8: 7 | H8: 8 | I8: 9 | J8: 10 | K8: 11 | L8: 12 | M8: 13 | N8: 14 | O8: 15
A9: 1 | B9: CIWANDAN | C9: 1 | D9: 2 | E9: 3 | F9: 0 | G9: 0 | H9: 1 | I9: 0 | J9: 0 | K9: 0 | L9: 0 | M9: 0 | N9: 0 | O9: =SUM(C9:N9) -> 7
A10: 2 | B10: CITANGKIL | C10: 0 | D10: 0 | E10: 0 | F10: 0 | G10: 0 | H10: 0 | I10: 0 | J10: 0 | K10: 0 | L10: 0 | M10: 0 | N10: 0 | O10: =SUM(C10:N10) -> 0
A11: 3 | B11: PULOMERAK | C11: 0 | D11: 0 | E11: 0 | F11: 0 | G11: 0 | H11: 0 | I11: 0 | J11: 0 | K11: 0 | L11: 0 | M11: 0 | N11: 0 | O11: =SUM(C11:N11) -> 0
A12: 4 | B12: PURWAKARTA | C12: 0 | D12: 15 | E12: 0 | F12: 0 | G12: 0 | H12: 5 | I12: 0 | J12: 15 | K12: 0 | L12: 0 | M12: 0 | N12: 0 | O12: =SUM(C12:N12) -> 35
A13: 5 | B13: GROGOL | C13: 0 | D13: 0 | E13: 0 | F13: 0 | G13: 0 | H13: 0 | I13: 0 | J13: 0 | K13: 0 | L13: 0 | M13: 0 | N13: 0 | O13: =SUM(C13:N13) -> 0
A14: 6 | B14: CILEGON | C14: 0 | D14: 0 | E14: 0 | F14: 0 | G14: 0 | H14: 0 | I14: 0 | J14: 0 | K14: 0 | L14: 0 | M14: 0 | N14: 0 | O14: =SUM(C14:N14) -> 0
A15: 7 | B15: JOMBANG | C15: 0 | D15: 0 | E15: 0 | F15: 0 | G15: 0 | H15: 0 | I15: 0 | J15: 0 | K15: 0 | L15: 0 | M15: 0 | N15: 0 | O15: =SUM(C15:N15) -> 0
A16: 8 | B16: CIBEBER | C16: 0 | D16: 0 | E16: 0 | F16: 1 | G16: 0 | H16: 0 | I16: 0 | J16: 0 | K16: 0 | L16: 0 | M16: 0 | N16: 0 | O16: =SUM(C16:N16) -> 1
A17: JUMLAH | C17: =SUM(C9:C16) -> 1 | D17: =SUM(D9:D16) -> 17 | E17: =SUM(E9:E16) -> 3 | F17: =SUM(F9:F16) -> 1 | G17: =SUM(G9:G16) -> 0 | H17: =SUM(H9:H16) -> 6 | I17: =SUM(I9:I16) -> 0 | J17: =SUM(J9:J16) -> 15 | ... O17: =SUM(O9:O16) -> 43
A35: DATA LUAS PANEN KACANG HIJAU PER BULAN
A36: KOTA CILEGON TAHUN 2020
O38: (Ha)
A39: No | B39: Kecamatan | C39: Bulan | O39: Jumlah
C40: Jan | D40: Feb | E40: Maret | F40: Apr | G40: Mei | H40: Juni | I40: Juli | J40: Agst | K40: Sept | L40: Okt | M40: Nov | N40: Des
A41: 1 | B41: 2 | C41: 3 | D41: 4 | E41: 5 | F41: 6 | G41: 7 | H41: 8 | I41: 9 | J41: 10 | K41: 11 | L41: 12 | M41: 13 | N41: 14 | O41: 15
A42: 1 | B42: CIWANDAN | C42: 0 | D42: 0 | E42: 0 | F42: 1 | G42: 5 | H42: 0 | I42: 0 | J42: 0 | K42: 0 | L42: 0 | M42: 0 | N42: 0 | O42: =SUM(C42:N42) -> 6
A43: 2 | B43: CITANGKIL | C43: 0 | D43: 0 | E43: 1 | F43: 0 | G43: 0 | H43: 0 | I43: 0 | J43: 0 | K43: 0 | L43: 0 | M43: 0 | N43: 0 | O43: =SUM(C43:N43) -> 1
A44: 3 | B44: PULOMERAK | C44: 0 | D44: 0 | E44: 0 | F44: 0 | G44: 0 | H44: 0 | I44: 0 | J44: 0 | K44: 0 | L44: 0 | M44: 0 | N44: 0 | O44: =SUM(C44:N44) -> 0
A45: 4 | B45: PURWAKARTA | C45: 0 | D45: 0 | E45: 10 | F45: 0 | G45: 0 | H45: 10 | I45: 10 | J45: 0 | K45: 0 | L45: 0 | M45: 0 | N45: 5 | O45: =SUM(C45:N45) -> 35
A46: 5 | B46: GROGOL | C46: 0 | D46: 0 | E46: 0 | F46: 0 | G46: 0 | H46: 0 | I46: 0 | J46: 0 | K46: 0 | L46: 0 | M46: 0 | N46: 0 | O46: =SUM(C46:N46) -> 0
A47: 6 | B47: CILEGON | C47: 0 | D47: 0 | E47: 0 | F47: 0 | G47: 0 | H47: 0 | I47: 0 | J47: 0 | K47: 0 | L47: 0 | M47: 0 | N47: 0 | O47: =SUM(C47:N47) -> 0
A48: 7 | B48: JOMBANG | C48: 0 | D48: 0 | E48: 0 | F48: 0 | G48: 0 | H48: 0 | I48: 0 | J48: 0 | K48: 0 | L48: 0 | M48: 0 | N48: 0 | O48: =SUM(C48:N48) -> 0
A49: 8 | B49: CIBEBER | C49: 0 | D49: 1 | E49: 0 | F49: 0 | G49: 0 | H49: 1 | I49: 0 | J49: 0 | K49: 0 | L49: 0 | M49: 0 | N49: 0 | O49: =SUM(C49:N49) -> 2
A50: JUMLAH | C50: =SUM(C42:C49) -> 0 | D50: =SUM(D42:D49) -> 1 | E50: =SUM(E42:E49) -> 11 | F50: =SUM(F42:F49) -> 1 | G50: =SUM(G42:G49) -> 5 | H50: =SUM(H42:H49) -> 11 | I50: =SUM(I42:I49) -> 10 | J50: =SUM(J42:J49) -> 0 | ... O50: =SUM(O42:O49) -> 44
A68: DATA PRODUKSI KACANG HIJAU PER BULAN
A69: KOTA CILEGON TAHUN 2020
O71: (Ton)
A72: No | B72: Kecamatan | C72: Bulan | O72: Jumlah
C73: Jan | D73: Feb | E73: Maret | F73: Apr | G73: Mei | H73: Juni | I73: Juli | J73: Agst | K73: Sept | L73: Okt | M73: Nov | N73: Des
A74: 1 | B74: 2 | C74: 3 | D74: 4 | E74: 5 | F74: 6 | G74: 7 | H74: 8 | I74: 9 | J74: 10 | K74: 11 | L74: 12 | M74: 13 | N74: 14 | O74: 15
A75: 1 | B75: CIWANDAN | C75: 0 | D75: 0 | E75: 0 | F75: 0.8 | G75: 4 | H75: 0 | I75: 0 | J75: 0 | K75: 0 | L75: 0 | M75: 0 | N75: 0 | O75: =SUM(C75:N75) -> 4.8
A76: 2 | B76: CITANGKIL | C76: 0 | D76: 0 | E76: 0.9 | F76: 0 | G76: 0 | H76: 0 | I76: 0 | J76: 0 | K76: 0 | L76: 0 | M76: 0 | N76: 0 | O76: =SUM(C76:N76) -> 0.9
A77: 3 | B77: PULOMERAK | C77: 0 | D77: 0 | E77: 0 | F77: 0 | G77: 0 | H77: 0 | I77: 0 | J77: 0 | K77: 0 | L77: 0 | M77: 0 | N77: 0 | O77: =SUM(C77:N77) -> 0
A78: 4 | B78: PURWAKARTA | C78: 0 | D78: 0 | E78: 9 | F78: 0 | G78: 0 | H78: 8.2 | I78: 8.2 | J78: 0 | K78: 0 | L78: 0 | M78: 0 | N78: 4.5 | O78: =SUM(C78:N78) -> 29.9
A79: 5 | B79: GROGOL | C79: 0 | D79: 0 | E79: 0 | F79: 0 | G79: 0 | H79: 0 | I79: 0 | J79: 0 | K79: 0 | L79: 0 | M79: 0 | N79: 0 | O79: =SUM(C79:N79) -> 0
A80: 6 | B80: CILEGON | C80: 0 | D80: 0 | E80: 0 | F80: 0 | G80: 0 | H80: 0 | I80: 0 | J80: 0 | K80: 0 | L80: 0 | M80: 0 | N80: 0 | O80: =SUM(C80:N80) -> 0
A81: 7 | B81: JOMBANG | C81: 0 | D81: 0 | E81: 0 | F81: 0 | G81: 0 | H81: 0 | I81: 0 | J81: 0 | K81: 0 | L81: 0 | M81: 0 | N81: 0 | O81: =SUM(C81:N81) -> 0
A82: 8 | B82: CIBEBER | C82: 0 | D82: 0.8 | E82: 0 | F82: 0 | G82: 0 | H82: 0.8 | I82: 0 | J82: 0 | K82: 0 | L82: 0 | M82: 0 | N82: 0 | O82: =SUM(C82:N82) -> 1.6
A83: JUMLAH | C83: =SUM(C75:C82) -> 0 | D83: =SUM(D75:D82) -> 0.8 | E83: =SUM(E75:E82) -> 9.9 | F83: =SUM(F75:F82) -> 0.8 | G83: =SUM(G75:G82) -> 4 | H83: =SUM(H75:H82) -> 9 | I83: =SUM(I75:I82) -> 8.2 | J83: =SUM(J75:J82) -> 0 | ... O83: =SUM(O75:O82) -> 37.2
B85: Produksi Kacang Hijau dlm bentuk biji
A101: DATA PRODUKTIVITAS KACANG HIJAU PER BULAN
A102: KOTA CILEGON TAHUN 2020
O104: (Ku/Ha)
A105: No | B105: Kecamatan | C105: Bulan | O105: Jumlah
C106: Jan | D106: Feb | E106: Maret | F106: Apr | G106: Mei | H106: Juni | I106: Juli | J106: Agst | K106: Sept | L106: Okt | M106: Nov | N106: Des
A107: 1 | B107: 2 | C107: 3 | D107: 4 | E107: 5 | F107: 6 | G107: 7 | H107: 8 | I107: 9 | J107: 10 | K107: 11 | L107: 12 | M107: 13 | N107: 14 | O107: 15
A108: 1 | B108: CIWANDAN | C108: 0 | D108: 0 | E108: 0 | F108: 8.1 | G108: 8.03 | H108: 0 | I108: 0 | J108: 0 | K108: 0 | L108: 0 | M108: 0 | N108: 0 | O108: =O75/O42*10 -> 8
A109: 2 | B109: CITANGKIL | C109: 0 | D109: 0 | E109: 9.1 | F109: 0 | G109: 0 | H109: 0 | I109: 0 | J109: 0 | K109: 0 | L109: 0 | M109: 0 | N109: 0 | O109: =SUM(C109:N109) -> 9.1
A110: 3 | B110: PULOMERAK | C110: 0 | D110: 0 | E110: 0 | F110: 0 | G110: 0 | H110: 0 | I110: 0 | J110: 0 | K110: 0 | L110: 0 | M110: 0 | N110: 0 | O110: 0
A111: 4 | B111: PURWAKARTA | C111: 0 | D111: 0 | E111: 9.02 | F111: 0 | G111: 0 | H111: 8.25 | I111: 8.19 | J111: 0 | K111: 0 | L111: 0 | M111: 0 | N111: 9.11 | O111: =O78/O45*10 -> 8.5428571
A112: 5 | B112: GROGOL | C112: 0 | D112: 0 | E112: 0 | F112: 0 | G112: 0 | H112: 0 | I112: 0 | J112: 0 | K112: 0 | L112: 0 | M112: 0 | N112: 0 | O112: 0
A113: 6 | B113: CILEGON | C113: 0 | D113: 0 | E113: 0 | F113: 0 | G113: 0 | H113: 0 | I113: 0 | J113: 0 | K113: 0 | L113: 0 | M113: 0 | N113: 0 | O113: 0
A114: 7 | B114: JOMBANG | C114: 0 | D114: 0 | E114: 0 | F114: 0 | G114: 0 | H114: 0 | I114: 0 | J114: 0 | K114: 0 | L114: 0 | M114: 0 | N114: 0 | O114: 0
A115: 8 | B115: CIBEBER | C115: 0 | D115: 8 | E115: 0 | F115: 0 | G115: 0 | H115: 8.11 | I115: 0 | J115: 0 | K115: 0 | L115: 0 | M115: 0 | N115: 0 | O115: =O82/O49*10 -> 8 | R115: g
A116: JUMLAH | C116: =SUM(C108:C115) -> 0 | D116: =D83/D50*10 -> 8 | E116: =E83/E50*10 -> 9 | F116: =SUM(F108:F115) -> 8.1 | G116: =SUM(G108:G115) -> 8.03 | H116: =H83/H50*10 -> 8.1818182 | I116: =SUM(I108:I115) -> 8.19 | J116: =SUM(J108:J115) -> 0 | K116: =SUM(K108:K115) -> 0 | L116: =SUM(L108:L115) -> 0 | M116: =SUM(M108:M115) -> 0 | N116: =SUM(N108:N115) -> 9.11 | O116: =O83/O50*10 -> 8.4545455
L119: Mengetahui,
L120: Kepala Dinas Ketahanan Pangan dan Pertanian
L121: Kota Cilegon
L125: Ir. Wawan Hermawan
L126: NIP. 19600110 198603 1 012

Sheet talas
A2: DATA LUAS TANAM TALAS PER BULAN
A3: KOTA CILEGON TAHUN 2020
O5: (Ha)
A6: No | B6: Kecamatan | C6: Bulan | O6: Jumlah
C7: Jan | D7: Feb | E7: Maret | F7: Apr | G7: Mei | H7: Juni | I7: Juli | J7: Agst | K7: Sept | L7: Okt | M7: Nov | N7: Des
A8: 1 | B8: 2 | C8: 3 | D8: 4 | E8: 5 | F8: 6 | G8: 7 | H8: 8 | I8: 9 | J8: 10 | K8: 11 | L8: 12 | M8: 13 | N8: 14 | O8: 15 | Q8: ok-nop
A9: 1 | B9: CIWANDAN | C9: 0 | D9: 0 | E9: 0 | F9: 0 | G9: 0 | H9: 0 | I9: 0 | J9: 0 | K9: 0 | L9: 0 | M9: 0 | N9: 0 | O9: =SUM(C9:N9) -> 0 | Q9: =SUM(L9:M9) -> 0
A10: 2 | B10: CITANGKIL | C10: 0 | D10: 0 | E10: 0 | F10: 1 | G10: 0 | H10: 0 | I10: 0 | J10: 0 | K10: 0 | L10: 0 | M10: 0 | N10: 0 | O10: =SUM(C10:N10) -> 1 | Q10: =SUM(L10:M10) -> 0
A11: 3 | B11: PULOMERAK | C11: 0 | D11: 0 | E11: 0 | F11: 0 | G11: 0 | H11: 0 | I11: 0 | J11: 0 | K11: 0 | L11: 0 | M11: 0 | N11: 0 | O11: =SUM(C11:N11) -> 0 | Q11: =SUM(L11:M11) -> 0
A12: 4 | B12: PURWAKARTA | C12: 0 | D12: 0 | E12: 0 | F12: 0 | G12: 0 | H12: 0 | I12: 0 | J12: 0 | K12: 0 | L12: 0 | M12: 0 | N12: 0 | O12: =SUM(C12:N12) -> 0 | Q12: =SUM(L12:M12) -> 0
A13: 5 | B13: GROGOL | C13: 0 | D13: 0 | E13: 0 | F13: 0 | G13: 0 | H13: 0 | I13: 0 | J13: 0 | K13: 0 | L13: 0 | M13: 1 | N13: 0 | O13: =SUM(C13:N13) -> 1 | Q13: =SUM(L13:M13) -> 1
A14: 6 | B14: CILEGON | C14: 0 | D14: 0 | E14: 0 | F14: 0 | G14: 0 | H14: 0 | I14: 0 | J14: 0 | K14: 0 | L14: 0 | M14: 0 | N14: 0 | O14: =SUM(C14:N14) -> 0 | Q14: =SUM(L14:M14) -> 0
A15: 7 | B15: JOMBANG | C15: 0 | D15: 0 | E15: 0 | F15: 0 | G15: 0 | H15: 0 | I15: 0 | J15: 0 | K15: 0 | L15: 0 | M15: 0 | N15: 0 | O15: =SUM(C15:N15) -> 0 | Q15: =SUM(L15:M15) -> 0
A16: 8 | B16: CIBEBER | C16: 0 | D16: 0 | E16: 0 | F16: 0 | G16: 0 | H16: 0 | I16: 0 | J16: 0 | K16: 0 | L16: 0 | M16: 0 | N16: 0 | O16: =SUM(C16:N16) -> 0 | Q16: =SUM(L16:M16) -> 0
A17: JUMLAH | C17: =SUM(C9:C16) -> 0 | D17: =SUM(D9:D16) -> 0 | E17: =SUM(E9:E16) -> 0 | F17: =SUM(F9:F16) -> 1 | G17: =SUM(G9:G16) -> 0 | H17: =SUM(H9:H16) -> 0 | I17: =SUM(I9:I16) -> 0 | J17: =SUM(J9:J16) -> 0 | ... O17: =SUM(O9:O16) -> 2
A35: DATA LUAS PANEN TALAS PER BULAN
A36: KOTA CILEGON TAHUN 2020
O38: (Ha)
A39: No | B39: Kecamatan | C39: Bulan | O39: Jumlah
C40: Jan | D40: Feb | E40: Maret | F40: Apr | G40: Mei | H40: Juni | I40: Juli | J40: Agst | K40: Sept | L40: Okt | M40: Nov | N40: Des
A41: 1 | B41: 2 | C41: 3 | D41: 4 | E41: 5 | F41: 6 | G41: 7 | H41: 8 | I41: 9 | J41: 10 | K41: 11 | L41: 12 | M41: 13 | N41: 14 | O41: 15
A42: 1 | B42: CIWANDAN | C42: 0 | D42: 0 | E42: 0 | F42: 0 | G42: 0 | H42: 0 | I42: 0 | J42: 0 | K42: 0 | L42: 0 | M42: 0 | N42: 0 | O42: =SUM(C42:N42) -> 0 | Q42: =SUM(C42:E42) -> 0
A43: 2 | B43: CITANGKIL | C43: 0 | D43: 1 | E43: 0 | F43: 0 | G43: 0 | H43: 0 | I43: 0 | J43: 0 | K43: 0 | L43: 0 | M43: 0 | N43: 0 | O43: =SUM(C43:N43) -> 1 | Q43: =SUM(C43:E43) -> 1
A44: 3 | B44: PULOMERAK | C44: 0 | D44: 0 | E44: 0 | F44: 0 | G44: 0 | H44: 0 | I44: 0 | J44: 0 | K44: 0 | L44: 0 | M44: 0 | N44: 0 | O44: =SUM(C44:N44) -> 0 | Q44: =SUM(C44:E44) -> 0
A45: 4 | B45: PURWAKARTA | C45: 0 | D45: 0 | E45: 0 | F45: 0 | G45: 0 | H45: 0 | I45: 0 | J45: 0 | K45: 0 | L45: 0 | M45: 0 | N45: 0 | O45: =SUM(C45:N45) -> 0 | Q45: =SUM(C45:E45) -> 0
A46: 5 | B46: GROGOL | C46: 0 | D46: 0 | E46: 0 | F46: 0 | G46: 0 | H46: 0 | I46: 0 | J46: 0 | K46: 0 | L46: 0 | M46: 0 | N46: 0 | O46: =SUM(C46:N46) -> 0 | Q46: =SUM(C46:E46) -> 0
A47: 6 | B47: CILEGON | C47: 0 | D47: 0 | E47: 0 | F47: 0 | G47: 0 | H47: 0 | I47: 0 | J47: 0 | K47: 0 | L47: 0 | M47: 0 | N47: 0 | O47: =SUM(C47:N47) -> 0 | Q47: =SUM(C47:E47) -> 0
A48: 7 | B48: JOMBANG | C48: 0 | D48: 0 | E48: 0 | F48: 0 | G48: 0 | H48: 0 | I48: 0 | J48: 0 | K48: 0 | L48: 0 | M48: 0 | N48: 0 | O48: =SUM(C48:N48) -> 0 | Q48: =SUM(C48:E48) -> 0
A49: 8 | B49: CIBEBER | C49: 0 | D49: 0 | E49: 0 | F49: 0 | G49: 0 | H49: 0 | I49: 0 | J49: 0 | K49: 0 | L49: 0 | M49: 0 | N49: 0 | O49: =SUM(C49:N49) -> 0 | P49: 15 | Q49: =SUM(C49:E49) -> 0
A50: JUMLAH | C50: =SUM(C42:C49) -> 0 | D50: =SUM(D42:D49) -> 1 | E50: =SUM(E42:E49) -> 0 | F50: =SUM(F42:F49) -> 0 | G50: =SUM(G42:G49) -> 0 | H50: =SUM(H42:H49) -> 0 | I50: =SUM(I42:I49) -> 0 | J50: =SUM(J42:J49) -> 0 | ... P50: =SUM(P42:P49) -> 15
A68: DATA PRODUKSI TALAS PER BULAN
A69: KOTA CILEGON TAHUN 2020
O71: (Ton)
A72: No | B72: Kecamatan | C72: Bulan | O72: Jumlah
C73: Jan | D73: Feb | E73: Maret | F73: Apr | G73: Mei | H73: Juni | I73: Juli | J73: Agst | K73: Sept | L73: Okt | M73: Nov | N73: Des
A74: 1 | B74: 2 | C74: 3 | D74: 4 | E74: 5 | F74: 6 | G74: 7 | H74: 8 | I74: 9 | J74: 10 | K74: 11 | L74: 12 | M74: 13 | N74: 14 | O74: 15
A75: 1 | B75: CIWANDAN | C75: 0 | D75: 0 | E75: 0 | F75: 0 | G75: 0 | H75: 0 | I75: 0 | J75: 0 | K75: 0 | L75: 0 | M75: 0 | N75: 0 | O75: =SUM(C75:N75) -> 0 | Q75: =SUM(C75:E75) -> 0
A76: 2 | B76: CITANGKIL | C76: 0 | D76: 9.8 | E76: 0 | F76: 0 | G76: 0 | H76: 0 | I76: 0 | J76: 0 | K76: 0 | L76: 0 | M76: 0 | N76: 0 | O76: =SUM(C76:N76) -> 9.8 | Q76: =SUM(C76:E76) -> 9.8
A77: 3 | B77: PULOMERAK | C77: 0 | D77: 0 | E77: 0 | F77: 0 | G77: 0 | H77: 0 | I77: 0 | J77: 0 | K77: 0 | L77: 0 | M77: 0 | N77: 0 | O77: =SUM(C77:N77) -> 0 | Q77: =SUM(C77:E77) -> 0
A78: 4 | B78: PURWAKARTA | C78: 0 | D78: 0 | E78: 0 | F78: 0 | G78: 0 | H78: 0 | I78: 0 | J78: 0 | K78: 0 | L78: 0 | M78: 0 | N78: 0 | O78: =SUM(C78:N78) -> 0 | Q78: =SUM(C78:E78) -> 0
A79: 5 | B79: GROGOL | C79: 0 | D79: 0 | E79: 0 | F79: 0 | G79: 0 | H79: 0 | I79: 0 | J79: 0 | K79: 0 | L79: 0 | M79: 0 | N79: 0 | O79: =SUM(C79:N79) -> 0 | Q79: =SUM(C79:E79) -> 0
A80: 6 | B80: CILEGON | C80: 0 | D80: 0 | E80: 0 | F80: 0 | G80: 0 | H80: 0 | I80: 0 | J80: 0 | K80: 0 | L80: 0 | M80: 0 | N80: 0 | O80: =SUM(C80:N80) -> 0 | Q80: =SUM(C80:E80) -> 0
A81: 7 | B81: JOMBANG | C81: 0 | D81: 0 | E81: 0 | F81: 0 | G81: 0 | H81: 0 | I81: 0 | J81: 0 | K81: 0 | L81: 0 | M81: 0 | N81: 0 | O81: =SUM(C81:N81) -> 0 | Q81: =SUM(C81:E81) -> 0
A82: 8 | B82: CIBEBER | C82: 0 | D82: 0 | E82: 0 | F82: 0 | G82: 0 | H82: 0 | I82: 0 | J82: 0 | K82: 0 | L82: 0 | M82: 0 | N82: 0 | O82: =SUM(C82:N82) -> 0 | Q82: =SUM(C82:E82) -> 0
A83: JUMLAH | C83: =SUM(C75:C82) -> 0 | D83: =SUM(D75:D82) -> 9.8 | E83: =SUM(E75:E82) -> 0 | F83: =SUM(F75:F82) -> 0 | G83: =SUM(G75:G82) -> 0 | H83: =SUM(H75:H82) -> 0 | I83: =SUM(I75:I82) -> 0 | J83: =SUM(J75:J82) -> 0 | ... O83: =SUM(O75:O82) -> 9.8
A101: DATA PRODUKTIVITAS TALAS PER BULAN
A102: KOTA CILEGON TAHUN 2020
O104: (Ku/Ha)
A105: No | B105: Kecamatan | C105: Bulan | O105: Jumlah
C106: Jan | D106: Feb | E106: Maret | F106: Apr | G106: Mei | H106: Juni | I106: Juli | J106: Agst | K106: Sept | L106: Okt | M106: Nov | N106: Des
A107: 1 | B107: 2 | C107: 3 | D107: 4 | E107: 5 | F107: 6 | G107: 7 | H107: 8 | I107: 9 | J107: 10 | K107: 11 | L107: 12 | M107: 13 | N107: 14 | O107: 15
A108: 1 | B108: CIWANDAN | C108: 0 | D108: 0 | E108: 0 | F108: 0 | G108: 0 | H108: 0 | I108: 0 | J108: 0 | K108: 0 | L108: 0 | M108: 0 | N108: 0 | O108: 0
A109: 2 | B109: CITANGKIL | C109: 0 | D109: 98.02 | E109: 0 | F109: 0 | G109: 0 | H109: 0 | I109: 0 | J109: 0 | K109: 0 | L109: 0 | M109: 0 | N109: 0 | O109: =SUM(C109:N109) -> 98.02
A110: 3 | B110: PULOMERAK | C110: 0 | D110: 0 | E110: 0 | F110: 0 | G110: 0 | H110: 0 | I110: 0 | J110: 0 | K110: 0 | L110: 0 | M110: 0 | N110: 0 | O110: =SUM(C110:N110) -> 0
A111: 4 | B111: PURWAKARTA | C111: 0 | D111: 0 | E111: 0 | F111: 0 | G111: 0 | H111: 0 | I111: 0 | J111: 0 | K111: 0 | L111: 0 | M111: 0 | N111: 0 | O111: =SUM(C111:N111) -> 0
A112: 5 | B112: GROGOL | C112: 0 | D112: 0 | E112: 0 | F112: 0 | G112: 0 | H112: 0 | I112: 0 | J112: 0 | K112: 0 | L112: 0 | M112: 0 | N112: 0 | O112: =SUM(C112:N112) -> 0
A113: 6 | B113: CILEGON | C113: 0 | D113: 0 | E113: 0 | F113: 0 | G113: 0 | H113: 0 | I113: 0 | J113: 0 | K113: 0 | L113: 0 | M113: 0 | N113: 0 | O113: =SUM(C113:N113) -> 0
A114: 7 | B114: JOMBANG | C114: 0 | D114: 0 | E114: 0 | F114: 0 | G114: 0 | H114: 0 | I114: 0 | J114: 0 | K114: 0 | L114: 0 | M114: 0 | N114: 0 | O114: =SUM(C114:N114) -> 0
A115: 8 | B115: CIBEBER | C115: 0 | D115: 0 | E115: 0 | F115: 0 | G115: 0 | H115: 0 | I115: 0 | J115: 0 | K115: 0 | L115: 0 | M115: 0 | N115: 0 | O115: =SUM(C115:N115) -> 0
A116: JUMLAH | C116: 0 | D116: =SUM(D108:D115) -> 98.02 | E116: =SUM(E108:E115) -> 0 | F116: =SUM(F108:F115) -> 0 | G116: =SUM(G108:G115) -> 0 | H116: =SUM(H108:H115) -> 0 | I116: =SUM(I108:I115) -> 0 | J116: =SUM(J108:J115) -> 0 | K116: =SUM(K108:K115) -> 0 | ... O116: =SUM(O108:O115) -> 98.02
L119: Mengetahui,
L120: Kepala Dinas Ketahanan Pangan dan Pertanian
L121: Kota Cilegon
L125: Ir. Wawan Hermawan
L126: NIP. 19600110 198603 1 012

Sheet sorgum
A2: DATA LUAS TANAM SORGUM PER BULAN
A3: KOTA CILEGON TAHUN 2020
O5: (Ha)
A6: No | B6: Kecamatan | C6: Bulan | O6: Jumlah
C7: Jan | D7: Feb | E7: Maret | F7: Apr | G7: Mei | H7: Juni | I7: Juli | J7: Agst | K7: Sept | L7: Okt | M7: Nov | N7: Des
A8: 1 | B8: 2 | C8: 3 | D8: 4 | E8: 5 | F8: 6 | G8: 7 | H8: 8 | I8: 9 | J8: 10 | K8: 11 | L8: 12 | M8: 13 | N8: 14 | O8: 15 | Q8: ok-nop
A9: 1 | B9: CIWANDAN | C9: 0 | D9: 0 | E9: 0 | F9: 0 | G9: 0 | H9: 0 | I9: 0 | J9: 0 | K9: 0 | L9: 0 | M9: 0 | N9: 0 | O9: =SUM(C9:N9) -> 0 | Q9: =SUM(L9:M9) -> 0
A10: 2 | B10: CITANGKIL | C10: 0 | D10: 0 | E10: 0 | F10: 0 | G10: 0 | H10: 0 | I10: 0 | J10: 0 | K10: 0 | L10: 0 | M10: 0 | N10: 0 | O10: =SUM(C10:N10) -> 0 | Q10: =SUM(L10:M10) -> 0
A11: 3 | B11: PULOMERAK | C11: 0 | D11: 0 | E11: 0 | F11: 0 | G11: 0 | H11: 0 | I11: 0 | J11: 0 | K11: 0 | L11: 0 | M11: 0 | N11: 0 | O11: =SUM(C11:N11) -> 0 | Q11: =SUM(L11:M11) -> 0
A12: 4 | B12: PURWAKARTA | C12: 0 | D12: 0 | E12: 0 | F12: 0 | G12: 0 | H12: 0 | I12: 0 | J12: 0 | K12: 0 | L12: 0 | M12: 0 | N12: 0 | O12: =SUM(C12:N12) -> 0 | Q12: =SUM(L12:M12) -> 0
A13: 5 | B13: GROGOL | C13: 0 | D13: 0 | E13: 0 | F13: 0 | G13: 0 | H13: 0 | I13: 0 | J13: 0 | K13: 0 | L13: 0 | M13: 0 | N13: 0 | O13: =SUM(C13:N13) -> 0 | Q13: =SUM(L13:M13) -> 0
A14: 6 | B14: CILEGON | C14: 0 | D14: 0 | E14: 0 | F14: 0 | G14: 0 | H14: 0 | I14: 0 | J14: 0 | K14: 0 | L14: 0 | M14: 0 | N14: 0 | O14: =SUM(C14:N14) -> 0 | Q14: =SUM(L14:M14) -> 0
A15: 7 | B15: JOMBANG | C15: 0 | D15: 0 | E15: 0 | F15: 0 | G15: 0 | H15: 0 | I15: 0 | J15: 0 | K15: 0 | L15: 0 | M15: 0 | N15: 0 | O15: =SUM(C15:N15) -> 0 | Q15: =SUM(L15:M15) -> 0
A16: 8 | B16: CIBEBER | C16: 0 | D16: 0 | E16: 0 | F16: 0 | G16: 0 | H16: 0 | I16: 0 | J16: 0 | K16: 0 | L16: 0 | M16: 0 | N16: 0 | O16: =SUM(C16:N16) -> 0 | Q16: =SUM(L16:M16) -> 0
A17: JUMLAH | C17: =SUM(C9:C16) -> 0 | D17: =SUM(D9:D16) -> 0 | E17: =SUM(E9:E16) -> 0 | F17: =SUM(F9:F16) -> 0 | G17: =SUM(G9:G16) -> 0 | H17: =SUM(H9:H16) -> 0 | I17: =SUM(I9:I16) -> 0 | J17: =SUM(J9:J16) -> 0 | ... O17: =SUM(O9:O16) -> 0
A35: DATA LUAS PANEN SORGUM PER BULAN
A36: KOTA CILEGON TAHUN 2020
O38: (Ha)
A39: No | B39: Kecamatan | C39: Bulan | O39: Jumlah
C40: Jan | D40: Feb | E40: Maret | F40: Apr | G40: Mei | H40: Juni | I40: Juli | J40: Agst | K40: Sept | L40: Okt | M40: Nov | N40: Des
A41: 1 | B41: 2 | C41: 3 | D41: 4 | E41: 5 | F41: 6 | G41: 7 | H41: 8 | I41: 9 | J41: 10 | K41: 11 | L41: 12 | M41: 13 | N41: 14 | O41: 15
A42: 1 | B42: CIWANDAN | C42: 0 | D42: 0 | E42: 0 | F42: 0 | G42: 0 | H42: 0 | I42: 0 | J42: 0 | K42: 0 | L42: 0 | M42: 0 | N42: 0 | O42: =SUM(C42:N42) -> 0 | Q42: =SUM(C42:E42) -> 0
A43: 2 | B43: CITANGKIL | C43: 0 | D43: 0 | E43: 0 | F43: 0 | G43: 0 | H43: 0 | I43: 0 | J43: 0 | K43: 0 | L43: 0 | M43: 0 | N43: 0 | O43: =SUM(C43:N43) -> 0 | Q43: =SUM(C43:E43) -> 0
A44: 3 | B44: PULOMERAK | C44: 0 | D44: 0 | E44: 0 | F44: 0 | G44: 0 | H44: 0 | I44: 0 | J44: 0 | K44: 0 | L44: 0 | M44: 0 | N44: 0 | O44: =SUM(C44:N44) -> 0 | Q44: =SUM(C44:E44) -> 0
A45: 4 | B45: PURWAKARTA | C45: 0 | D45: 0 | E45: 0 | F45: 0 | G45: 0 | H45: 0 | I45: 0 | J45: 0 | K45: 0 | L45: 0 | M45: 0 | N45: 0 | O45: =SUM(C45:N45) -> 0 | Q45: =SUM(C45:E45) -> 0
A46: 5 | B46: GROGOL | C46: 0 | D46: 0 | E46: 0 | F46: 0 | G46: 0 | H46: 0 | I46: 0 | J46: 0 | K46: 0 | L46: 0 | M46: 0 | N46: 0 | O46: =SUM(C46:N46) -> 0 | Q46: =SUM(C46:E46) -> 0
A47: 6 | B47: CILEGON | C47: 0 | D47: 0 | E47: 0 | F47: 0 | G47: 0 | H47: 0 | I47: 0 | J47: 0 | K47: 0 | L47: 0 | M47: 0 | N47: 0 | O47: =SUM(C47:N47) -> 0 | Q47: =SUM(C47:E47) -> 0
A48: 7 | B48: JOMBANG | C48: 0 | D48: 0 | E48: 0 | F48: 0 | G48: 0 | H48: 0 | I48: 0 | J48: 0 | K48: 0 | L48: 0 | M48: 0 | N48: 0 | O48: =SUM(C48:N48) -> 0 | Q48: =SUM(C48:E48) -> 0
A49: 8 | B49: CIBEBER | C49: 0.5 | D49: 0 | E49: 0 | F49: 0 | G49: 0 | H49: 0 | I49: 0 | J49: 0 | K49: 0 | L49: 0 | M49: 0 | N49: 0 | O49: =SUM(C49:N49) -> 0.5 | P49: 15 | Q49: =SUM(C49:E49) -> 0.5
A50: JUMLAH | C50: =SUM(C42:C49) -> 0.5 | D50: =SUM(D42:D49) -> 0 | E50: =SUM(E42:E49) -> 0 | F50: =SUM(F42:F49) -> 0 | G50: =SUM(G42:G49) -> 0 | H50: =SUM(H42:H49) -> 0 | I50: =SUM(I42:I49) -> 0 | J50: =SUM(J42:J49) -> 0 | ... P50: =SUM(P42:P49) -> 15
A68: DATA PRODUKSI SORGUM PER BULAN
A69: KOTA CILEGON TAHUN 2020
O71: (Ton)
A72: No | B72: Kecamatan | C72: Bulan | O72: Jumlah
C73: Jan | D73: Feb | E73: Maret | F73: Apr | G73: Mei | H73: Juni | I73: Juli | J73: Agst | K73: Sept | L73: Okt | M73: Nov | N73: Des
A74: 1 | B74: 2 | C74: 3 | D74: 4 | E74: 5 | F74: 6 | G74: 7 | H74: 8 | I74: 9 | J74: 10 | K74: 11 | L74: 12 | M74: 13 | N74: 14 | O74: 15
A75: 1 | B75: CIWANDAN | C75: 0 | D75: 0 | E75: 0 | F75: 0 | G75: 0 | H75: 0 | I75: 0 | J75: 0 | K75: 0 | L75: 0 | M75: 0 | N75: 0 | O75: =SUM(C75:N75) -> 0 | Q75: =SUM(C75:E75) -> 0
A76: 2 | B76: CITANGKIL | C76: 0 | D76: 0 | E76: 0 | F76: 0 | G76: 0 | H76: 0 | I76: 0 | J76: 0 | K76: 0 | L76: 0 | M76: 0 | N76: 0 | O76: =SUM(C76:N76) -> 0 | Q76: =SUM(C76:E76) -> 0
A77: 3 | B77: PULOMERAK | C77: 0 | D77: 0 | E77: 0 | F77: 0 | G77: 0 | H77: 0 | I77: 0 | J77: 0 | K77: 0 | L77: 0 | M77: 0 | N77: 0 | O77: =SUM(C77:N77) -> 0 | Q77: =SUM(C77:E77) -> 0
A78: 4 | B78: PURWAKARTA | C78: 0 | D78: 0 | E78: 0 | F78: 0 | G78: 0 | H78: 0 | I78: 0 | J78: 0 | K78: 0 | L78: 0 | M78: 0 | N78: 0 | O78: =SUM(C78:N78) -> 0 | Q78: =SUM(C78:E78) -> 0
A79: 5 | B79: GROGOL | C79: 0 | D79: 0 | E79: 0 | F79: 0 | G79: 0 | H79: 0 | I79: 0 | J79: 0 | K79: 0 | L79: 0 | M79: 0 | N79: 0 | O79: =SUM(C79:N79) -> 0 | Q79: =SUM(C79:E79) -> 0
A80: 6 | B80: CILEGON | C80: 0 | D80: 0 | E80: 0 | F80: 0 | G80: 0 | H80: 0 | I80: 0 | J80: 0 | K80: 0 | L80: 0 | M80: 0 | N80: 0 | O80: =SUM(C80:N80) -> 0 | Q80: =SUM(C80:E80) -> 0
A81: 7 | B81: JOMBANG | C81: 0 | D81: 0 | E81: 0 | F81: 0 | G81: 0 | H81: 0 | I81: 0 | J81: 0 | K81: 0 | L81: 0 | M81: 0 | N81: 0 | O81: =SUM(C81:N81) -> 0 | Q81: =SUM(C81:E81) -> 0
A82: 8 | B82: CIBEBER | C82: 0.4 | D82: 0 | E82: 0 | F82: 0 | G82: 0 | H82: 0 | I82: 0 | J82: 0 | K82: 0 | L82: 0 | M82: 0 | N82: 0 | O82: =SUM(C82:N82) -> 0.4 | Q82: =SUM(C82:E82) -> 0.4
A83: JUMLAH | C83: =SUM(C75:C82) -> 0.4 | D83: =SUM(D75:D82) -> 0 | E83: =SUM(E75:E82) -> 0 | F83: =SUM(F75:F82) -> 0 | G83: =SUM(G75:G82) -> 0 | H83: =SUM(H75:H82) -> 0 | I83: =SUM(I75:I82) -> 0 | J83: =SUM(J75:J82) -> 0 | ... O83: =SUM(O75:O82) -> 0.4
A101: DATA PRODUKTIVITAS SORGUM PER BULAN
A102: KOTA CILEGON TAHUN 2020
O104: (Ku/Ha)
A105: No | B105: Kecamatan | C105: Bulan | O105: Jumlah
C106: Jan | D106: Feb | E106: Maret | F106: Apr | G106: Mei | H106: Juni | I106: Juli | J106: Agst | K106: Sept | L106: Okt | M106: Nov | N106: Des
A107: 1 | B107: 2 | C107: 3 | D107: 4 | E107: 5 | F107: 6 | G107: 7 | H107: 8 | I107: 9 | J107: 10 | K107: 11 | L107: 12 | M107: 13 | N107: 14 | O107: 15
A108: 1 | B108: CIWANDAN | C108: 0 | D108: 0 | E108: 0 | F108: 0 | G108: 0 | H108: 0 | I108: 0 | J108: 0 | K108: 0 | L108: 0 | M108: 0 | N108: 0 | O108: 0
A109: 2 | B109: CITANGKIL | C109: 0 | D109: 0 | E109: 0 | F109: 0 | G109: 0 | H109: 0 | I109: 0 | J109: 0 | K109: 0 | L109: 0 | M109: 0 | N109: 0 | O109: 0
A110: 3 | B110: PULOMERAK | C110: 0 | D110: 0 | E110: 0 | F110: 0 | G110: 0 | H110: 0 | I110: 0 | J110: 0 | K110: 0 | L110: 0 | M110: 0 | N110: 0 | O110: 0
A111: 4 | B111: PURWAKARTA | C111: 0 | D111: 0 | E111: 0 | F111: 0 | G111: 0 | H111: 0 | I111: 0 | J111: 0 | K111: 0 | L111: 0 | M111: 0 | N111: 0 | O111: 0
A112: 5 | B112: GROGOL | C112: 0 | D112: 0 | E112: 0 | F112: 0 | G112: 0 | H112: 0 | I112: 0 | J112: 0 | K112: 0 | L112: 0 | M112: 0 | N112: 0 | O112: 0
A113: 6 | B113: CILEGON | C113: 0 | D113: 0 | E113: 0 | F113: 0 | G113: 0 | H113: 0 | I113: 0 | J113: 0 | K113: 0 | L113: 0 | M113: 0 | N113: 0 | O113: 0
A114: 7 | B114: JOMBANG | C114: 0 | D114: 0 | E114: 0 | F114: 0 | G114: 0 | H114: 0 | I114: 0 | J114: 0 | K114: 0 | L114: 0 | M114: 0 | N114: 0 | O114: 0
A115: 8 | B115: CIBEBER | C115: 8 | D115: 0 | E115: 0 | F115: 0 | G115: 0 | H115: 0 | I115: 0 | J115: 0 | K115: 0 | L115: 0 | M115: 0 | N115: 0 | O115: 0
A116: JUMLAH | C116: 8 | D116: =SUM(D108:D115) -> 0 | E116: =SUM(E108:E115) -> 0 | F116: =SUM(F108:F115) -> 0 | G116: =SUM(G108:G115) -> 0 | H116: =SUM(H108:H115) -> 0 | I116: =SUM(I108:I115) -> 0 | J116: =SUM(J108:J115) -> 0 | K116: =SUM(K108:K115) -> 0 | ... O116: =SUM(O108:O115) -> 0
K119: Kepala Dinas Ketahanan Pangan dan Pertanian
K120: Kota Cilegon
K124: Ir. Wawan Hermawan, MM
K125: NIP. 19600110 198603 1 012

Sheet rekap
A1: REALISASI TANAM, PANEN, PRODUKSI DAN PRODUKTIVITAS PADI DAN PALAWIJA
A2: KOTA CILEGON 2020
A4: 1. PADI SAWAH
A5: No | B5: Kecamatan | C5: TANAM | D5: PANEN | E5: PRODUKSI | F5: PRODUKTIVITAS
C6: (Ha) | D6: (Ha) | E6: (Ton) | F6: (Ku/Ha)
A7: 1 | B7: 2 | C7: 3 | D7: 4 | E7: 5 | F7: 6
A8: 1 | B8: CIWANDAN | C8: ='padi sawah'!O9 -> 287 | D8: ='padi sawah'!O42 -> 275 | E8: ='padi sawah'!O75 -> 1544.3 | F8: ='padi sawah'!O108 -> 56.156364
A9: 2 | B9: CITANGKIL | C9: ='padi sawah'!O10 -> 417 | D9: ='padi sawah'!O43 -> 330 | E9: ='padi sawah'!O76 -> 2144.1 | F9: ='padi sawah'!O109 -> 64.972727
A10: 3 | B10: PULOMERAK | C10: ='padi sawah'!O11 -> 45 | D10: ='padi sawah'!O44 -> 35 | E10: ='padi sawah'!O77 -> 204.3 | F10: ='padi sawah'!O110 -> 58.371429
A11: 4 | B11: PURWAKARTA | C11: ='padi sawah'!O12 -> 320 | D11: ='padi sawah'!O45 -> 203 | E11: ='padi sawah'!O78 -> 1164.1 | F11: ='padi sawah'!O111 -> 57.344828
A12: 5 | B12: GROGOL | C12: ='padi sawah'!O13 -> 334 | D12: ='padi sawah'!O46 -> 177 | E12: ='padi sawah'!O79 -> 994.2 | F12: ='padi sawah'!O112 -> 56.169492
A13: 6 | B13: CILEGON | C13: ='padi sawah'!O14 -> 113 | D13: ='padi sawah'!O47 -> 98 | E13: ='padi sawah'!O80 -> 563.9 | F13: ='padi sawah'!O113 -> 57.540816
A14: 7 | B14: JOMBANG | C14: ='padi sawah'!O15 -> 671 | D14: ='padi sawah'!O48 -> 595 | E14: ='padi sawah'!O81 -> 3628.1 | F14: ='padi sawah'!O114 -> 60.976471
A15: 8 | B15: CIBEBER | C15: ='padi sawah'!O16 -> 485 | D15: ='padi sawah'!O49 -> 355 | E15: ='padi sawah'!O82 -> 2173.7 | F15: ='padi sawah'!O115 -> 61.230986
A16: JUMLAH | C16: =SUM(C8:C15) -> 2672 | D16: =SUM(D8:D15) -> 2068 | E16: =SUM(E8:E15) -> 12416.7 | F16: =E16/D16*10 -> 60.04207
A18: 2. PADI LADANG
A19: No | B19: Kecamatan | C19: TANAM | D19: PANEN | E19: PRODUKSI | F19: PRODUKTIVITAS
C20: (Ha) | D20: (Ha) | E20: (Ton) | F20: (Ku/Ha)
A21: 1 | B21: 2 | C21: 3 | D21: 4 | E21: 5 | F21: 6
A22: 1 | B22: CIWANDAN | C22: ='padi ladang'!O9 -> 0 | D22: ='padi ladang'!O42 -> 0 | E22: ='padi ladang'!O75 -> 0 | F22: ='padi ladang'!O108 -> 0
A23: 2 | B23: CITANGKIL | C23: ='padi ladang'!O10 -> 0 | D23: ='padi ladang'!O43 -> 0 | E23: ='padi ladang'!O76 -> 0 | F23: ='padi ladang'!O109 -> 0
A24: 3 | B24: PULOMERAK | C24: ='padi ladang'!O11 -> 0 | D24: ='padi ladang'!O44 -> 0 | E24: ='padi ladang'!O77 -> 0 | F24: ='padi ladang'!O110 -> 0
A25: 4 | B25: PURWAKARTA | C25: ='padi ladang'!O12 -> 0 | D25: ='padi ladang'!O45 -> 0 | E25: ='padi ladang'!O78 -> 0 | F25: ='padi ladang'!O111 -> 0
A26: 5 | B26: GROGOL | C26: ='padi ladang'!O13 -> 0 | D26: ='padi ladang'!O46 -> 0 | E26: ='padi ladang'!O79 -> 0 | F26: ='padi ladang'!O112 -> 0
A27: 6 | B27: CILEGON | C27: ='padi ladang'!O14 -> 0 | D27: ='padi ladang'!O47 -> 0 | E27: ='padi ladang'!O80 -> 0 | F27: ='padi ladang'!O113 -> 0
A28: 7 | B28: JOMBANG | C28: ='padi ladang'!O15 -> 0 | D28: ='padi ladang'!O48 -> 0 | E28: ='padi ladang'!O81 -> 0 | F28: ='padi ladang'!O114 -> 0
A29: 8 | B29: CIBEBER | C29: ='padi ladang'!O16 -> 2 | D29: ='padi ladang'!O49 -> 2 | E29: ='padi ladang'!O82 -> 11.2 | F29: ='padi ladang'!O115 -> 56.11
A30: JUMLAH | C30: =SUM(C22:C29) -> 2 | D30: =SUM(D22:D29) -> 2 | E30: =SUM(E22:E29) -> 11.2 | F30: 0
A32: 3. JAGUNG
A33: No | B33: Kecamatan | C33: TANAM | D33: PANEN | E33: PRODUKSI | F33: PRODUKTIVITAS
C34: (Ha) | D34: (Ha) | E34: (Ton) | F34: (Ku/Ha)
A35: 1 | B35: 2 | C35: 3 | D35: 4 | E35: 5 | F35: 6
A36: 1 | B36: CIWANDAN | C36: =jagung!O9 -> 12 | D36: =jagung!O42 -> 9 | E36: =jagung!O75 -> 26.1 | F36: =jagung!O108 -> 29
A37: 2 | B37: CITANGKIL | C37: =jagung!O10 -> 5 | D37: =jagung!O43 -> 4 | E37: =jagung!O76 -> 0 | F37: =jagung!O109 -> 0
A38: 3 | B38: PULOMERAK | C38: =jagung!O11 -> 0 | D38: =jagung!O44 -> 0 | E38: =jagung!O77 -> 0 | F38: =jagung!O110 -> 0
A39: 4 | B39: PURWAKARTA | C39: =jagung!O12 -> 7 | D39: =jagung!O45 -> 6 | E39: =jagung!O78 -> 7.9 | F39: =jagung!O111 -> 26.533333
A40: 5 | B40: GROGOL | C40: =jagung!O13 -> 0 | D40: =jagung!O46 -> 0 | E40: =jagung!O79 -> 0 | F40: =jagung!O112 -> 0
A41: 6 | B41: CILEGON | C41: =jagung!O14 -> 0.5 | D41: =jagung!O47 -> 0 | E41: =jagung!O80 -> 0 | F41: =jagung!O113 -> 0
A42: 7 | B42: JOMBANG | C42: =jagung!O15 -> 2 | D42: =jagung!O48 -> 1 | E42: =jagung!O81 -> 0 | F42: =jagung!O114 -> 0
A43: 8 | B43: CIBEBER | C43: =jagung!O16 -> 4 | D43: =jagung!O49 -> 3 | E43: =jagung!O82 -> 5.1 | F43: =jagung!O115 -> 25.635
A44: JUMLAH | C44: =SUM(C36:C43) -> 30.5 | D44: =SUM(D36:D43) -> 23 | E44: =SUM(E36:E43) -> 39.1 | F44: =jagung!O116 -> 27.056111
A53: 4. KEDELAI
A54: No | B54: Kecamatan | C54: TANAM | D54: PANEN | E54: PRODUKSI | F54: PRODUKTIVITAS
C55: (Ha) | D55: (Ha) | E55: (Ton) | F55: (Ku/Ha)
A56: 1 | B56: 2 | C56: 3 | D56: 4 | E56: 5 | F56: 6
A57: 1 | B57: CIWANDAN | C57: =kedelai!O9 -> 0 | D57: =kedelai!O42 -> 0 | E57: =kedelai!O75 -> 0 | F57: =kedelai!O108 -> 0
A58: 2 | B58: CITANGKIL | C58: =kedelai!O10 -> 0 | D58: =kedelai!O43 -> 0 | E58: =kedelai!O76 -> 0 | F58: =kedelai!O109 -> 0
A59: 3 | B59: PULOMERAK | C59: =kedelai!O11 -> 0 | D59: =kedelai!O44 -> 0 | E59: =kedelai!O77 -> 0 | F59: =kedelai!O110 -> 0
A60: 4 | B60: PURWAKARTA | C60: =kedelai!O12 -> 0 | D60: =kedelai!O45 -> 0 | E60: =kedelai!O78 -> 0 | F60: =kedelai!O111 -> 0
A61: 5 | B61: GROGOL | C61: =kedelai!O13 -> 0 | D61: =kedelai!O46 -> 0 | E61: =kedelai!O79 -> 0 | F61: =kedelai!O112 -> 0
A62: 6 | B62: CILEGON | C62: =kedelai!O14 -> 0 | D62: =kedelai!O47 -> 0 | E62: =kedelai!O80 -> 0 | F62: =kedelai!O113 -> 0
A63: 7 | B63: JOMBANG | C63: =kedelai!O15 -> 0 | D63: =kedelai!O48 -> 0 | E63: =kedelai!O81 -> 0 | F63: =kedelai!O114 -> 0
A64: 8 | B64: CIBEBER | C64: =kedelai!O16 -> 0 | D64: =kedelai!O49 -> 0 | E64: =kedelai!O82 -> 0 | F64: =kedelai!O115 -> 0
A65: JUMLAH | C65: =SUM(C57:C64) -> 0 | D65: =SUM(D57:D64) -> 0 | E65: =SUM(E57:E64) -> 0 | F65: =kedelai!O116 -> 0
A67: 5. KACANG TANAH
A68: No | B68: Kecamatan | C68: TANAM | D68: PANEN | E68: PRODUKSI | F68: PRODUKTIVITAS
C69: (Ha) | D69: (Ha) | E69: (Ton) | F69: (Ku/Ha)
A70: 1 | B70: 2 | C70: 3 | D70: 4 | E70: 5 | F70: 6
A71: 1 | B71: CIWANDAN | C71: ='kc tanah'!O9 -> 100 | D71: ='kc tanah'!O42 -> 100 | E71: ='kc tanah'!O75 -> 106.3 | F71: ='kc tanah'!O108 -> 10.63
A72: 2 | B72: CITANGKIL | C72: ='kc tanah'!O10 -> 343 | D72: ='kc tanah'!O43 -> 325 | E72: ='kc tanah'!O76 -> 397.8 | F72: ='kc tanah'!O109 -> 12.24
A73: 3 | B73: PULOMERAK | C73: ='kc tanah'!O11 -> 440 | D73: ='kc tanah'!O44 -> 440 | E73: ='kc tanah'!O77 -> 508.6 | F73: ='kc tanah'!O110 -> 11.559091
A74: 4 | B74: PURWAKARTA | C74: ='kc tanah'!O12 -> 99 | D74: ='kc tanah'!O45 -> 88 | E74: ='kc tanah'!O78 -> 110.3 | F74: ='kc tanah'!O111 -> 12.534091
A75: 5 | B75: GROGOL | C75: ='kc tanah'!O13 -> 87 | D75: ='kc tanah'!O46 -> 333 | E75: ='kc tanah'!O79 -> 371.9 | F75: ='kc tanah'!O112 -> 11.168168
A76: 6 | B76: CILEGON | C76: ='kc tanah'!O14 -> 393 | D76: ='kc tanah'!O47 -> 137 | E76: ='kc tanah'!O80 -> 166.7 | F76: ='kc tanah'!O113 -> 12.167883
A77: 7 | B77: JOMBANG | C77: ='kc tanah'!O15 -> 1 | D77: ='kc tanah'!O48 -> 2 | E77: ='kc tanah'!O81 -> 2.2 | F77: ='kc tanah'!O114 -> 11
A78: 8 | B78: CIBEBER | C78: ='kc tanah'!O16 -> 300 | D78: ='kc tanah'!O49 -> 298 | E78: ='kc tanah'!O82 -> 357 | F78: ='kc tanah'!O115 -> 11.979866
A79: JUMLAH | C79: =SUM(C71:C78) -> 1763 | D79: =SUM(D71:D78) -> 1723 | E79: =SUM(E71:E78) -> 2020.8 | F79: =E79/D79*10 -> 11.728381
A81: 6. UBI KAYU
A82: No | B82: Kecamatan | C82: TANAM | D82: PANEN | E82: PRODUKSI | F82: PRODUKTIVITAS
C83: (Ha) | D83: (Ha) | E83: (Ton) | F83: (Ku/Ha)
A84: 1 | B84: 2 | C84: 3 | D84: 4 | E84: 5 | F84: 6
A85: 1 | B85: CIWANDAN | C85: ='ubi kayu'!O9 -> 31 | D85: ='ubi kayu'!O41 -> 5 | E85: ='ubi kayu'!O75 -> 60.4 | F85: ='ubi kayu'!O103 -> 120.8
A86: 2 | B86: CITANGKIL | C86: ='ubi kayu'!O10 -> 5 | D86: ='ubi kayu'!O42 -> 4 | E86: ='ubi kayu'!O76 -> 51.4 | F86: ='ubi kayu'!O104 -> 128.5
A87: 3 | B87: PULOMERAK | C87: ='ubi kayu'!O11 -> 65 | D87: ='ubi kayu'!O43 -> 0 | E87: ='ubi kayu'!O77 -> 0 | F87: ='ubi kayu'!O105 -> 0
A88: 4 | B88: PURWAKARTA | C88: ='ubi kayu'!O12 -> 1 | D88: ='ubi kayu'!O44 -> 0 | E88: ='ubi kayu'!O78 -> 0 | F88: ='ubi kayu'!O106 -> 0
A89: 5 | B89: GROGOL | C89: ='ubi kayu'!O13 -> 0 | D89: ='ubi kayu'!O45 -> 3 | E89: ='ubi kayu'!O79 -> 45 | F89: ='ubi kayu'!O107 -> 150
A90: 6 | B90: CILEGON | C90: ='ubi kayu'!O14 -> 0 | D90: ='ubi kayu'!O46 -> 1 | E90: ='ubi kayu'!O80 -> 10 | F90: ='ubi kayu'!O108 -> 100
A91: 7 | B91: JOMBANG | C91: ='ubi kayu'!O15 -> 2 | D91: ='ubi kayu'!O47 -> 1 | E91: ='ubi kayu'!O81 -> 18 | F91: ='ubi kayu'!O109 -> 180
A92: 8 | B92: CIBEBER | C92: ='ubi kayu'!O16 -> 8 | D92: ='ubi kayu'!O48 -> 6 | E92: ='ubi kayu'!O82 -> 79 | F92: ='ubi kayu'!O110 -> 131.66667
A93: JUMLAH | C93: =SUM(C85:C92) -> 112 | D93: =SUM(D85:D92) -> 20 | E93: =SUM(E85:E92) -> 263.8 | F93: =E93/D93*10 -> 131.9
A104: 7. UBI JALAR
A105: No | B105: Kecamatan | C105: TANAM | D105: PANEN | E105: PRODUKSI | F105: PRODUKTIVITAS
C106: (Ha) | D106: (Ha) | E106: (Ton) | F106: (Ku/Ha)
A107: 1 | B107: 2 | C107: 3 | D107: 4 | E107: 5 | F107: 6
A108: 1 | B108: CIWANDAN | C108: ='ubi jalar'!O9 -> 22 | D108: ='ubi jalar'!O42 -> 10 | E108: ='ubi jalar'!O75 -> 96.7 | F108: ='ubi jalar'!O108 -> 96.7
A109: 2 | B109: CITANGKIL | C109: ='ubi jalar'!O10 -> 7 | D109: ='ubi jalar'!O43 -> 5 | E109: ='ubi jalar'!O76 -> 51.5 | F109: ='ubi jalar'!O109 -> 103
A110: 3 | B110: PULOMERAK | C110: ='ubi jalar'!O11 -> 0 | D110: ='ubi jalar'!O44 -> 0 | E110: ='ubi jalar'!O77 -> 0 | F110: 0
A111: 4 | B111: PURWAKARTA | C111: ='ubi jalar'!O12 -> 2 | D111: ='ubi jalar'!O45 -> 1 | E111: ='ubi jalar'!O78 -> 10.8 | F111: ='ubi jalar'!O111 -> 108
A112: 5 | B112: GROGOL | C112: ='ubi jalar'!O13 -> 0 | D112: ='ubi jalar'!O46 -> 0 | E112: ='ubi jalar'!O79 -> 0 | F112: ='ubi jalar'!O112 -> 0
A113: 6 | B113: CILEGON | C113: ='ubi jalar'!O14 -> 2 | D113: ='ubi jalar'!O47 -> 2 | E113: ='ubi jalar'!O80 -> 18.6 | F113: ='ubi jalar'!O113 -> 93
A114: 7 | B114: JOMBANG | C114: ='ubi jalar'!O15 -> 0 | D114: ='ubi jalar'!O48 -> 0 | E114: ='ubi jalar'!O81 -> 0 | F114: 0
A115: 8 | B115: CIBEBER | C115: ='ubi jalar'!O16 -> 1 | D115: ='ubi jalar'!O49 -> 2 | E115: ='ubi jalar'!O82 -> 19.1 | F115: 0
A116: JUMLAH | C116: =SUM(C108:C115) -> 34 | D116: =SUM(D108:D115) -> 20 | E116: =SUM(E108:E115) -> 196.7 | F116: =E116/D116*10 -> 98.35
A118: 8. KACANG HIJAU
A119: No | B119: Kecamatan | C119: TANAM | D119: PANEN | E119: PRODUKSI | F119: PRODUKTIVITAS
C120: (Ha) | D120: (Ha) | E120: (Ton) | F120: (Ku/Ha)
A121: 1 | B121: 2 | C121: 3 | D121: 4 | E121: 5 | F121: 6
A122: 1 | B122: CIWANDAN | C122: ='kc ijo'!O9 -> 7 | D122: ='kc ijo'!O42 -> 6 | E122: ='kc ijo'!O75 -> 4.8 | F122: ='kc ijo'!O108 -> 8
A123: 2 | B123: CITANGKIL | C123: ='kc ijo'!O10 -> 0 | D123: ='kc ijo'!O43 -> 1 | E123: ='kc ijo'!O76 -> 0.9 | F123: ='kc ijo'!O109 -> 9.1
A124: 3 | B124: PULOMERAK | C124: ='kc ijo'!O11 -> 0 | D124: ='kc ijo'!O44 -> 0 | E124: ='kc ijo'!O77 -> 0 | F124: ='kc ijo'!O110 -> 0
...

Sheet jag&kc
A1: REALISASI TANAM, PANEN, PRODUKSI DAN PRODUKTIVITAS PADI DAN PALAWIJA
A2: KOTA CILEGON 2019
A4: 1. JAGUNG
A5: No | B5: Kecamatan | C5: TANAM | D5: PANEN | E5: PRODUKSI | F5: PRODUKTIVITAS
C6: (Ha) | D6: (Ha) | E6: (Ton) | F6: (Ku/Ha)
A7: 1 | B7: 2 | C7: 3 | D7: 4 | E7: 5 | F7: 6
A8: 1 | B8: CIWANDAN | C8: 14 | D8: 20 | E8: 63.8 | F8: 31.9
A9: 2 | B9: CITANGKIL | C9: 7 | D9: 7 | E9: 18.8 | F9: 26.857143
A10: 3 | B10: PULOMERAK | C10: 5 | D10: 95 | E10: 324.5 | F10: 34.157895
A11: 4 | B11: PURWAKARTA | C11: 5 | D11: 10 | E11: 26.8 | F11: 26.8
A12: 5 | B12: GROGOL | C12: 15 | D12: 27 | E12: 79.1 | F12: 29.296296
A13: 6 | B13: CILEGON | C13: 5 | D13: 5 | E13: 12 | F13: 24
A14: 7 | B14: JOMBANG | C14: 0 | D14: 3 | E14: 7.7 | F14: 25.666667
A15: 8 | B15: CIBEBER | C15: 7 | D15: 21 | E15: 62 | F15: 29.52381
A16: JUMLAH | C16: 58 | D16: 188 | E16: 594.7 | F16: 31.632979
A18: 2. KACANG TANAH
A19: No | B19: Kecamatan | C19: TANAM | D19: PANEN | E19: PRODUKSI | F19: PRODUKTIVITAS
C20: (Ha) | D20: (Ha) | E20: (Ton) | F20: (Ku/Ha)
A21: 1 | B21: 2 | C21: 3 | D21: 4 | E21: 5 | F21: 6
A22: 1 | B22: CIWANDAN | C22: 76 | D22: 126 | E22: 159.5 | F22: 12.65873
A23: 2 | B23: CITANGKIL | C23: 318 | D23: 364 | E23: 474 | F23: 13.021978
A24: 3 | B24: PULOMERAK | C24: 280 | D24: 480 | E24: 600.9 | F24: 12.51875
A25: 4 | B25: PURWAKARTA | C25: 70 | D25: 85 | E25: 110.6 | F25: 13.011765
A26: 5 | B26: GROGOL | C26: 544 | D26: 551 | E26: 699.2 | F26: 12.689655
A27: 6 | B27: CILEGON | C27: 102 | D27: 118 | E27: 131.4 | F27: 11.135593
A28: 7 | B28: JOMBANG | C28: 3 | D28: 3 | E28: 3.4 | F28: 11.333333
A29: 8 | B29: CIBEBER | C29: 236 | D29: 250 | E29: 327.9 | F29: 13.116
A30: JUMLAH | C30: 1629 | D30: 1977 | E30: 2506.9 | F30: 12.680324
A32: REALISASI TANAM, PANEN, PRODUKSI DAN PRODUKTIVITAS PADI DAN PALAWIJA
A33: KOTA CILEGON 2020
A35: 1. JAGUNG
A36: No | B36: Kecamatan | C36: TANAM | D36: PANEN | E36: PRODUKSI | F36: PRODUKTIVITAS
C37: (Ha) | D37: (Ha) | E37: (Ton) | F37: (Ku/Ha)
A38: 1 | B38: 2 | C38: 3 | D38: 4 | E38: 5 | F38: 6
A39: 1 | B39: CIWANDAN | C39: =jagung!O9 -> 12 | D39: =jagung!O42 -> 9 | E39: =jagung!O75 -> 26.1 | F39: =jagung!O108 -> 29
A40: 2 | B40: CITANGKIL | C40: =jagung!O10 -> 5 | D40: =jagung!O43 -> 4 | E40: =jagung!O76 -> 0 | F40: =jagung!O109 -> 0
A41: 3 | B41: PULOMERAK | C41: =jagung!O11 -> 0 | D41: =jagung!O44 -> 0 | E41: =jagung!O77 -> 0 | F41: =jagung!O110 -> 0
A42: 4 | B42: PURWAKARTA | C42: =jagung!O12 -> 7 | D42: =jagung!O45 -> 6 | E42: =jagung!O78 -> 7.9 | F42: =jagung!O111 -> 26.533333
A43: 5 | B43: GROGOL | C43: =jagung!O13 -> 0 | D43: =jagung!O46 -> 0 | E43: =jagung!O79 -> 0 | F43: =jagung!O112 -> 0
A44: 6 | B44: CILEGON | C44: =jagung!O14 -> 0.5 | D44: =jagung!O47 -> 0 | E44: =jagung!O80 -> 0 | F44: =jagung!O113 -> 0
A45: 7 | B45: JOMBANG | C45: =jagung!O15 -> 2 | D45: =jagung!O48 -> 1 | E45: =jagung!O81 -> 0 | F45: =jagung!O114 -> 0
A46: 8 | B46: CIBEBER | C46: =jagung!O16 -> 4 | D46: =jagung!O49 -> 3 | E46: =jagung!O82 -> 5.1 | F46: =jagung!O115 -> 25.635
A47: JUMLAH | C47: =SUM(C39:C46) -> 30.5 | D47: =SUM(D39:D46) -> 23 | E47: =SUM(E39:E46) -> 39.1 | F47: =jagung!O116 -> 27.056111
A49: 2. KACANG TANAH
A50: No | B50: Kecamatan | C50: TANAM | D50: PANEN | E50: PRODUKSI | F50: PRODUKTIVITAS
C51: (Ha) | D51: (Ha) | E51: (Ton) | F51: (Ku/Ha)
A52: 1 | B52: 2 | C52: 3 | D52: 4 | E52: 5 | F52: 6
A53: 1 | B53: CIWANDAN | C53: ='kc tanah'!O9 -> 100 | D53: ='kc tanah'!O42 -> 100 | E53: ='kc tanah'!O75 -> 106.3 | F53: ='kc tanah'!O108 -> 10.63
A54: 2 | B54: CITANGKIL | C54: ='kc tanah'!O10 -> 343 | D54: ='kc tanah'!O43 -> 325 | E54: ='kc tanah'!O76 -> 397.8 | F54: ='kc tanah'!O109 -> 12.24
A55: 3 | B55: PULOMERAK | C55: ='kc tanah'!O11 -> 440 | D55: ='kc tanah'!O44 -> 440 | E55: ='kc tanah'!O77 -> 508.6 | F55: ='kc tanah'!O110 -> 11.559091
A56: 4 | B56: PURWAKARTA | C56: ='kc tanah'!O12 -> 99 | D56: ='kc tanah'!O45 -> 88 | E56: ='kc tanah'!O78 -> 110.3 | F56: ='kc tanah'!O111 -> 12.534091
A57: 5 | B57: GROGOL | C57: ='kc tanah'!O13 -> 87 | D57: ='kc tanah'!O46 -> 333 | E57: ='kc tanah'!O79 -> 371.9 | F57: ='kc tanah'!O112 -> 11.168168
A58: 6 | B58: CILEGON | C58: ='kc tanah'!O14 -> 393 | D58: ='kc tanah'!O47 -> 137 | E58: ='kc tanah'!O80 -> 166.7 | F58: ='kc tanah'!O113 -> 12.167883
A59: 7 | B59: JOMBANG | C59: ='kc tanah'!O15 -> 1 | D59: ='kc tanah'!O48 -> 2 | E59: ='kc tanah'!O81 -> 2.2 | F59: ='kc tanah'!O114 -> 11
A60: 8 | B60: CIBEBER | C60: ='kc tanah'!O16 -> 300 | D60: ='kc tanah'!O49 -> 298 | E60: ='kc tanah'!O82 -> 357 | F60: ='kc tanah'!O115 -> 11.979866
A61: JUMLAH | C61: =SUM(C53:C60) -> 1763 | D61: =SUM(D53:D60) -> 1723 | E61: =SUM(E53:E60) -> 2020.8 | F61: =E61/D61*10 -> 11.728381

Sheet okt-mar
A1: REALISASI TANAM PADI TOTAL (SAWAH+LADANG) OKTOBER 2019 S/D MARET 2020 DAN APRIL S/D SEPTEMBER 2020
A2: KOTA CILEGON
Q3: (Ha)
A4: No | B4: Kecamatan | C4: 2019 S/D 2020 | I4: Okt-Mar | J4: 2020 | P4: Apr-Sep | Q4: Jumlah
C5: Okt | D5: Nov | E5: Des | F5: Jan | G5: Peb | H5: Mar | J5: April | K5: Mei | L5: Juni | M5: Juli | N5: Agust | O5: Sep
A6: 1 | B6: 2 | C6: 3 | D6: 4 | E6: 5 | F6: 6 | G6: 7 | H6: 8 | I6: 9 | J6: 10 | K6: 11 | L6: 12 | M6: 13 | N6: 14 | O6: 15 | P6: 16 | Q6: 17 | T6: ok-mei
A7: 1 | B7: CIWANDAN | C7: =SUM(C23,C39) -> 0 | D7: =SUM(D23,D39) -> 0 | E7: =SUM(E23,E39) -> 0 | F7: =SUM(F23,F39) -> 70 | G7: =SUM(G23,G39) -> 75 | H7: =SUM(H23,H39) -> 65 | I7: =SUM(C7:H7) -> 210 | J7: =SUM(J23,J39) -> 15 | K7: =SUM(K23,K39) -> 0 | L7: =SUM(L23,L39) -> 45 | M7: =SUM(M23,M39) -> 5 | N7: =SUM(N23,N39) -> 0 | O7: =SUM(O23,O39) -> 7 | P7: =SUM(J7:O7) -> 72 | Q7: =SUM(I7,P7) -> 282 | S7: =SUM(K7:M7) -> 50 | T7: =SUM(C7:H7,J7:K7) -> 225 | U7: =T7-S7 -> 175 | V7: 450 | W7: =Q7/V7*100 -> 62.666667
A8: 2 | B8: CITANGKIL | C8: =SUM(C24,C40) -> 2 | D8: =SUM(D24,D40) -> 1 | E8: =SUM(E24,E40) -> 5 | F8: =SUM(F24,F40) -> 108 | G8: =SUM(G24,G40) -> 83 | H8: =SUM(H24,H40) -> 0 | I8: =SUM(C8:H8) -> 199 | J8: =SUM(J24,J40) -> 5 | K8: =SUM(K24,K40) -> 11 | L8: =SUM(L24,L40) -> 85 | M8: =SUM(M24,M40) -> 23 | N8: =SUM(N24,N40) -> 0 | O8: =SUM(O24,O40) -> 13 | P8: =SUM(J8:O8) -> 137 | Q8: =SUM(I8,P8) -> 336 | S8: =SUM(K8:M8) -> 119 | T8: =SUM(C8:H8,J8:K8) -> 215 | U8: =T8-S8 -> 96 | V8: 331 | W8: =Q8/V8*100 -> 101.51057
A9: 3 | B9: PULOMERAK | C9: =SUM(C25,C41) -> 0 | D9: =SUM(D25,D41) -> 0 | E9: =SUM(E25,E41) -> 0 | F9: =SUM(F25,F41) -> 25 | G9: =SUM(G25,G41) -> 0 | H9: =SUM(H25,H41) -> 0 | I9: =SUM(C9:H9) -> 25 | J9: =SUM(J25,J41) -> 0 | K9: =SUM(K25,K41) -> 10 | L9: =SUM(L25,L41) -> 0 | M9: =SUM(M25,M41) -> 0 | N9: =SUM(N25,N41) -> 0 | O9: =SUM(O25,O41) -> 0 | P9: =SUM(J9:O9) -> 10 | Q9: =SUM(I9,P9) -> 35 | S9: =SUM(K9:M9) -> 10 | T9: =SUM(C9:H9,J9:K9) -> 35 | U9: =T9-S9 -> 25 | V9: 36 | W9: =Q9/V9*100 -> 97.222222
A10: 4 | B10: PURWAKARTA | C10: =SUM(C26,C42) -> 0 | D10: =SUM(D26,D42) -> 0 | E10: =SUM(E26,E42) -> 2 | F10: =SUM(F26,F42) -> 182 | G10: =SUM(G26,G42) -> 0 | H10: =SUM(H26,H42) -> 0 | I10: =SUM(C10:H10) -> 184 | J10: =SUM(J26,J42) -> 3 | K10: =SUM(K26,K42) -> 10 | L10: =SUM(L26,L42) -> 0 | M10: =SUM(M26,M42) -> 5 | N10: =SUM(N26,N42) -> 0 | O10: =SUM(O26,O42) -> 1 | P10: =SUM(J10:O10) -> 19 | Q10: =SUM(I10,P10) -> 203 | S10: =SUM(K10:M10) -> 15 | T10: =SUM(C10:H10,J10:K10) -> 197 | U10: =T10-S10 -> 182 | V10: 286 | W10: =Q10/V10*100 -> 70.979021
A11: 5 | B11: GROGOL | C11: =SUM(C27,C43) -> 0 | D11: =SUM(D27,D43) -> 0 | E11: 0 | F11: =SUM(F27,F43) -> 162 | G11: =SUM(G27,G43) -> 0 | H11: =SUM(H27,H43) -> 0 | I11: =SUM(C11:H11) -> 162 | J11: =SUM(J27,J43) -> 0 | K11: =SUM(K27,K43) -> 0 | L11: =SUM(L27,L43) -> 15 | M11: =SUM(M27,M43) -> 0 | N11: =SUM(N27,N43) -> 0 | O11: =SUM(O27,O43) -> 0 | P11: =SUM(J11:O11) -> 15 | Q11: =SUM(I11,P11) -> 177 | S11: =SUM(K11:M11) -> 15 | T11: =SUM(C11:H11,J11:K11) -> 162 | U11: =T11-S11 -> 147 | V11: 235 | W11: =Q11/V11*100 -> 75.319149
A12: 6 | B12: CILEGON | C12: =SUM(C28,C44) -> 0 | D12: =SUM(D28,D44) -> 0 | E12: =SUM(E28,E44) -> 0 | F12: =SUM(F28,F44) -> 14 | G12: =SUM(G28,G44) -> 36 | H12: =SUM(H28,H44) -> 0 | I12: =SUM(C12:H12) -> 50 | J12: =SUM(J28,J44) -> 0 | K12: =SUM(K28,K44) -> 4 | L12: =SUM(L28,L44) -> 7 | M12: =SUM(M28,M44) -> 20 | N12: =SUM(N28,N44) -> 12 | O12: =SUM(O28,O44) -> 0 | P12: =SUM(J12:O12) -> 43 | Q12: =SUM(I12,P12) -> 93 | S12: =SUM(K12:M12) -> 31 | T12: =SUM(C12:H12,J12:K12) -> 54 | U12: =T12-S12 -> 23 | V12: 141 | W12: =Q12/V12*100 -> 65.957447
A13: 7 | B13: JOMBANG | C13: =SUM(C29,C45) -> 0 | D13: =SUM(D29,D45) -> 0 | E13: =SUM(E29,E45) -> 20 | F13: =SUM(F29,F45) -> 180 | G13: =SUM(G29,G45) -> 120 | H13: =SUM(H29,H45) -> 0 | I13: =SUM(C13:H13) -> 320 | J13: =SUM(J29,J45) -> 0 | K13: =SUM(K29,K45) -> 0 | L13: =SUM(L29,L45) -> 185 | M13: =SUM(M29,M45) -> 90 | N13: =SUM(N29,N45) -> 0 | O13: =SUM(O29,O45) -> 0 | P13: =SUM(J13:O13) -> 275 | Q13: =SUM(I13,P13) -> 595 | S13: =SUM(K13:M13) -> 275 | T13: =SUM(C13:H13,J13:K13) -> 320 | U13: =T13-S13 -> 45 | V13: 701 | W13: =Q13/V13*100 -> 84.878745
A14: 8 | B14: CIBEBER | C14: =SUM(C30,C46) -> 11 | D14: =SUM(D30,D46) -> 0 | E14: =SUM(E30,E46) -> 10 | F14: =SUM(F30,F46) -> 44 | G14: =SUM(G30,G46) -> 20 | H14: =SUM(H30,H46) -> 25 | I14: =SUM(C14:H14) -> 110 | J14: =SUM(J30,J46) -> 5 | K14: =SUM(K30,K46) -> 42 | L14: =SUM(L30,L46) -> 169 | M14: =SUM(M30,M46) -> 0 | N14: =SUM(N30,N46) -> 18 | O14: =SUM(O30,O46) -> 5 | P14: =SUM(J14:O14) -> 239 | Q14: =SUM(I14,P14) -> 349 | S14: =SUM(K14:M14) -> 211 | T14: =SUM(C14:H14,J14:K14) -> 157 | U14: =T14-S14 -> -54 | V14: 593 | W14: =Q14/V14*100 -> 58.853288
A15: JUMLAH | C15: =SUM(C7:C14) -> 13 | D15: =SUM(D7:D14) -> 1 | E15: =SUM(E7:E14) -> 37 | F15: =SUM(F7:F14) -> 785 | G15: =SUM(G7:G14) -> 334 | H15: =SUM(H7:H14) -> 90 | I15: =SUM(I7:I14) -> 1260 | J15: =SUM(J7:J14) -> 28 | ... Q15: =SUM(Q7:Q14) -> 2070 | S15: =SUM(S7:S14) -> 726 | T15: =SUM(T7:T14) -> 1365 | U15: =SUM(U7:U14) -> 639 | W15: =Q15/W16*100 -> 74.648395
K16: =96%*K15 -> 73.92 | L16: =96%*L15 -> 485.76 | M16: =96%*M15 -> 137.28 | W16: 2773
A17: REALISASI TANAM PADI SAWAH OKTOBER 2019 S/D MARET 2020 DAN APRIL S/D SEPTEMBER 2020 | S17: =Q15/'[1]TANAM 2019'!$Q$17*100 -> 92.658908
A18: KOTA CILEGON | W18: =4/173*100 -> 2.3121387
Q19: (Ha) | S19: =142.8/641*100 -> 22.277691
A20: No | B20: Kecamatan | C20: 2019 S/D 2020 | I20: Okt-Mar | J20: 2020 | P20: Apr-Sep | Q20: Jumlah
C21: Okt | D21: Nov | E21: Des | F21: Jan | G21: Peb | H21: Mar | J21: April | K21: Mei | L21: Juni | M21: Juli | N21: Agust | O21: Sep | T21: 1564 | U21: =T21-I15 -> 304
A22: 1 | B22: 2 | C22: 3 | D22: 4 | E22: 5 | F22: 6 | G22: 7 | H22: 8 | I22: 9 | J22: 10 | K22: 11 | L22: 12 | M22: 13 | N22: 14 | O22: 15 | P22: 16 | Q22: 17
A23: 1 | B23: CIWANDAN | C23: 0 | D23: 0 | E23: 0 | F23: ='padi sawah'!C9 -> 70 | G23: ='padi sawah'!D9 -> 75 | H23: ='padi sawah'!E9 -> 65 | I23: =SUM(C23:H23) -> 210 | J23: ='padi sawah'!F9 -> 15 | K23: ='padi sawah'!G9 -> 0 | L23: ='padi sawah'!H9 -> 45 | M23: ='padi sawah'!I9 -> 5 | N23: ='padi sawah'!J9 -> 0 | O23: ='padi sawah'!K9 -> 7 | P23: =SUM(J23:O23) -> 72 | Q23: =SUM(I23,P23) -> 282
A24: 2 | B24: CITANGKIL | C24: 2 | D24: 1 | E24: 5 | F24: ='padi sawah'!C10 -> 108 | G24: ='padi sawah'!D10 -> 83 | H24: ='padi sawah'!E10 -> 0 | I24: =SUM(C24:H24) -> 199 | J24: ='padi sawah'!F10 -> 5 | K24: ='padi sawah'!G10 -> 11 | L24: ='padi sawah'!H10 -> 85 | M24: ='padi sawah'!I10 -> 23 | N24: ='padi sawah'!J10 -> 0 | O24: ='padi sawah'!K10 -> 13 | P24: =SUM(J24:O24) -> 137 | Q24: =SUM(I24,P24) -> 336
A25: 3 | B25: PULOMERAK | C25: 0 | D25: 0 | E25: 0 | F25: ='padi sawah'!C11 -> 25 | G25: ='padi sawah'!D11 -> 0 | H25: ='padi sawah'!E11 -> 0 | I25: =SUM(C25:H25) -> 25 | J25: ='padi sawah'!F11 -> 0 | K25: ='padi sawah'!G11 -> 10 | L25: ='padi sawah'!H11 -> 0 | M25: ='padi sawah'!I11 -> 0 | N25: ='padi sawah'!J11 -> 0 | O25: ='padi sawah'!K11 -> 0 | P25: =SUM(J25:O25) -> 10 | Q25: =SUM(I25,P25) -> 35
A26: 4 | B26: PURWAKARTA | C26: 0 | D26: 0 | E26: 2 | F26: ='padi sawah'!C12 -> 182 | G26: ='padi sawah'!D12 -> 0 | H26: ='padi sawah'!E12 -> 0 | I26: =SUM(C26:H26) -> 184 | J26: ='padi sawah'!F12 -> 3 | K26: ='padi sawah'!G12 -> 10 | L26: ='padi sawah'!H12 -> 0 | M26: ='padi sawah'!I12 -> 5 | N26: ='padi sawah'!J12 -> 0 | O26: ='padi sawah'!K12 -> 1 | P26: =SUM(J26:O26) -> 19 | Q26: =SUM(I26,P26) -> 203
A27: 5 | B27: GROGOL | C27: 0 | D27: 0 | E27: 0 | F27: ='padi sawah'!C13 -> 162 | G27: ='padi sawah'!D13 -> 0 | H27: ='padi sawah'!E13 -> 0 | I27: =SUM(C27:H27) -> 162 | J27: ='padi sawah'!F13 -> 0 | K27: ='padi sawah'!G13 -> 0 | L27: ='padi sawah'!H13 -> 15 | M27: ='padi sawah'!I13 -> 0 | N27: ='padi sawah'!J13 -> 0 | O27: ='padi sawah'!K13 -> 0 | P27: =SUM(J27:O27) -> 15 | Q27: =SUM(I27,P27) -> 177
A28: 6 | B28: CILEGON | C28: 0 | D28: 0 | E28: 0 | F28: ='padi sawah'!C14 -> 14 | G28: ='padi sawah'!D14 -> 36 | H28: ='padi sawah'!E14 -> 0 | I28: =SUM(C28:H28) -> 50 | J28: ='padi sawah'!F14 -> 0 | K28: ='padi sawah'!G14 -> 4 | L28: ='padi sawah'!H14 -> 7 | M28: ='padi sawah'!I14 -> 20 | N28: ='padi sawah'!J14 -> 12 | O28: ='padi sawah'!K14 -> 0 | P28: =SUM(J28:O28) -> 43 | Q28: =SUM(I28,P28) -> 93
A29: 7 | B29: JOMBANG | C29: 0 | D29: 0 | E29: 20 | F29: ='padi sawah'!C15 -> 180 | G29: ='padi sawah'!D15 -> 120 | H29: ='padi sawah'!E15 -> 0 | I29: =SUM(C29:H29) -> 320 | J29: ='padi sawah'!F15 -> 0 | K29: ='padi sawah'!G15 -> 0 | L29: ='padi sawah'!H15 -> 185 | M29: ='padi sawah'!I15 -> 90 | N29: ='padi sawah'!J15 -> 0 | O29: ='padi sawah'!K15 -> 0 | P29: =SUM(J29:O29) -> 275 | Q29: =SUM(I29,P29) -> 595
A30: 8 | B30: CIBEBER | C30: 11 | D30: 0 | E30: 10 | F30: ='padi sawah'!C16 -> 44 | G30: ='padi sawah'!D16 -> 20 | H30: ='padi sawah'!E16 -> 25 | I30: =SUM(C30:H30) -> 110 | J30: ='padi sawah'!F16 -> 5 | K30: ='padi sawah'!G16 -> 42 | L30: ='padi sawah'!H16 -> 167 | M30: ='padi sawah'!I16 -> 0 | N30: ='padi sawah'!J16 -> 18 | O30: ='padi sawah'!K16 -> 5 | P30: =SUM(J30:O30) -> 237 | Q30: =SUM(I30,P30) -> 347
A31: JUMLAH | C31: =SUM(C23:C30) -> 13 | D31: =SUM(D23:D30) -> 1 | E31: =SUM(E23:E30) -> 37 | F31: =SUM(F23:F30) -> 785 | G31: =SUM(G23:G30) -> 334 | H31: =SUM(H23:H30) -> 90 | I31: =SUM(I23:I30) -> 1260 | J31: =SUM(J23:J30) -> 28 | ... Q31: =SUM(Q23:Q30) -> 2068
A33: REALISASI TANAM PADI LADANG OKTOBER 2019 S/D MARET 2020 DAN APRIL S/D SEPTEMBER 2020
A34: KOTA CILEGON
Q35: (Ha)
A36: No | B36: Kecamatan | C36: 2019 S/D 2020 | I36: Okt-Mar | J36: 2020 | P36: Apr-Sep | Q36: Jumlah
C37: Okt | D37: Nov | E37: Des | F37: Jan | G37: Peb | H37: Mar | J37: April | K37: Mei | L37: Juni | M37: Juli | N37: Agust | O37: Sep
A38: 1 | B38: 2 | C38: 3 | D38: 4 | E38: 5 | F38: 6 | G38: 7 | H38: 8 | I38: 9 | J38: 10 | K38: 11 | L38: 12 | M38: 13 | N38: 14 | O38: 15 | P38: 16 | Q38: 17
A39: 1 | B39: CIWANDAN | C39: 0 | D39: 0 | E39: 0 | F39: ='padi ladang'!C9 -> 0 | G39: ='padi ladang'!D9 -> 0 | H39: ='padi ladang'!E9 -> 0 | I39: =SUM(C39:H39) -> 0 | J39: ='padi ladang'!F9 -> 0 | K39: ='padi ladang'!G9 -> 0 | L39: ='padi ladang'!H9 -> 0 | M39: ='padi ladang'!I9 -> 0 | N39: ='padi ladang'!J9 -> 0 | O39: ='padi ladang'!K9 -> 0 | P39: =SUM(J39:O39) -> 0 | Q39: =SUM(I39,P39) -> 0
A40: 2 | B40: CITANGKIL | C40: 0 | D40: 0 | E40: 0 | F40: ='padi ladang'!C10 -> 0 | G40: ='padi ladang'!D10 -> 0 | H40: ='padi ladang'!E10 -> 0 | I40: =SUM(C40:H40) -> 0 | J40: ='padi ladang'!F10 -> 0 | K40: ='padi ladang'!G10 -> 0 | L40: ='padi ladang'!H10 -> 0 | M40: ='padi ladang'!I10 -> 0 | N40: ='padi ladang'!J10 -> 0 | O40: ='padi ladang'!K10 -> 0 | P40: =SUM(J40:O40) -> 0 | Q40: =SUM(I40,P40) -> 0
A41: 3 | B41: PULOMERAK | C41: 0 | D41: 0 | E41: 0 | F41: 0 | G41: ='padi ladang'!D11 -> 0 | H41: ='padi ladang'!E11 -> 0 | I41: =SUM(C41:H41) -> 0 | J41: ='padi ladang'!F11 -> 0 | K41: ='padi ladang'!G11 -> 0 | L41: ='padi ladang'!H11 -> 0 | M41: ='padi ladang'!I11 -> 0 | N41: ='padi ladang'!J11 -> 0 | O41: ='padi ladang'!K11 -> 0 | P41: =SUM(J41:O41) -> 0 | Q41: =SUM(I41,P41) -> 0
A42: 4 | B42: PURWAKARTA | C42: 0 | D42: 0 | E42: 0 | F42: ='padi ladang'!C12 -> 0 | G42: ='padi ladang'!D12 -> 0 | H42: ='padi ladang'!E12 -> 0 | I42: =SUM(C42:H42) -> 0 | J42: ='padi ladang'!F12 -> 0 | K42: ='padi ladang'!G12 -> 0 | L42: ='padi ladang'!H12 -> 0 | M42: ='padi ladang'!I12 -> 0 | N42: ='padi ladang'!J12 -> 0 | O42: ='padi ladang'!K12 -> 0 | P42: =SUM(J42:O42) -> 0 | Q42: =SUM(I42,P42) -> 0
A43: 5 | B43: GROGOL | C43: 0 | D43: 0 | E43: 0 | F43: ='padi ladang'!C13 -> 0 | G43: ='padi ladang'!D13 -> 0 | H43: ='padi ladang'!E13 -> 0 | I43: =SUM(C43:H43) -> 0 | J43: ='padi ladang'!F13 -> 0 | K43: ='padi ladang'!G13 -> 0 | L43: ='padi ladang'!H13 -> 0 | M43: ='padi ladang'!I13 -> 0 | N43: ='padi ladang'!J13 -> 0 | O43: ='padi ladang'!K13 -> 0 | P43: =SUM(J43:O43) -> 0 | Q43: =SUM(I43,P43) -> 0
A44: 6 | B44: CILEGON | C44: 0 | D44: 0 | E44: 0 | F44: ='padi ladang'!C14 -> 0 | G44: ='padi ladang'!D14 -> 0 | H44: ='padi ladang'!E14 -> 0 | I44: =SUM(C44:H44) -> 0 | J44: ='padi ladang'!F14 -> 0 | K44: ='padi ladang'!G14 -> 0 | L44: ='padi ladang'!H14 -> 0 | M44: ='padi ladang'!I14 -> 0 | N44: ='padi ladang'!J14 -> 0 | O44: ='padi ladang'!K14 -> 0 | P44: =SUM(J44:O44) -> 0 | Q44: =SUM(I44,P44) -> 0
A45: 7 | B45: JOMBANG | C45: 0 | D45: 0 | E45: 0 | F45: ='padi ladang'!C15 -> 0 | G45: ='padi ladang'!D15 -> 0 | H45: ='padi ladang'!E15 -> 0 | I45: =SUM(C45:H45) -> 0 | J45: ='padi ladang'!F15 -> 0 | K45: ='padi ladang'!G15 -> 0 | L45: ='padi ladang'!H15 -> 0 | M45: ='padi ladang'!I15 -> 0 | N45: ='padi ladang'!J15 -> 0 | O45: ='padi ladang'!K15 -> 0 | P45: =SUM(J45:O45) -> 0 | Q45: =SUM(I45,P45) -> 0
A46: 8 | B46: CIBEBER | C46: 0 | D46: 0 | E46: 0 | F46: ='padi ladang'!C16 -> 0 | G46: ='padi ladang'!D16 -> 0 | H46: ='padi ladang'!E16 -> 0 | I46: =SUM(C46:H46) -> 0 | J46: ='padi ladang'!F16 -> 0 | K46: ='padi ladang'!G16 -> 0 | L46: ='padi ladang'!H16 -> 2 | M46: ='padi ladang'!I16 -> 0 | N46: ='padi ladang'!J16 -> 0 | O46: ='padi ladang'!K16 -> 0 | P46: =SUM(J46:O46) -> 2 | Q46: =SUM(I46,P46) -> 2
A47: JUMLAH | C47: =SUM(C39:C46) -> 0 | D47: =SUM(D39:D46) -> 0 | E47: =SUM(E39:E46) -> 0 | F47: =SUM(F39:F46) -> 0 | G47: =SUM(G39:G46) -> 0 | H47: =SUM(H39:H46) -> 0 | I47: =SUM(I39:I46) -> 0 | J47: =SUM(J39:J46) -> 0 | ... Q47: =SUM(Q39:Q46) -> 2
A49: REALISASI TANAM JAGUNG OKTOBER 2019 S/D MARET 2020 DAN APRIL S/D SEPTEMBER 2020
A50: KOTA CILEGON
Q51: (Ha)
A52: No | B52: Kecamatan | C52: 2019 S/D 2020 | I52: Okt-Mar | J52: 2020 | P52: Apr-Sep | Q52: Jumlah
C53: Okt | D53: Nov | E53: Des | F53: Jan | G53: Peb | H53: Mar | J53: April | K53: Mei | L53: Juni | M53: Juli | N53: Agust | O53: Sep
A54: 1 | B54: 2 | C54: 3 | D54: 4 | E54: 5 | F54: 6 | G54: 7 | H54: 8 | I54: 9 | J54: 10 | K54: 11 | L54: 12 | M54: 13 | N54: 14 | O54: 15 | P54: 16 | Q54: 17
A55: 1 | B55: CIWANDAN | C55: 0 | D55: 6 | E55: 0 | F55: =jagung!C9 -> 6 | G55: =jagung!D9 -> 3 | H55: =jagung!E9 -> 0 | I55: =SUM(C55:H55) -> 15 | J55: =jagung!F9 -> 0 | K55: =jagung!G9 -> 0 | L55: =jagung!H9 -> 1 | M55: =jagung!I9 -> 0 | N55: =jagung!J9 -> 1 | O55: =jagung!K9 -> 0 | P55: =SUM(J55:O55) -> 2 | Q55: =SUM(I55,P55) -> 17
A56: 2 | B56: CITANGKIL | C56: 0 | D56: 0 | E56: 0 | F56: =jagung!C10 -> 0 | G56: =jagung!D10 -> 1 | H56: =jagung!E10 -> 0 | I56: =SUM(C56:H56) -> 1 | J56: =jagung!F10 -> 0 | K56: =jagung!G10 -> 1 | L56: =jagung!H10 -> 0 | M56: =jagung!I10 -> 0 | N56: =jagung!J10 -> 1 | O56: =jagung!K10 -> 0 | P56: =SUM(J56:O56) -> 2 | Q56: =SUM(I56,P56) -> 3
A57: 3 | B57: PULOMERAK | C57: 0 | D57: 40 | E57: 50 | F57: =jagung!C11 -> 0 | G57: =jagung!D11 -> 0 | H57: =jagung!E11 -> 0 | I57: =SUM(C57:H57) -> 90 | J57: =jagung!F11 -> 0 | K57: =jagung!G11 -> 0 | L57: =jagung!H11 -> 0 | M57: =jagung!I11 -> 0 | N57: =jagung!J11 -> 0 | O57: =jagung!K11 -> 0 | P57: =SUM(J57:O57) -> 0 | Q57: =SUM(I57,P57) -> 90
A58: 4 | B58: PURWAKARTA | C58: 1 | D58: 1 | E58: 0 | F58: =jagung!C12 -> 2 | G58: =jagung!D12 -> 1 | H58: =jagung!E12 -> 0 | I58: =SUM(C58:H58) -> 5 | J58: =jagung!F12 -> 2 | K58: =jagung!G12 -> 0 | L58: =jagung!H12 -> 0 | M58: =jagung!I12 -> 0 | N58: =jagung!J12 -> 2 | O58: =jagung!K12 -> 0 | P58: =SUM(J58:O58) -> 4 | Q58: =SUM(I58,P58) -> 9
A59: 5 | B59: GROGOL | C59: 12 | D59: 0 | E59: 0 | F59: =jagung!C13 -> 0 | G59: =jagung!D13 -> 0 | H59: =jagung!E13 -> 0 | I59: =SUM(C59:H59) -> 12 | J59: =jagung!F13 -> 0 | K59: =jagung!G13 -> 0 | L59: =jagung!H13 -> 0 | M59: =jagung!I13 -> 0 | N59: =jagung!J13 -> 0 | O59: =jagung!K13 -> 0 | P59: =SUM(J59:O59) -> 0 | Q59: =SUM(I59,P59) -> 12
A60: 6 | B60: CILEGON | C60: 0 | D60: 0 | E60: 0 | F60: =jagung!C14 -> 0 | G60: =jagung!D14 -> 0 | H60: =jagung!E14 -> 0 | I60: =SUM(C60:H60) -> 0 | J60: =jagung!F14 -> 0 | K60: =jagung!G14 -> 0 | L60: =jagung!H14 -> 0 | M60: =jagung!I14 -> 0 | N60: =jagung!J14 -> 0 | O60: =jagung!K14 -> 0 | P60: =SUM(J60:O60) -> 0 | Q60: =SUM(I60,P60) -> 0
A61: 7 | B61: JOMBANG | C61: 0 | D61: 3 | E61: 7 | F61: =jagung!C15 -> 0 | G61: =jagung!D15 -> 0 | H61: =jagung!E15 -> 0 | I61: =SUM(C61:H61) -> 10 | J61: =jagung!F15 -> 0 | K61: =jagung!G15 -> 0 | L61: =jagung!H15 -> 0 | M61: =jagung!I15 -> 0 | N61: =jagung!J15 -> 0 | O61: =jagung!K15 -> 1 | P61: =SUM(J61:O61) -> 1 | Q61: =SUM(I61,P61) -> 11
A62: 8 | B62: CIBEBER | C62: 0 | D62: 15 | E62: 0 | F62: =jagung!C16 -> 0 | G62: =jagung!D16 -> 0 | H62: =jagung!E16 -> 1 | I62: =SUM(C62:H62) -> 16 | J62: =jagung!F16 -> 1 | K62: =jagung!G16 -> 0 | L62: =jagung!H16 -> 0 | M62: =jagung!I16 -> 0 | N62: =jagung!J16 -> 0 | O62: =jagung!K16 -> 0 | P62: =SUM(J62:O62) -> 1 | Q62: =SUM(I62,P62) -> 17
A63: JUMLAH | C63: =SUM(C55:C62) -> 13 | D63: =SUM(D55:D62) -> 65 | E63: =SUM(E55:E62) -> 57 | F63: =SUM(F55:F62) -> 8 | G63: =SUM(G55:G62) -> 5 | H63: =SUM(H55:H62) -> 1 | I63: =SUM(I55:I62) -> 149 | J63: =SUM(J55:J62) -> 3 | ... Q63: =SUM(Q55:Q62) -> 159
A65: REALISASI TANAM KEDELAI OKTOBER 2019 S/D MARET 2020 DAN APRIL S/D SEPTEMBER 2020
A66: KOTA CILEGON
Q67: (Ha)
A68: No | B68: Kecamatan | C68: 2019 S/D 2020 | I68: Okt-Mar | J68: 2020 | P68: Apr-Sep | Q68: Jumlah
C69: Okt | D69: Nov | E69: Des | F69: Jan | G69: Peb | H69: Mar | J69: April | K69: Mei | L69: Juni | M69: Juli | N69: Agust | O69: Sep
A70: 1 | B70: 2 | C70: 3 | D70: 4 | E70: 5 | F70: 6 | G70: 7 | H70: 8 | I70: 9 | J70: 10 | K70: 11 | L70: 12 | M70: 13 | N70: 14 | O70: 15 | P70: 16 | Q70: 17
A71: 1 | B71: CIWANDAN | C71: 0 | D71: 0 | E71: 0 | F71: =kedelai!C9 -> 0 | G71: =kedelai!D9 -> 0 | H71: =kedelai!E9 -> 0 | I71: =SUM(C71:H71) -> 0 | J71: 0 | K71: 0 | L71: 0 | M71: =kedelai!J9 -> 0 | N71: =kedelai!K9 -> 0 | O71: =kedelai!L9 -> 0 | P71: =SUM(J71:O71) -> 0 | Q71: =SUM(I71,P71) -> 0
A72: 2 | B72: CITANGKIL | C72: 0 | D72: 0 | E72: 0 | F72: =kedelai!C10 -> 0 | G72: =kedelai!D10 -> 0 | H72: =kedelai!E10 -> 0 | I72: =SUM(C72:H72) -> 0 | J72: 0 | K72: 0 | L72: 0 | M72: =kedelai!J10 -> 0 | N72: =kedelai!K10 -> 0 | O72: =kedelai!L10 -> 0 | P72: =SUM(J72:O72) -> 0 | Q72: =SUM(I72,P72) -> 0
A73: 3 | B73: PULOMERAK | C73: 0 | D73: 0 | E73: 0 | F73: =kedelai!C11 -> 0 | G73: =kedelai!D11 -> 0 | H73: =kedelai!E11 -> 0 | I73: =SUM(C73:H73) -> 0 | J73: 0 | K73: 0 | L73: 0 | M73: =kedelai!J11 -> 0 | N73: =kedelai!K11 -> 0 | O73: =kedelai!L11 -> 0 | P73: =SUM(J73:O73) -> 0 | Q73: =SUM(I73,P73) -> 0
A74: 4 | B74: PURWAKARTA | C74: 1 | D74: 0 | E74: 0 | F74: =kedelai!C12 -> 0 | G74: =kedelai!D12 -> 0 | H74: =kedelai!E12 -> 0 | I74: =SUM(C74:H74) -> 1 | J74: 0 | K74: 0 | L74: 0 | M74: =kedelai!J12 -> 0 | N74: =kedelai!K12 -> 0 | O74: =kedelai!L12 -> 0 | P74: =SUM(J74:O74) -> 0 | Q74: =SUM(I74,P74) -> 1
A75: 5 | B75: GROGOL | C75: 0 | D75: 0 | E75: 0 | F75: =kedelai!C13 -> 0 | G75: =kedelai!D13 -> 0 | H75: =kedelai!E13 -> 0 | I75: =SUM(C75:H75) -> 0 | J75: 0 | K75: 0 | L75: 0 | M75: =kedelai!J13 -> 0 | N75: =kedelai!K13 -> 0 | O75: =kedelai!L13 -> 0 | P75: =SUM(J75:O75) -> 0 | Q75: =SUM(I75,P75) -> 0
A76: 6 | B76: CILEGON | C76: 0 | D76: 0 | E76: 0 | F76: =kedelai!C14 -> 0 | G76: =kedelai!D14 -> 0 | H76: =kedelai!E14 -> 0 | I76: =SUM(C76:H76) -> 0 | J76: 0 | K76: 0 | L76: 0 | M76: =kedelai!J14 -> 0 | N76: =kedelai!K14 -> 0 | O76: =kedelai!L14 -> 0 | P76: =SUM(J76:O76) -> 0 | Q76: =SUM(I76,P76) -> 0
A77: 7 | B77: JOMBANG | C77: 0 | D77: 0 | E77: 0 | F77: =kedelai!C15 -> 0 | G77: =kedelai!D15 -> 0 | H77: =kedelai!E15 -> 0 | I77: =SUM(C77:H77) -> 0 | J77: 0 | K77: 0 | L77: 0 | M77: =kedelai!J15 -> 0 | N77: =kedelai!K15 -> 0 | O77: =kedelai!L15 -> 0 | P77: =SUM(J77:O77) -> 0 | Q77: =SUM(I77,P77) -> 0
A78: 8 | B78: CIBEBER | C78: 0 | D78: 0 | E78: 0 | F78: =kedelai!C16 -> 0 | G78: =kedelai!D16 -> 0 | H78: =kedelai!E16 -> 0 | I78: =SUM(C78:H78) -> 0 | J78: 0 | K78: 0 | L78: 0 | M78: =kedelai!J16 -> 0 | N78: =kedelai!K16 -> 0 | O78: =kedelai!L16 -> 0 | P78: =SUM(J78:O78) -> 0 | Q78: =SUM(I78,P78) -> 0
A79: JUMLAH | C79: =SUM(C71:C78) -> 1 | D79: =SUM(D71:D78) -> 0 | E79: =SUM(E71:E78) -> 0 | F79: =SUM(F71:F78) -> 0 | G79: =SUM(G71:G78) -> 0 | H79: =SUM(H71:H78) -> 0 | I79: =SUM(I71:I78) -> 1 | J79: =SUM(J71:J78) -> 0 | ... Q79: =SUM(Q71:Q78) -> 1
A81: REALISASI TANAM KACANG TANAH OKTOBER 2019 S/D MARET 2020 DAN APRIL S/D SEPTEMBER 2020
A82: KOTA CILEGON
Q83: (Ha)
A84: No | B84: Kecamatan | C84: 2019 S/D 2020 | I84: Okt-Mar | J84: 2020 | P84: Apr-Sep | Q84: Jumlah
C85: Okt | D85: Nov | E85: Des | F85: Jan | G85: Peb | H85: Mar | J85: April | K85: Mei | L85: Juni | M85: Juli | N85: Agust | O85: Sep
A86: 1 | B86: 2 | C86: 3 | D86: 4 | E86: 5 | F86: 6 | G86: 7 | H86: 8 | I86: 9 | J86: 10 | K86: 11 | L86: 12 | M86: 13 | N86: 14 | O86: 15 | P86: 16 | Q86: 17
A87: 1 | B87: CIWANDAN | C87: 0 | D87: 30 | E87: 20 | F87: ='kc tanah'!C9 -> 60 | G87: ='kc tanah'!D9 -> 40 | H87: ='kc tanah'!E9 -> 0 | I87: =SUM(C87:H87) -> 150 | J87: ='kc tanah'!F9 -> 0 | K87: ='kc tanah'!G9 -> 0 | L87: ='kc tanah'!H9 -> 0 | M87: ='kc tanah'!I9 -> 0 | N87: ='kc tanah'!J9 -> 0 | O87: ='kc tanah'!K9 -> 0 | P87: =SUM(J87:O87) -> 0 | Q87: =SUM(I87,P87) -> 150
A88: 2 | B88: CITANGKIL | C88: 0 | D88: 15 | E88: 166 | F88: ='kc tanah'!C10 -> 45 | G88: ='kc tanah'!D10 -> 0 | H88: ='kc tanah'!E10 -> 110 | I88: =SUM(C88:H88) -> 336 | J88: ='kc tanah'!F10 -> 35 | K88: ='kc tanah'!G10 -> 0 | L88: ='kc tanah'!H10 -> 0 | M88: ='kc tanah'!I10 -> 0 | N88: ='kc tanah'!J10 -> 0 | O88: ='kc tanah'!K10 -> 0 | P88: =SUM(J88:O88) -> 35 | Q88: =SUM(I88,P88) -> 371
A89: 3 | B89: PULOMERAK | C89: 0 | D89: 50 | E89: 200 | F89: ='kc tanah'!C11 -> 80 | G89: ='kc tanah'!D11 -> 0 | H89: ='kc tanah'!E11 -> 0 | I89: =SUM(C89:H89) -> 330 | J89: ='kc tanah'!F11 -> 120 | K89: ='kc tanah'!G11 -> 0 | L89: ='kc tanah'!H11 -> 0 | M89: ='kc tanah'!I11 -> 80 | N89: ='kc tanah'!J11 -> 0 | O89: ='kc tanah'!K11 -> 0 | P89: =SUM(J89:O89) -> 200 | Q89: =SUM(I89,P89) -> 530
A90: 4 | B90: PURWAKARTA | C90: 0 | D90: 40 | E90: 0 | F90: ='kc tanah'!C12 -> 15 | G90: ='kc tanah'!D12 -> 0 | H90: ='kc tanah'!E12 -> 18 | I90: =SUM(C90:H90) -> 73 | J90: ='kc tanah'!F12 -> 10 | K90: ='kc tanah'!G12 -> 0 | L90: ='kc tanah'!H12 -> 25 | M90: ='kc tanah'!I12 -> 15 | N90: ='kc tanah'!J12 -> 5 | O90: ='kc tanah'!K12 -> 11 | P90: =SUM(J90:O90) -> 66 | Q90: =SUM(I90,P90) -> 139
A91: 5 | B91: GROGOL | C91: 0 | D91: 20 | E91: 258 | F91: ='kc tanah'!C13 -> 0 | G91: ='kc tanah'!D13 -> 0 | H91: ='kc tanah'!E13 -> 0 | I91: =SUM(C91:H91) -> 278 | J91: ='kc tanah'!F13 -> 62 | K91: ='kc tanah'!G13 -> 0 | L91: ='kc tanah'!H13 -> 0 | M91: ='kc tanah'!I13 -> 0 | N91: ='kc tanah'!J13 -> 0 | O91: ='kc tanah'!K13 -> 0 | P91: =SUM(J91:O91) -> 62 | Q91: =SUM(I91,P91) -> 340
A92: 6 | B92: CILEGON | C92: 1 | D92: 43 | E92: 17 | F92: ='kc tanah'!C14 -> 25 | G92: ='kc tanah'!D14 -> 0 | H92: ='kc tanah'!E14 -> 40 | I92: =SUM(C92:H92) -> 126 | J92: ='kc tanah'!F14 -> 25 | K92: ='kc tanah'!G14 -> 0 | L92: ='kc tanah'!H14 -> 0 | M92: ='kc tanah'!I14 -> 2 | N92: ='kc tanah'!J14 -> 0 | O92: ='kc tanah'!K14 -> 0 | P92: =SUM(J92:O92) -> 27 | Q92: =SUM(I92,P92) -> 153
A93: 7 | B93: JOMBANG | C93: 0 | D93: 0 | E93: 1 | F93: ='kc tanah'!C15 -> 0 | G93: ='kc tanah'!D15 -> 0 | H93: ='kc tanah'!E15 -> 0 | I93: =SUM(C93:H93) -> 1 | J93: ='kc tanah'!F15 -> 1 | K93: ='kc tanah'!G15 -> 0 | L93: ='kc tanah'!H15 -> 0 | M93: ='kc tanah'!I15 -> 0 | N93: ='kc tanah'!J15 -> 0 | O93: ='kc tanah'!K15 -> 0 | P93: =SUM(J93:O93) -> 1 | Q93: =SUM(I93,P93) -> 2
A94: 8 | B94: CIBEBER | C94: 2 | D94: 110 | E94: 37 | F94: ='kc tanah'!C16 -> 10 | G94: ='kc tanah'!D16 -> 0 | H94: ='kc tanah'!E16 -> 25 | I94: =SUM(C94:H94) -> 184 | J94: ='kc tanah'!F16 -> 120 | K94: ='kc tanah'!G16 -> 0 | L94: ='kc tanah'!H16 -> 0 | M94: ='kc tanah'!I16 -> 0 | N94: ='kc tanah'!J16 -> 0 | O94: ='kc tanah'!K16 -> 0 | P94: =SUM(J94:O94) -> 120 | Q94: =SUM(I94,P94) -> 304
A95: JUMLAH | C95: =SUM(C87:C94) -> 3 | D95: =SUM(D87:D94) -> 308 | E95: =SUM(E87:E94) -> 699 | F95: =SUM(F87:F94) -> 235 | G95: =SUM(G87:G94) -> 40 | H95: =SUM(H87:H94) -> 193 | I95: =SUM(I87:I94) -> 1478 | J95: =SUM(J87:J94) -> 373 | ... Q95: =SUM(Q87:Q94) -> 1989
A97: REALISASI TANAM UBI KAYU OKTOBER 2019 S/D MARET 2020 DAN APRIL S/D SEPTEMBER 2020
A98: KOTA CILEGON
Q99: (Ha)
A100: No | B100: Kecamatan | C100: 2019 S/D 2020 | I100: Okt-Mar | J100: 2020 | P100: Apr-Sep | Q100: Jumlah
C101: Okt | D101: Nov | E101: Des | F101: Jan | G101: Peb | H101: Mar | J101: April | K101: Mei | L101: Juni | M101: Juli | N101: Agust | O101: Sep
A102: 1 | B102: 2 | C102: 3 | D102: 4 | E102: 5 | F102: 6 | G102: 7 | H102: 8 | I102: 9 | J102: 10 | K102: 11 | L102: 12 | M102: 13 | N102: 14 | O102: 15 | P102: 16 | Q102: 17
A103: 1 | B103: CIWANDAN | C103: 0 | D103: 0 | E103: 10 | F103: ='ubi kayu'!C9 -> 6 | G103: ='ubi kayu'!D9 -> 3 | H103: ='ubi kayu'!E9 -> 0 | I103: =SUM(C103:H103) -> 19 | J103: ='ubi kayu'!F9 -> 0 | K103: ='ubi kayu'!G9 -> 0 | L103: ='ubi kayu'!H9 -> 2 | M103: ='ubi kayu'!I9 -> 0 | N103: ='ubi kayu'!J9 -> 0 | O103: ='ubi kayu'!K9 -> 0 | P103: =SUM(J103:O103) -> 2 | Q103: =SUM(I103,P103) -> 21
A104: 2 | B104: CITANGKIL | C104: 0 | D104: 0 | E104: 1 | F104: ='ubi kayu'!C10 -> 1 | G104: ='ubi kayu'!D10 -> 1 | H104: ='ubi kayu'!E10 -> 0 | I104: =SUM(C104:H104) -> 3 | J104: ='ubi kayu'!F10 -> 1 | K104: ='ubi kayu'!G10 -> 0 | L104: ='ubi kayu'!H10 -> 0 | M104: ='ubi kayu'!I10 -> 0 | N104: ='ubi kayu'!J10 -> 0 | O104: ='ubi kayu'!K10 -> 0 | P104: =SUM(J104:O104) -> 1 | Q104: =SUM(I104,P104) -> 4
A105: 3 | B105: PULOMERAK | C105: 0 | D105: 2 | E105: 5 | F105: ='ubi kayu'!C11 -> 15 | G105: ='ubi kayu'!D11 -> 20 | H105: ='ubi kayu'!E11 -> 0 | I105: =SUM(C105:H105) -> 42 | J105: ='ubi kayu'!F11 -> 10 | K105: ='ubi kayu'!G11 -> 0 | L105: ='ubi kayu'!H11 -> 10 | M105: ='ubi kayu'!I11 -> 0 | N105: ='ubi kayu'!J11 -> 0 | O105: ='ubi kayu'!K11 -> 0 | P105: =SUM(J105:O105) -> 20 | Q105: =SUM(I105,P105) -> 62
...

Sheet okt-mar'19-20
A1: REALISASI TANAM PADI TOTAL (SAWAH+LADANG) OKTOBER 2019 S/D MARET 2020 DAN APRIL S/D SEPTEMBER 2020
A2: KOTA CILEGON
Q3: (Ha)
A4: No | B4: Kecamatan | C4: 2019/2020 | I4: Okt-Mar | J4: 2020 | P4: Apr-Sep | Q4: Jumlah
C5: Okt | D5: Nov | E5: Des | F5: Jan | G5: Peb | H5: Mar | J5: April | K5: Mei | L5: Juni | M5: Juli | N5: Agust | O5: Sep
A6: 1 | B6: 2 | C6: 3 | D6: 4 | E6: 5 | F6: 6 | G6: 7 | H6: 8 | I6: 9 | J6: 10 | K6: 11 | L6: 12 | M6: 13 | N6: 14 | O6: 15 | P6: 16 | Q6: 17 | T6: ok-mei
A7: 1 | B7: CIWANDAN | C7: =SUM(C23,C39) -> 0 | D7: =SUM(D23,D39) -> 0 | E7: =SUM(E23,E39) -> 0 | F7: =SUM(F23,F39) -> 67.3 | G7: =SUM(G23,G39) -> 72.1 | H7: =SUM(H23,H39) -> 62.5 | I7: =SUM(C7:H7) -> 201.9 | J7: =SUM(J23,J39) -> 14.4 | K7: =SUM(K23,K39) -> 0 | L7: =SUM(L23,L39) -> 0 | M7: =SUM(M23,M39) -> 0 | N7: =SUM(N23,N39) -> 0 | O7: =SUM(O23,O39) -> 0 | P7: =SUM(J7:O7) -> 14.4 | Q7: =SUM(I7,P7) -> 216.3 | S7: =SUM(K7:M7) -> 0 | T7: =SUM(C7:H7,J7:K7) -> 216.3 | U7: =T7-S7 -> 216.3 | V7: 450 | W7: =Q7/V7*100 -> 48.066667
A8: 2 | B8: CITANGKIL | C8: =SUM(C24,C40) -> 1.9 | D8: =SUM(D24,D40) -> 1 | E8: =SUM(E24,E40) -> 4.8 | F8: =SUM(F24,F40) -> 103.9 | G8: =SUM(G24,G40) -> 79.8 | H8: =SUM(H24,H40) -> 0 | I8: =SUM(C8:H8) -> 191.4 | J8: =SUM(J24,J40) -> 4.8 | K8: =SUM(K24,K40) -> 0 | L8: =SUM(L24,L40) -> 0 | M8: =SUM(M24,M40) -> 0 | N8: =SUM(N24,N40) -> 0 | O8: =SUM(O24,O40) -> 0 | P8: =SUM(J8:O8) -> 4.8 | Q8: =SUM(I8,P8) -> 196.2 | S8: =SUM(K8:M8) -> 0 | T8: =SUM(C8:H8,J8:K8) -> 196.2 | U8: =T8-S8 -> 196.2 | V8: 331 | W8: =Q8/V8*100 -> 59.274924
A9: 3 | B9: PULOMERAK | C9: =SUM(C25,C41) -> 0 | D9: =SUM(D25,D41) -> 0 | E9: =SUM(E25,E41) -> 0 | F9: =SUM(F25,F41) -> 24 | G9: =SUM(G25,G41) -> 0 | H9: =SUM(H25,H41) -> 0 | I9: =SUM(C9:H9) -> 24 | J9: =SUM(J25,J41) -> 0 | K9: =SUM(K25,K41) -> 0 | L9: =SUM(L25,L41) -> 0 | M9: =SUM(M25,M41) -> 0 | N9: =SUM(N25,N41) -> 0 | O9: =SUM(O25,O41) -> 0 | P9: =SUM(J9:O9) -> 0 | Q9: =SUM(I9,P9) -> 24 | S9: =SUM(K9:M9) -> 0 | T9: =SUM(C9:H9,J9:K9) -> 24 | U9: =T9-S9 -> 24 | V9: 36 | W9: =Q9/V9*100 -> 66.666667
A10: 4 | B10: PURWAKARTA | C10: =SUM(C26,C42) -> 0 | D10: =SUM(D26,D42) -> 0 | E10: =SUM(E26,E42) -> 1.9 | F10: =SUM(F26,F42) -> 175.1 | G10: =SUM(G26,G42) -> 0 | H10: =SUM(H26,H42) -> 0 | I10: =SUM(C10:H10) -> 177 | J10: =SUM(J26,J42) -> 2.9 | K10: =SUM(K26,K42) -> 0 | L10: =SUM(L26,L42) -> 0 | M10: =SUM(M26,M42) -> 0 | N10: =SUM(N26,N42) -> 0 | O10: =SUM(O26,O42) -> 0 | P10: =SUM(J10:O10) -> 2.9 | Q10: =SUM(I10,P10) -> 179.9 | S10: =SUM(K10:M10) -> 0 | T10: =SUM(C10:H10,J10:K10) -> 179.9 | U10: =T10-S10 -> 179.9 | V10: 286 | W10: =Q10/V10*100 -> 62.902098
A11: 5 | B11: GROGOL | C11: =SUM(C27,C43) -> 0 | D11: =SUM(D27,D43) -> 0 | E11: 0 | F11: =SUM(F27,F43) -> 155.8 | G11: =SUM(G27,G43) -> 0 | H11: =SUM(H27,H43) -> 0 | I11: =SUM(C11:H11) -> 155.8 | J11: =SUM(J27,J43) -> 0 | K11: =SUM(K27,K43) -> 0 | L11: =SUM(L27,L43) -> 0 | M11: =SUM(M27,M43) -> 0 | N11: =SUM(N27,N43) -> 0 | O11: =SUM(O27,O43) -> 0 | P11: =SUM(J11:O11) -> 0 | Q11: =SUM(I11,P11) -> 155.8 | S11: =SUM(K11:M11) -> 0 | T11: =SUM(C11:H11,J11:K11) -> 155.8 | U11: =T11-S11 -> 155.8 | V11: 235 | W11: =Q11/V11*100 -> 66.297872
A12: 6 | B12: CILEGON | C12: =SUM(C28,C44) -> 0 | D12: =SUM(D28,D44) -> 0 | E12: =SUM(E28,E44) -> 0 | F12: =SUM(F28,F44) -> 13.5 | G12: =SUM(G28,G44) -> 34.6 | H12: =SUM(H28,H44) -> 0 | I12: =SUM(C12:H12) -> 48.1 | J12: =SUM(J28,J44) -> 0 | K12: =SUM(K28,K44) -> 0 | L12: =SUM(L28,L44) -> 0 | M12: =SUM(M28,M44) -> 0 | N12: =SUM(N28,N44) -> 0 | O12: =SUM(O28,O44) -> 0 | P12: =SUM(J12:O12) -> 0 | Q12: =SUM(I12,P12) -> 48.1 | S12: =SUM(K12:M12) -> 0 | T12: =SUM(C12:H12,J12:K12) -> 48.1 | U12: =T12-S12 -> 48.1 | V12: 141 | W12: =Q12/V12*100 -> 34.113475
A13: 7 | B13: JOMBANG | C13: =SUM(C29,C45) -> 0 | D13: =SUM(D29,D45) -> 0 | E13: =SUM(E29,E45) -> 19.2 | F13: =SUM(F29,F45) -> 173.1 | G13: =SUM(G29,G45) -> 115.4 | H13: =SUM(H29,H45) -> 0 | I13: =SUM(C13:H13) -> 307.7 | J13: =SUM(J29,J45) -> 0 | K13: =SUM(K29,K45) -> 0 | L13: =SUM(L29,L45) -> 0 | M13: =SUM(M29,M45) -> 0 | N13: =SUM(N29,N45) -> 0 | O13: =SUM(O29,O45) -> 0 | P13: =SUM(J13:O13) -> 0 | Q13: =SUM(I13,P13) -> 307.7 | S13: =SUM(K13:M13) -> 0 | T13: =SUM(C13:H13,J13:K13) -> 307.7 | U13: =T13-S13 -> 307.7 | V13: 701 | W13: =Q13/V13*100 -> 43.894437
A14: 8 | B14: CIBEBER | C14: =SUM(C30,C46) -> 10.6 | D14: =SUM(D30,D46) -> 0 | E14: =SUM(E30,E46) -> 9.6 | F14: =SUM(F30,F46) -> 42.3 | G14: =SUM(G30,G46) -> 19.2 | H14: =SUM(H30,H46) -> 24 | I14: =SUM(C14:H14) -> 105.7 | J14: =SUM(J30,J46) -> 4.8 | K14: =SUM(K30,K46) -> 0 | L14: =SUM(L30,L46) -> 2 | M14: =SUM(M30,M46) -> 0 | N14: =SUM(N30,N46) -> 0 | O14: =SUM(O30,O46) -> 0 | P14: =SUM(J14:O14) -> 6.8 | Q14: =SUM(I14,P14) -> 112.5 | S14: =SUM(K14:M14) -> 2 | T14: =SUM(C14:H14,J14:K14) -> 110.5 | U14: =T14-S14 -> 108.5 | V14: 593 | W14: =Q14/V14*100 -> 18.971332
A15: JUMLAH | C15: =SUM(C7:C14) -> 12.5 | D15: =SUM(D7:D14) -> 1 | E15: =SUM(E7:E14) -> 35.5 | F15: =SUM(F7:F14) -> 755 | G15: =SUM(G7:G14) -> 321.1 | H15: =SUM(H7:H14) -> 86.5 | I15: =SUM(I7:I14) -> 1211.6 | J15: =SUM(J7:J14) -> 26.9 | ... Q15: =SUM(Q7:Q14) -> 1240.5 | S15: =SUM(S7:S14) -> 2 | T15: =SUM(T7:T14) -> 1238.5 | U15: =SUM(U7:U14) -> 1236.5 | W15: =Q15/W16*100 -> 44.734944
K16: =96%*K15 -> 0 | L16: =96%*L15 -> 1.92 | M16: =96%*M15 -> 0 | W16: 2773
A17: REALISASI TANAM PADI SAWAH OKTOBER 2019 S/D MARET 2020 DAN APRIL S/D SEPTEMBER 2020 | S17: =Q15/'[1]TANAM 2019'!$Q$17*100 -> 55.528201
A18: KOTA CILEGON | W18: =4/173*100 -> 2.3121387
Q19: (Ha) | S19: =142.8/641*100 -> 22.277691
A20: No | B20: Kecamatan | C20: 2019/2020 | I20: Okt-Mar | J20: 2020 | P20: Apr-Sep | Q20: Jumlah
C21: Okt | D21: Nov | E21: Des | F21: Jan | G21: Peb | H21: Mar | J21: April | K21: Mei | L21: Juni | M21: Juli | N21: Agust | O21: Sep | T21: 1564 | U21: =T21-I15 -> 352.4
A22: 1 | B22: 2 | C22: 3 | D22: 4 | E22: 5 | F22: 6 | G22: 7 | H22: 8 | I22: 9 | J22: 10 | K22: 11 | L22: 12 | M22: 13 | N22: 14 | O22: 15 | P22: 16 | Q22: 17
A23: 1 | B23: CIWANDAN | C23: 0 | D23: 0 | E23: 0 | F23: 67.3 | G23: 72.1 | H23: 62.5 | I23: =SUM(C23:H23) -> 201.9 | J23: 14.4 | P23: =SUM(J23:O23) -> 14.4 | Q23: =SUM(I23,P23) -> 216.3
A24: 2 | B24: CITANGKIL | C24: 1.9 | D24: 1 | E24: 4.8 | F24: 103.9 | G24: 79.8 | H24: 0 | I24: =SUM(C24:H24) -> 191.4 | J24: 4.8 | P24: =SUM(J24:O24) -> 4.8 | Q24: =SUM(I24,P24) -> 196.2
A25: 3 | B25: PULOMERAK | C25: 0 | D25: 0 | E25: 0 | F25: 24 | G25: 0 | H25: 0 | I25: =SUM(C25:H25) -> 24 | J25: 0 | P25: =SUM(J25:O25) -> 0 | Q25: =SUM(I25,P25) -> 24
A26: 4 | B26: PURWAKARTA | C26: 0 | D26: 0 | E26: 1.9 | F26: 175.1 | G26: 0 | H26: 0 | I26: =SUM(C26:H26) -> 177 | J26: 2.9 | P26: =SUM(J26:O26) -> 2.9 | Q26: =SUM(I26,P26) -> 179.9
A27: 5 | B27: GROGOL | C27: 0 | D27: 0 | E27: 0 | F27: 155.8 | G27: 0 | H27: 0 | I27: =SUM(C27:H27) -> 155.8 | J27: 0 | P27: =SUM(J27:O27) -> 0 | Q27: =SUM(I27,P27) -> 155.8
A28: 6 | B28: CILEGON | C28: 0 | D28: 0 | E28: 0 | F28: 13.5 | G28: 34.6 | H28: 0 | I28: =SUM(C28:H28) -> 48.1 | J28: 0 | P28: =SUM(J28:O28) -> 0 | Q28: =SUM(I28,P28) -> 48.1
A29: 7 | B29: JOMBANG | C29: 0 | D29: 0 | E29: 19.2 | F29: 173.1 | G29: 115.4 | H29: 0 | I29: =SUM(C29:H29) -> 307.7 | J29: 0 | P29: =SUM(J29:O29) -> 0 | Q29: =SUM(I29,P29) -> 307.7
A30: 8 | B30: CIBEBER | C30: 10.6 | D30: 0 | E30: 9.6 | F30: 42.3 | G30: 19.2 | H30: 24 | I30: =SUM(C30:H30) -> 105.7 | J30: 4.8 | P30: =SUM(J30:O30) -> 4.8 | Q30: =SUM(I30,P30) -> 110.5
A31: JUMLAH | C31: =SUM(C23:C30) -> 12.5 | D31: =SUM(D23:D30) -> 1 | E31: =SUM(E23:E30) -> 35.5 | F31: =SUM(F23:F30) -> 755 | G31: =SUM(G23:G30) -> 321.1 | H31: =SUM(H23:H30) -> 86.5 | I31: =SUM(I23:I30) -> 1211.6 | J31: =SUM(J23:J30) -> 26.9 | ... Q31: =SUM(Q23:Q30) -> 1238.5
A33: REALISASI TANAM PADI LADANG OKTOBER 2018 S/D MARET 2019 DAN APRIL S/D SEPTEMBER 2019
A34: KOTA CILEGON
Q35: (Ha)
A36: No | B36: Kecamatan | C36: 2019/2020 | I36: Okt-Mar | J36: 2020 | P36: Apr-Sep | Q36: Jumlah
C37: Okt | D37: Nov | E37: Des | F37: Jan | G37: Peb | H37: Mar | J37: April | K37: Mei | L37: Juni | M37: Juli | N37: Agust | O37: Sep
A38: 1 | B38: 2 | C38: 3 | D38: 4 | E38: 5 | F38: 6 | G38: 7 | H38: 8 | I38: 9 | J38: 10 | K38: 11 | L38: 12 | M38: 13 | N38: 14 | O38: 15 | P38: 16 | Q38: 17
A39: 1 | B39: CIWANDAN | C39: 0 | D39: 0 | E39: 0 | F39: ='padi ladang'!C9 -> 0 | G39: ='padi ladang'!D9 -> 0 | H39: ='padi ladang'!E9 -> 0 | I39: =SUM(C39:H39) -> 0 | J39: ='padi ladang'!F9 -> 0 | K39: ='padi ladang'!G9 -> 0 | L39: ='padi ladang'!H9 -> 0 | M39: ='padi ladang'!I9 -> 0 | N39: ='padi ladang'!J9 -> 0 | O39: ='padi ladang'!K9 -> 0 | P39: =SUM(J39:O39) -> 0 | Q39: =SUM(I39,P39) -> 0
A40: 2 | B40: CITANGKIL | C40: 0 | D40: 0 | E40: 0 | F40: ='padi ladang'!C10 -> 0 | G40: ='padi ladang'!D10 -> 0 | H40: ='padi ladang'!E10 -> 0 | I40: =SUM(C40:H40) -> 0 | J40: ='padi ladang'!F10 -> 0 | K40: ='padi ladang'!G10 -> 0 | L40: ='padi ladang'!H10 -> 0 | M40: ='padi ladang'!I10 -> 0 | N40: ='padi ladang'!J10 -> 0 | O40: ='padi ladang'!K10 -> 0 | P40: =SUM(J40:O40) -> 0 | Q40: =SUM(I40,P40) -> 0
A41: 3 | B41: PULOMERAK | C41: 0 | D41: 0 | E41: 0 | F41: 0 | G41: ='padi ladang'!D11 -> 0 | H41: ='padi ladang'!E11 -> 0 | I41: =SUM(C41:H41) -> 0 | J41: ='padi ladang'!F11 -> 0 | K41: ='padi ladang'!G11 -> 0 | L41: ='padi ladang'!H11 -> 0 | M41: ='padi ladang'!I11 -> 0 | N41: ='padi ladang'!J11 -> 0 | O41: ='padi ladang'!K11 -> 0 | P41: =SUM(J41:O41) -> 0 | Q41: =SUM(I41,P41) -> 0
A42: 4 | B42: PURWAKARTA | C42: 0 | D42: 0 | E42: 0 | F42: ='padi ladang'!C12 -> 0 | G42: ='padi ladang'!D12 -> 0 | H42: ='padi ladang'!E12 -> 0 | I42: =SUM(C42:H42) -> 0 | J42: ='padi ladang'!F12 -> 0 | K42: ='padi ladang'!G12 -> 0 | L42: ='padi ladang'!H12 -> 0 | M42: ='padi ladang'!I12 -> 0 | N42: ='padi ladang'!J12 -> 0 | O42: ='padi ladang'!K12 -> 0 | P42: =SUM(J42:O42) -> 0 | Q42: =SUM(I42,P42) -> 0
A43: 5 | B43: GROGOL | C43: 0 | D43: 0 | E43: 0 | F43: ='padi ladang'!C13 -> 0 | G43: ='padi ladang'!D13 -> 0 | H43: ='padi ladang'!E13 -> 0 | I43: =SUM(C43:H43) -> 0 | J43: ='padi ladang'!F13 -> 0 | K43: ='padi ladang'!G13 -> 0 | L43: ='padi ladang'!H13 -> 0 | M43: ='padi ladang'!I13 -> 0 | N43: ='padi ladang'!J13 -> 0 | O43: ='padi ladang'!K13 -> 0 | P43: =SUM(J43:O43) -> 0 | Q43: =SUM(I43,P43) -> 0
A44: 6 | B44: CILEGON | C44: 0 | D44: 0 | E44: 0 | F44: ='padi ladang'!C14 -> 0 | G44: ='padi ladang'!D14 -> 0 | H44: ='padi ladang'!E14 -> 0 | I44: =SUM(C44:H44) -> 0 | J44: ='padi ladang'!F14 -> 0 | K44: ='padi ladang'!G14 -> 0 | L44: ='padi ladang'!H14 -> 0 | M44: ='padi ladang'!I14 -> 0 | N44: ='padi ladang'!J14 -> 0 | O44: ='padi ladang'!K14 -> 0 | P44: =SUM(J44:O44) -> 0 | Q44: =SUM(I44,P44) -> 0
A45: 7 | B45: JOMBANG | C45: 0 | D45: 0 | E45: 0 | F45: ='padi ladang'!C15 -> 0 | G45: ='padi ladang'!D15 -> 0 | H45: ='padi ladang'!E15 -> 0 | I45: =SUM(C45:H45) -> 0 | J45: ='padi ladang'!F15 -> 0 | K45: ='padi ladang'!G15 -> 0 | L45: ='padi ladang'!H15 -> 0 | M45: ='padi ladang'!I15 -> 0 | N45: ='padi ladang'!J15 -> 0 | O45: ='padi ladang'!K15 -> 0 | P45: =SUM(J45:O45) -> 0 | Q45: =SUM(I45,P45) -> 0
A46: 8 | B46: CIBEBER | C46: 0 | D46: 0 | E46: 0 | F46: ='padi ladang'!C16 -> 0 | G46: ='padi ladang'!D16 -> 0 | H46: ='padi ladang'!E16 -> 0 | I46: =SUM(C46:H46) -> 0 | J46: ='padi ladang'!F16 -> 0 | K46: ='padi ladang'!G16 -> 0 | L46: ='padi ladang'!H16 -> 2 | M46: ='padi ladang'!I16 -> 0 | N46: ='padi ladang'!J16 -> 0 | O46: ='padi ladang'!K16 -> 0 | P46: =SUM(J46:O46) -> 2 | Q46: =SUM(I46,P46) -> 2
A47: JUMLAH | C47: =SUM(C39:C46) -> 0 | D47: =SUM(D39:D46) -> 0 | E47: =SUM(E39:E46) -> 0 | F47: =SUM(F39:F46) -> 0 | G47: =SUM(G39:G46) -> 0 | H47: =SUM(H39:H46) -> 0 | I47: =SUM(I39:I46) -> 0 | J47: =SUM(J39:J46) -> 0 | ... Q47: =SUM(Q39:Q46) -> 2
A49: REALISASI TANAM JAGUNG OKTOBER 2019 S/D MARET 2020 DAN APRIL S/D SEPTEMBER 2020
A50: KOTA CILEGON
Q51: (Ha)
A52: No | B52: Kecamatan | C52: 2019/2020 | I52: Okt-Mar | J52: 2020 | P52: Apr-Sep | Q52: Jumlah
C53: Okt | D53: Nov | E53: Des | F53: Jan | G53: Peb | H53: Mar | J53: April | K53: Mei | L53: Juni | M53: Juli | N53: Agust | O53: Sep
A54: 1 | B54: 2 | C54: 3 | D54: 4 | E54: 5 | F54: 6 | G54: 7 | H54: 8 | I54: 9 | J54: 10 | K54: 11 | L54: 12 | M54: 13 | N54: 14 | O54: 15 | P54: 16 | Q54: 17
A55: 1 | B55: CIWANDAN | C55: =jagung!L9 -> 1 | D55: =jagung!M9 -> 0 | E55: =jagung!N9 -> 0 | I55: =SUM(C55:H55) -> 1 | P55: =SUM(J55:O55) -> 0 | Q55: =SUM(I55,P55) -> 1
A56: 2 | B56: CITANGKIL | C56: =jagung!L10 -> 1 | D56: =jagung!M10 -> 0 | E56: =jagung!N10 -> 1 | I56: =SUM(C56:H56) -> 2 | P56: =SUM(J56:O56) -> 0 | Q56: =SUM(I56,P56) -> 2
A57: 3 | B57: PULOMERAK | C57: =jagung!L11 -> 0 | D57: =jagung!M11 -> 0 | E57: =jagung!N11 -> 0 | I57: =SUM(C57:H57) -> 0 | P57: =SUM(J57:O57) -> 0 | Q57: =SUM(I57,P57) -> 0
A58: 4 | B58: PURWAKARTA | C58: =jagung!L12 -> 0 | D58: =jagung!M12 -> 0 | E58: =jagung!N12 -> 0 | I58: =SUM(C58:H58) -> 0 | P58: =SUM(J58:O58) -> 0 | Q58: =SUM(I58,P58) -> 0
A59: 5 | B59: GROGOL | C59: =jagung!L13 -> 0 | D59: =jagung!M13 -> 0 | E59: =jagung!N13 -> 0 | I59: =SUM(C59:H59) -> 0 | P59: =SUM(J59:O59) -> 0 | Q59: =SUM(I59,P59) -> 0
A60: 6 | B60: CILEGON | C60: =jagung!L14 -> 0 | D60: =jagung!M14 -> 0 | E60: =jagung!N14 -> 0.5 | I60: =SUM(C60:H60) -> 0.5 | P60: =SUM(J60:O60) -> 0 | Q60: =SUM(I60,P60) -> 0.5
A61: 7 | B61: JOMBANG | C61: =jagung!L15 -> 0 | D61: =jagung!M15 -> 1 | E61: =jagung!N15 -> 0 | I61: =SUM(C61:H61) -> 1 | P61: =SUM(J61:O61) -> 0 | Q61: =SUM(I61,P61) -> 1
A62: 8 | B62: CIBEBER | C62: =jagung!L16 -> 0 | D62: =jagung!M16 -> 2 | E62: =jagung!N16 -> 0 | I62: =SUM(C62:H62) -> 2 | P62: =SUM(J62:O62) -> 0 | Q62: =SUM(I62,P62) -> 2
A63: JUMLAH | C63: =SUM(C55:C62) -> 2 | D63: =SUM(D55:D62) -> 3 | E63: =SUM(E55:E62) -> 1.5 | F63: =SUM(F55:F62) -> 0 | G63: =SUM(G55:G62) -> 0 | H63: =SUM(H55:H62) -> 0 | I63: =SUM(I55:I62) -> 6.5 | J63: =SUM(J55:J62) -> 0 | ... Q63: =SUM(Q55:Q62) -> 6.5
A65: REALISASI TANAM KEDELAI OKTOBER 2018 S/D MARET 2019 DAN APRIL S/D SEPTEMBER 2019
A66: KOTA CILEGON
Q67: (Ha)
A68: No | B68: Kecamatan | C68: 2018 S/D 2019 | I68: Okt-Mar | J68: 2019 | P68: Apr-Sep | Q68: Jumlah
C69: Okt | D69: Nov | E69: Des | F69: Jan | G69: Peb | H69: Mar | J69: April | K69: Mei | L69: Juni | M69: Juli | N69: Agust | O69: Sep
A70: 1 | B70: 2 | C70: 3 | D70: 4 | E70: 5 | F70: 6 | G70: 7 | H70: 8 | I70: 9 | J70: 10 | K70: 11 | L70: 12 | M70: 13 | N70: 14 | O70: 15 | P70: 16 | Q70: 17
A71: 1 | B71: CIWANDAN | C71: 0 | D71: 0 | E71: 0 | F71: =kedelai!C9 -> 0 | G71: =kedelai!D9 -> 0 | H71: =kedelai!E9 -> 0 | I71: =SUM(C71:H71) -> 0 | J71: 0 | K71: 0 | L71: 0 | M71: =kedelai!J9 -> 0 | N71: =kedelai!K9 -> 0 | O71: =kedelai!L9 -> 0 | P71: =SUM(J71:O71) -> 0 | Q71: =SUM(I71,P71) -> 0
A72: 2 | B72: CITANGKIL | C72: 0 | D72: 0 | E72: 0 | F72: =kedelai!C10 -> 0 | G72: =kedelai!D10 -> 0 | H72: =kedelai!E10 -> 0 | I72: =SUM(C72:H72) -> 0 | J72: 0 | K72: 0 | L72: 0 | M72: =kedelai!J10 -> 0 | N72: =kedelai!K10 -> 0 | O72: =kedelai!L10 -> 0 | P72: =SUM(J72:O72) -> 0 | Q72: =SUM(I72,P72) -> 0
A73: 3 | B73: PULOMERAK | C73: 0 | D73: 0 | E73: 0 | F73: =kedelai!C11 -> 0 | G73: =kedelai!D11 -> 0 | H73: =kedelai!E11 -> 0 | I73: =SUM(C73:H73) -> 0 | J73: 0 | K73: 0 | L73: 0 | M73: =kedelai!J11 -> 0 | N73: =kedelai!K11 -> 0 | O73: =kedelai!L11 -> 0 | P73: =SUM(J73:O73) -> 0 | Q73: =SUM(I73,P73) -> 0
A74: 4 | B74: PURWAKARTA | C74: 1 | D74: 0 | E74: 0 | F74: =kedelai!C12 -> 0 | G74: =kedelai!D12 -> 0 | H74: =kedelai!E12 -> 0 | I74: =SUM(C74:H74) -> 1 | J74: 0 | K74: 0 | L74: 0 | M74: =kedelai!J12 -> 0 | N74: =kedelai!K12 -> 0 | O74: =kedelai!L12 -> 0 | P74: =SUM(J74:O74) -> 0 | Q74: =SUM(I74,P74) -> 1
A75: 5 | B75: GROGOL | C75: 0 | D75: 0 | E75: 0 | F75: =kedelai!C13 -> 0 | G75: =kedelai!D13 -> 0 | H75: =kedelai!E13 -> 0 | I75: =SUM(C75:H75) -> 0 | J75: 0 | K75: 0 | L75: 0 | M75: =kedelai!J13 -> 0 | N75: =kedelai!K13 -> 0 | O75: =kedelai!L13 -> 0 | P75: =SUM(J75:O75) -> 0 | Q75: =SUM(I75,P75) -> 0
A76: 6 | B76: CILEGON | C76: 0 | D76: 0 | E76: 0 | F76: =kedelai!C14 -> 0 | G76: =kedelai!D14 -> 0 | H76: =kedelai!E14 -> 0 | I76: =SUM(C76:H76) -> 0 | J76: 0 | K76: 0 | L76: 0 | M76: =kedelai!J14 -> 0 | N76: =kedelai!K14 -> 0 | O76: =kedelai!L14 -> 0 | P76: =SUM(J76:O76) -> 0 | Q76: =SUM(I76,P76) -> 0
A77: 7 | B77: JOMBANG | C77: 0 | D77: 0 | E77: 0 | F77: =kedelai!C15 -> 0 | G77: =kedelai!D15 -> 0 | H77: =kedelai!E15 -> 0 | I77: =SUM(C77:H77) -> 0 | J77: 0 | K77: 0 | L77: 0 | M77: =kedelai!J15 -> 0 | N77: =kedelai!K15 -> 0 | O77: =kedelai!L15 -> 0 | P77: =SUM(J77:O77) -> 0 | Q77: =SUM(I77,P77) -> 0
A78: 8 | B78: CIBEBER | C78: 0 | D78: 0 | E78: 0 | F78: =kedelai!C16 -> 0 | G78: =kedelai!D16 -> 0 | H78: =kedelai!E16 -> 0 | I78: =SUM(C78:H78) -> 0 | J78: 0 | K78: 0 | L78: 0 | M78: =kedelai!J16 -> 0 | N78: =kedelai!K16 -> 0 | O78: =kedelai!L16 -> 0 | P78: =SUM(J78:O78) -> 0 | Q78: =SUM(I78,P78) -> 0
A79: JUMLAH | C79: =SUM(C71:C78) -> 1 | D79: =SUM(D71:D78) -> 0 | E79: =SUM(E71:E78) -> 0 | F79: =SUM(F71:F78) -> 0 | G79: =SUM(G71:G78) -> 0 | H79: =SUM(H71:H78) -> 0 | I79: =SUM(I71:I78) -> 1 | J79: =SUM(J71:J78) -> 0 | ... Q79: =SUM(Q71:Q78) -> 1
A81: REALISASI TANAM KACANG TANAH OKTOBER 2018 S/D MARET 2019 DAN APRIL S/D SEPTEMBER 2019
A82: KOTA CILEGON
Q83: (Ha)
A84: No | B84: Kecamatan | C84: 2018 S/D 2019 | I84: Okt-Mar | J84: 2019 | P84: Apr-Sep | Q84: Jumlah
C85: Okt | D85: Nov | E85: Des | F85: Jan | G85: Peb | H85: Mar | J85: April | K85: Mei | L85: Juni | M85: Juli | N85: Agust | O85: Sep
A86: 1 | B86: 2 | C86: 3 | D86: 4 | E86: 5 | F86: 6 | G86: 7 | H86: 8 | I86: 9 | J86: 10 | K86: 11 | L86: 12 | M86: 13 | N86: 14 | O86: 15 | P86: 16 | Q86: 17
A87: 1 | B87: CIWANDAN | C87: 0 | D87: 30 | E87: 20 | F87: ='kc tanah'!C9 -> 60 | G87: ='kc tanah'!D9 -> 40 | H87: ='kc tanah'!E9 -> 0 | I87: =SUM(C87:H87) -> 150 | J87: ='kc tanah'!F9 -> 0 | K87: ='kc tanah'!G9 -> 0 | L87: ='kc tanah'!H9 -> 0 | M87: ='kc tanah'!I9 -> 0 | N87: ='kc tanah'!J9 -> 0 | O87: ='kc tanah'!K9 -> 0 | P87: =SUM(J87:O87) -> 0 | Q87: =SUM(I87,P87) -> 150
A88: 2 | B88: CITANGKIL | C88: 0 | D88: 15 | E88: 166 | F88: ='kc tanah'!C10 -> 45 | G88: ='kc tanah'!D10 -> 0 | H88: ='kc tanah'!E10 -> 110 | I88: =SUM(C88:H88) -> 336 | J88: ='kc tanah'!F10 -> 35 | K88: ='kc tanah'!G10 -> 0 | L88: ='kc tanah'!H10 -> 0 | M88: ='kc tanah'!I10 -> 0 | N88: ='kc tanah'!J10 -> 0 | O88: ='kc tanah'!K10 -> 0 | P88: =SUM(J88:O88) -> 35 | Q88: =SUM(I88,P88) -> 371
A89: 3 | B89: PULOMERAK | C89: 0 | D89: 50 | E89: 200 | F89: ='kc tanah'!C11 -> 80 | G89: ='kc tanah'!D11 -> 0 | H89: ='kc tanah'!E11 -> 0 | I89: =SUM(C89:H89) -> 330 | J89: ='kc tanah'!F11 -> 120 | K89: ='kc tanah'!G11 -> 0 | L89: ='kc tanah'!H11 -> 0 | M89: ='kc tanah'!I11 -> 80 | N89: ='kc tanah'!J11 -> 0 | O89: ='kc tanah'!K11 -> 0 | P89: =SUM(J89:O89) -> 200 | Q89: =SUM(I89,P89) -> 530
A90: 4 | B90: PURWAKARTA | C90: 0 | D90: 40 | E90: 0 | F90: ='kc tanah'!C12 -> 15 | G90: ='kc tanah'!D12 -> 0 | H90: ='kc tanah'!E12 -> 18 | I90: =SUM(C90:H90) -> 73 | J90: ='kc tanah'!F12 -> 10 | K90: ='kc tanah'!G12 -> 0 | L90: ='kc tanah'!H12 -> 25 | M90: ='kc tanah'!I12 -> 15 | N90: ='kc tanah'!J12 -> 5 | O90: ='kc tanah'!K12 -> 11 | P90: =SUM(J90:O90) -> 66 | Q90: =SUM(I90,P90) -> 139
A91: 5 | B91: GROGOL | C91: 0 | D91: 20 | E91: 258 | F91: ='kc tanah'!C13 -> 0 | G91: ='kc tanah'!D13 -> 0 | H91: ='kc tanah'!E13 -> 0 | I91: =SUM(C91:H91) -> 278 | J91: ='kc tanah'!F13 -> 62 | K91: ='kc tanah'!G13 -> 0 | L91: ='kc tanah'!H13 -> 0 | M91: ='kc tanah'!I13 -> 0 | N91: ='kc tanah'!J13 -> 0 | O91: ='kc tanah'!K13 -> 0 | P91: =SUM(J91:O91) -> 62 | Q91: =SUM(I91,P91) -> 340
A92: 6 | B92: CILEGON | C92: 1 | D92: 43 | E92: 17 | F92: ='kc tanah'!C14 -> 25 | G92: ='kc tanah'!D14 -> 0 | H92: ='kc tanah'!E14 -> 40 | I92: =SUM(C92:H92) -> 126 | J92: ='kc tanah'!F14 -> 25 | K92: ='kc tanah'!G14 -> 0 | L92: ='kc tanah'!H14 -> 0 | M92: ='kc tanah'!I14 -> 2 | N92: ='kc tanah'!J14 -> 0 | O92: ='kc tanah'!K14 -> 0 | P92: =SUM(J92:O92) -> 27 | Q92: =SUM(I92,P92) -> 153
A93: 7 | B93: JOMBANG | C93: 0 | D93: 0 | E93: 1 | F93: ='kc tanah'!C15 -> 0 | G93: ='kc tanah'!D15 -> 0 | H93: ='kc tanah'!E15 -> 0 | I93: =SUM(C93:H93) -> 1 | J93: ='kc tanah'!F15 -> 1 | K93: ='kc tanah'!G15 -> 0 | L93: ='kc tanah'!H15 -> 0 | M93: ='kc tanah'!I15 -> 0 | N93: ='kc tanah'!J15 -> 0 | O93: ='kc tanah'!K15 -> 0 | P93: =SUM(J93:O93) -> 1 | Q93: =SUM(I93,P93) -> 2
A94: 8 | B94: CIBEBER | C94: 2 | D94: 110 | E94: 37 | F94: ='kc tanah'!C16 -> 10 | G94: ='kc tanah'!D16 -> 0 | H94: ='kc tanah'!E16 -> 25 | I94: =SUM(C94:H94) -> 184 | J94: ='kc tanah'!F16 -> 120 | K94: ='kc tanah'!G16 -> 0 | L94: ='kc tanah'!H16 -> 0 | M94: ='kc tanah'!I16 -> 0 | N94: ='kc tanah'!J16 -> 0 | O94: ='kc tanah'!K16 -> 0 | P94: =SUM(J94:O94) -> 120 | Q94: =SUM(I94,P94) -> 304
A95: JUMLAH | C95: =SUM(C87:C94) -> 3 | D95: =SUM(D87:D94) -> 308 | E95: =SUM(E87:E94) -> 699 | F95: =SUM(F87:F94) -> 235 | G95: =SUM(G87:G94) -> 40 | H95: =SUM(H87:H94) -> 193 | I95: =SUM(I87:I94) -> 1478 | J95: =SUM(J87:J94) -> 373 | ... Q95: =SUM(Q87:Q94) -> 1989
A97: REALISASI TANAM UBI KAYU OKTOBER 2018 S/D MARET 2019 DAN APRIL S/D SEPTEMBER 2019
A98: KOTA CILEGON
Q99: (Ha)
A100: No | B100: Kecamatan | C100: 2018 S/D 2019 | I100: Okt-Mar | J100: 2019 | P100: Apr-Sep | Q100: Jumlah
C101: Okt | D101: Nov | E101: Des | F101: Jan | G101: Peb | H101: Mar | J101: April | K101: Mei | L101: Juni | M101: Juli | N101: Agust | O101: Sep
A102: 1 | B102: 2 | C102: 3 | D102: 4 | E102: 5 | F102: 6 | G102: 7 | H102: 8 | I102: 9 | J102: 10 | K102: 11 | L102: 12 | M102: 13 | N102: 14 | O102: 15 | P102: 16 | Q102: 17
A103: 1 | B103: CIWANDAN | C103: 0 | D103: 0 | E103: 10 | F103: ='ubi kayu'!C9 -> 6 | G103: ='ubi kayu'!D9 -> 3 | H103: ='ubi kayu'!E9 -> 0 | I103: =SUM(C103:H103) -> 19 | J103: ='ubi kayu'!F9 -> 0 | K103: ='ubi kayu'!G9 -> 0 | L103: ='ubi kayu'!H9 -> 2 | M103: ='ubi kayu'!I9 -> 0 | N103: ='ubi kayu'!J9 -> 0 | O103: ='ubi kayu'!K9 -> 0 | P103: =SUM(J103:O103) -> 2 | Q103: =SUM(I103,P103) -> 21
A104: 2 | B104: CITANGKIL | C104: 0 | D104: 0 | E104: 1 | F104: ='ubi kayu'!C10 -> 1 | G104: ='ubi kayu'!D10 -> 1 | H104: ='ubi kayu'!E10 -> 0 | I104: =SUM(C104:H104) -> 3 | J104: ='ubi kayu'!F10 -> 1 | K104: ='ubi kayu'!G10 -> 0 | L104: ='ubi kayu'!H10 -> 0 | M104: ='ubi kayu'!I10 -> 0 | N104: ='ubi kayu'!J10 -> 0 | O104: ='ubi kayu'!K10 -> 0 | P104: =SUM(J104:O104) -> 1 | Q104: =SUM(I104,P104) -> 4
A105: 3 | B105: PULOMERAK | C105: 0 | D105: 2 | E105: 5 | F105: ='ubi kayu'!C11 -> 15 | G105: ='ubi kayu'!D11 -> 20 | H105: ='ubi kayu'!E11 -> 0 | I105: =SUM(C105:H105) -> 42 | J105: ='ubi kayu'!F11 -> 10 | K105: ='ubi kayu'!G11 -> 0 | L105: ='ubi kayu'!H11 -> 10 | M105: ='ubi kayu'!I11 -> 0 | N105: ='ubi kayu'!J11 -> 0 | O105: ='ubi kayu'!K11 -> 0 | P105: =SUM(J105:O105) -> 20 | Q105: =SUM(I105,P105) -> 62
...
